{"sum_size_of_clusters": 850, "all_cluster_sizes": [4, 5, 4, 4, 3, 3, 3, 3, 3, 3, 4, 3, 3, 4, 3, 3, 3, 4, 4, 3, 3, 3, 3, 3, 3, 3, 3, 3, 3, 3, 4, 3, 5, 5, 3, 3, 3, 3, 3, 3, 3, 3, 3, 3, 3, 3, 3, 3, 3, 3, 3, 3, 3, 3, 3, 3, 3, 3, 3, 3, 3, 3, 4, 3, 3, 3, 3, 3, 3, 3, 3, 3, 3, 3, 3, 3, 3, 3, 3, 3, 3, 3, 3, 3, 3, 3, 3, 3, 3, 3, 3, 3, 3, 3, 3, 3, 4, 3, 3, 4, 4, 3, 3, 3, 3, 4, 4, 4, 3, 3, 3, 4, 3, 3, 3, 3, 3, 3, 3, 3, 3, 3, 3, 4, 3, 4, 3, 3, 3, 3, 4, 3, 3, 3, 4, 3, 3, 3, 3, 3, 4, 4, 3, 3, 3, 4, 3, 3, 4, 4, 4, 3, 3, 3, 4, 3, 3, 3, 3, 5, 4, 4, 3, 3, 3, 3, 4, 3, 3, 4, 5, 3, 3, 3, 3, 3, 3, 3, 3, 3, 3, 3, 4, 3, 3, 4, 3, 3, 3, 4, 3, 3, 6, 3, 3, 3, 3, 3, 3, 3, 3, 4, 4, 3, 3, 3, 4, 3, 3, 3, 3, 3, 4, 3, 3, 3, 3, 3, 3, 4, 3, 5, 3, 3, 4, 3, 3, 3, 3, 3, 3, 3, 3, 3, 3, 3, 3, 4, 5, 3, 3, 3, 3, 3, 3, 4, 3, 3, 3, 5, 3, 3, 3, 3, 3, 3, 3, 3, 3, 3, 3, 3, 3], "cluster_size_std_dev": 0.5126331926220965, "avg_cluster_size": 3.2319391634980987, "total_nr_of_clusters": 263, "sum_pos_deviation": 44.12850640634776, "all_pos_deviations": [0.25459489532315627, 0.24054973308110342, 0.13859461742566329, 0.23240114913112542, 0.13204436240910328, 0.13204436240910328, 0.19931934115974528, 0.1362933355673028, 0.16310673516490024, 0.15829962869375255, 0.2294797604226166, 0.183703125215379, 0.19029158296672455, 0.15136979258406905, 0.19029158296672455, 0.19029158296672455, 0.19029158296672455, 0.2338401613540058, 0.20508146971925123, 0.20350343836042803, 0.16866085848441478, 0.16866085848441478, 0.10261645791447521, 0.20289096956308605, 0.1912676468542777, 0.14456475087407764, 0.14841425803274055, 0.19826245720144586, 0.13177974184978816, 0.17811242712972863, 0.23331576280101926, 0.08236801936742762, 0.18305596738833327, 0.1996317721392697, 0.04680565425610819, 0.14142183242374595, 0.21579209534902036, 0.1172262143185433, 0.19332694912555773, 0.13676200839161912, 0.18575619724821504, 0.18575619724821504, 0.1819285249267146, 0.18265135869026328, 0.1677386125996526, 0.18960844269326907, 0.18960844269326896, 0.14545927593480756, 0.14886028486839928, 0.14757857577944317, 0.14937806137851828, 0.11015805947608469, 0.11015805947608469, 0.1764104619526914, 0.16887934439629526, 0.09701438021240145, 0.19621727373380918, 0.09701438021240237, 0.15849376005060556, 0.07791402969235846, 0.15708559089017463, 0.2021149110298175, 0.17862706247338636, 0.15661431937738787, 0.15881574926115594, 0.13559616838883518, 0.19187510578952138, 0.17758236509237327, 0.17344908840593828, 0.1400111155141635, 0.15916618815578418, 0.17213698977509273, 0.11127408824438041, 0.17237162941349835, 0.12050665623723857, 0.18333769375261266, 0.23348648625673682, 0.11515021113401418, 0.09093566318971992, 0.14225957899841285, 0.12566890837352404, 0.17835719222962818, 0.08247115955016343, 0.1465281585205865, 0.14963701946631836, 0.21597249919153053, 0.10800235647951222, 0.20350045731298813, 0.12274239146310721, 0.19792170803277517, 0.13238622447216156, 0.14914830109885116, 0.13083665562130656, 0.16842206797896683, 0.15607069347972283, 0.21200626865523162, 0.17775777038129206, 0.11707036147655688, 0.17222449233435064, 0.1635062638994056, 0.2811214386516761, 0.1853754513836506, 0.14786158965291837, 0.15974420395828168, 0.12224800539051495, 0.18803282464154739, 0.21253567347186972, 0.21253567347186972, 0.17008008691080012, 0.2442556021419224, 0.1581197354222107, 0.15174739389039857, 0.16331186539907425, 0.16400925677606973, 0.19710109711155188, 0.08303885020324454, 0.1089381941367904, 0.23125687354276567, 0.23125687354276567, 0.1438969375067838, 0.18237919025148697, 0.2062267798438697, 0.17059147037635194, 0.15595706837144876, 0.14771975551378821, 0.19100143726408259, 0.17566281141292553, 0.15033831349358545, 0.15085078592330597, 0.20181838838813962, 0.15919031548114734, 0.15269249692831643, 0.15913687348155628, 0.14272910175263723, 0.2399766157269877, 0.20342971772048477, 0.1339400472412571, 0.18533347712440598, 0.15375680177241954, 0.04405657403442903, 0.24293904360223192, 0.13050411260467845, 0.18214387619435968, 0.090044578321691, 0.10223411170106583, 0.22651890182679538, 0.17925131721395374, 0.1448108901590581, 0.21068871634451372, 0.21068871634451372, 0.18773335280281245, 0.12169723478235513, 0.19299608700190773, 0.14309151223564684, 0.2535400985116573, 0.17961779954427248, 0.14473638244723305, 0.18117648206216885, 0.1453884111532826, 0.24069251427982957, 0.2458698880230922, 0.1744895424615677, 0.1082490984229643, 0.0902386244754335, 0.10631549738067723, 0.15969310652939692, 0.19722614285197212, 0.23115576485664038, 0.1438332911619308, 0.2491405301010068, 0.22277379269444367, 0.17871316944514862, 0.15225519062600915, 0.14563678602905814, 0.19889501597306747, 0.1810792230801189, 0.18378068166085493, 0.138897741254651, 0.23418202808673907, 0.1375717360233514, 0.1375717360233514, 0.1375717360233514, 0.23585984553187392, 0.17457981050143767, 0.19171383715081533, 0.21271574341894206, 0.1696644364808779, 0.23251477966083434, 0.21558359243572803, 0.13132113628097203, 0.23439130711272507, 0.16730704640878372, 0.2146423647893712, 0.14938918394167036, 0.17509952857201994, 0.1545810471627063, 0.2288579166442649, 0.15888647489437466, 0.14606504274707166, 0.16575422521741467, 0.16845611568851515, 0.19118785451299067, 0.2754792904859719, 0.1931452644327245, 0.1830402435958445, 0.07660799917723203, 0.11232403207660978, 0.10839243166111856, 0.13383021965824876, 0.13383021965824876, 0.09119373058135326, 0.14469435999802288, 0.18832098558468482, 0.14531464308286943, 0.19084679856364795, 0.11644072933134363, 0.05286794197025788, 0.23120010069038266, 0.0917612896398775, 0.10452168489094212, 0.1609360770995191, 0.16647858153801143, 0.1735903965254709, 0.1672217614878584, 0.2290968682440329, 0.20486214974177877, 0.1654431635472336, 0.1341682791350028, 0.16077154753631362, 0.23378469470290564, 0.1645426474473331, 0.13073474278123523, 0.17752430926966814, 0.20519044891282892, 0.1218372089976474, 0.1835195373304518, 0.1779972862296586, 0.17758174442318253, 0.2105669341278647, 0.10117271412959315, 0.17619679118156992, 0.18897636167516643, 0.16617897209111884, 0.18897636167516543, 0.15257566172629697, 0.19920578136374592, 0.18591640790030298, 0.18069060099438036, 0.11236705752745245, 0.23758391575860763, 0.20061937211614936, 0.2045409264408401, 0.20061937211614908, 0.09259568955104104, 0.22494130249274977, 0.12754305291361123, 0.11511355239480714, 0.1613196217824026, 0.1613196217824026, 0.09765370697579145, 0.16619196298901925, 0.23881576048813666, 0.19072981684389625], "avg_pos_deviation": 0.16778899774276715, "pos_deviation_std_dev": 0.042752689237758934, "sum_rot_deviation": 236.53375959552466,