{"sum_size_of_clusters": 556, "all_cluster_sizes": [3, 3, 4, 3, 3, 3, 3, 3, 3, 3, 3, 3, 3, 3, 3, 3, 3, 4, 4, 3, 3, 4, 3, 4, 3, 3, 4, 3, 3, 4, 5, 3, 3, 3, 3, 3, 3, 3, 3, 3, 4, 4, 3, 3, 3, 3, 3, 3, 3, 3, 3, 3, 3, 3, 4, 3, 3, 3, 3, 4, 4, 4, 3, 3, 3, 3, 3, 3, 3, 3, 3, 3, 3, 3, 3, 3, 3, 3, 4, 3, 4, 3, 3, 3, 3, 3, 3, 3, 3, 3, 3, 3, 3, 3, 4, 3, 3, 3, 3, 4, 4, 3, 3, 3, 3, 3, 3, 3, 3, 3, 4, 3, 3, 3, 4, 3, 3, 4, 3, 3, 3, 3, 3, 3, 3, 3, 3, 3, 3, 3, 3, 3, 6, 4, 3, 3, 5, 3, 3, 3, 3, 3, 3, 4, 3, 3, 3, 3, 4, 3, 4, 5, 4, 3, 4, 3, 4, 3, 3, 4, 4, 3, 3, 3, 4, 3, 3, 3, 3, 4, 5], "cluster_size_std_dev": 0.5212379749095303, "avg_cluster_size": 3.2514619883040936, "total_nr_of_clusters": 171, "sum_pos_deviation": 28.882367675687586, "all_pos_deviations": [0.220884206357975, 0.14566620959113077, 0.20138562690642073, 0.16193043595686135, 0.14967453444192003, 0.17432953256215944, 0.14376866468316427, 0.22098512340390078, 0.15987661811924456, 0.22359162685690118, 0.16004388956516438, 0.16294499559008252, 0.19301653324583712, 0.14260999654676287, 0.1436676601452862, 0.13307595658919405, 0.06870338741992119, 0.16818976610352673, 0.18347755968879664, 0.11451730037011197, 0.2137280375484728, 0.15906743454480385, 0.19686788257118973, 0.21723061279802733, 0.17559136001282316, 0.14737406296757122, 0.1492497177636193, 0.16730052607662868, 0.11899234028500684, 0.19950829729556632, 0.23506442634181432, 0.21329163928085956, 0.17856164285872408, 0.19767221615027483, 0.0678735836307864, 0.1741178261881703, 0.14118001350634354, 0.07336170407728969, 0.10311526464565735, 0.11619069592090601, 0.22904290265662033, 0.24654144884953352, 0.18606973602035756, 0.21886315907803452, 0.07542562609324739, 0.1962258645253039, 0.10802762655264513, 0.0913059379608458, 0.1327000173550209, 0.10947541253374428, 0.072090392997668, 0.08797581573126702, 0.20536317470548093, 0.1640389779546615, 0.11514035528793122, 0.20120400086224557, 0.21829824105050602, 0.1655799715988717, 0.07974533373084854, 0.17026097354645717, 0.06381533647440829, 0.23365822077348777, 0.08631145961990505, 0.1269904879167447, 0.105760200273207, 0.17158244751522211, 0.1268564427846406, 0.1741910700509023, 0.2012154418898433, 0.22285286331591547, 0.19724523105855582, 0.2104182034469679, 0.1237394240102438, 0.21267969495544595, 0.1607712020895866, 0.19765099949632003, 0.09170016348614525, 0.2327445700277215, 0.22757609947385984, 0.21359845471217787, 0.20273241572114029, 0.06458687269632317, 0.14964914387853231, 0.15679770307866636, 0.10236724010462772, 0.20165564721734927, 0.08617515457141306, 0.10804895713867908, 0.2019174014977169, 0.2001608584801983, 0.22243709453278093, 0.21664642178289661, 0.17505192329213948, 0.20626468576327772, 0.15955134405539684, 0.08785249986431255, 0.18035194941248747, 0.21385013688819823, 0.16691121584444787, 0.14834412385047932, 0.23361429019224167, 0.19668096040996594, 0.2053178614825826, 0.11706559722828964, 0.2118976759608808, 0.17731723838163793, 0.16455594691513298, 0.10880695538982654, 0.15629028146675786, 0.05147003883036199, 0.19704926033269454, 0.1533124193611746, 0.19576720226767705, 0.24058206612207908, 0.21379965797262565, 0.18731858746728458, 0.1584067163708258, 0.2002706878259728, 0.20721995324228557, 0.11370175065309136, 0.1206829494015375, 0.183196705401944, 0.17673102795517245, 0.16283981421736124, 0.08562788232946288, 0.19781472440452466, 0.16454516404098576, 0.15451419161439897, 0.1370555619919673, 0.15560004627450372, 0.21604188099399188, 0.15625744444739756, 0.22528926829550977, 0.19734855524423436, 0.20079375719242162, 0.16755968873022975, 0.23302517926973737, 0.22086927971066328, 0.2367385761078328, 0.10781798313463838, 0.1689588317633738, 0.1412966709232254, 0.14693416796165878, 0.15615907997809578, 0.1076459242104051, 0.15002428271199156, 0.23014345159037142, 0.14920097708805288, 0.23754433650116333, 0.20422727697722218, 0.20095876547819982, 0.23920925895177528, 0.2353736478566353, 0.17694380066169488, 0.23266212142775725, 0.13525774739114008, 0.1896747054860415, 0.229651480235056, 0.12996991652945813, 0.19142684915329589, 0.14593252677474688, 0.18610102871725806, 0.19492558144257732, 0.16151075294897152, 0.25010845401448156, 0.14713367588903878, 0.16848433575070865, 0.183704144529109, 0.15728358278937474, 0.17717311799759594, 0.2421876725826526], "avg_pos_deviation": 0.16890273494554145, "pos_deviation_std_dev": 0.046792605493431866, "sum_rot_deviation": 149.32250513351133, "all_rot_deviations": [0.24814267467505502, 0.9372864674875219, 0.6727352640594955, 1.0922427018504732, 1.046187946665187, 0.8604816633830926, 0.181915332241713, 0.8056624643712506, 0.5105182297019808, 0.18545496218295257, 1.0491002083457268, 0.950866890033249, 0.5761871006991085, 0.864663787308205, 0.5602051873999647, 1.1919679123877793, 0.7306203999723381, 0.6309271813686038, 1.5106364877871743, 0.943613098565789, 0.3973965623168401, 0.8765390396969127, 0.7350706132623448, 0.8814127286642508, 0.8935626926498331, 1.0415546251288899, 1.2572512632171713, 1.2317726622479448, 1.0411945925082142, 1.2845869210759537, 1.3942198152235725, 1.0679342588496301, 0.8550357919718415, 1.291355375048662, 1.1913922976981388, 0.4374938652912744, 0.9888571888441299, 0.6055741318737052, 0.48750144232163084, 1.040127823383175, 1.2460600713370278, 0.8341908493672323, 0.4606816756299963, 0.4328078908410526, 1.228654336223867, 0.909337320126042, 0.5627960674942688, 0.8507041310260548, 0.0292100546176286, 0.9156151108523534, 1.1594998263203753, 0.9317391821685937, 1.2646069534652526, 1.1141335552787195, 1.2200896297119026, 0.9194127940161513, 0.9039485146300259, 0.5439792078828202, 0.8994955747132901, 1.4312469958195404, 1.4568157867573608, 0.912172981514956, 1.0469275438650452, 0.7659303464694546, 0.6520231712198056, 1.1109594920578194, 1.4824989623638862, 1.016386330832539, 0.3585976196771865, 1.0685295072029024, 0.7463286540933883, 1.3659065437978475, 1.0432734110932016, 1.0317097184940531, 1.057706284243179, 0.7417859185190867, 1.0145181293443664, 0.35676486098128235, 0.46696695194911597, 0.8242176087219946, 0.9109319816185826, 0.6060093904129936, 1.004210262356471, 0.6547859482520334, 0.22295567192707555, 0.5283231169103937, 1.1160751712159247, 0.6915894440510905, 0.9245057820030151, 1.4877275945669632, 1.1466042243725048, 0.7877942546161177, 1.3698726307514864, 0.687230736649278, 1.2360407416881967, 1.2934388766077407, 1.2126779547057387, 0.4854916737216726, 1.1027252260742804, 0.8568573679894568, 0.4384309620708674, 1.1758645932301914, 0.9964277439330308, 0.6928616861873218, 0.9609445484291727, 0.3167210701775103, 0.4669832998760448, 0.6566599561803489, 0.8412849586595311, 0.30719367052603985, 1.275215903968621, 0.4833440276423024, 0.5897158358401644, 0.9515102528884348, 0.43045382203317195, 0.7662613772864657, 1.1203295159640028, 1.201983746983846, 0.7680269481790658, 0.8030209190892861, 0.7968660133788639, 1.0339923384374576, 0.3277605682191174, 1.426333541596165, 0.6879991518128102, 1.006449981415295, 0.9641505841849801, 0.5228073159060695, 1.0896894012531064, 0.9907781833990278, 0.9770805157732058, 1.3443278857936534, 0.9978195879590808, 1.4214877408369526, 1.1173474342709442, 1.0903922800310435, 1.5658717472351742, 0.9534661079200383, 0.9708831881360527, 0.3407154794473349, 0.8543715063204145, 0.5085497609454596, 1.065690310308201, 1.3628106016925985, 0.5761178242272964, 0.6203812682890043, 0.37591133005766375, 0.9254902811461844, 1.255905057294644, 0.5471028244184521, 1.1336259353996374, 1.020586898863856, 1.0555804230209573, 0.9045436793008723, 1.1157563776178043, 0.8912816703066754, 0.35943207769402713, 0.1601640991780139, 0.9868774153800643, 0.5528626339940333, 0.8795854998483479, 0.3891595072307273, 0.3508559172051175, 1.0167172698941491, 0.915481218154233, 0.5486560532238939, 1.0471754709259673, 1.2902137213003766, 0.7260940849701175, 0.7030868994026973, 1.0596563627755056], "avg_rot_deviation": 0.8732310241725809, "rot_deviation_std_dev": 0.32516255682460365, "sum_boids_eaten": 427}