{"sum_size_of_clusters": 1337, "all_cluster_sizes": [3, 3, 3, 3, 3, 3, 6, 5, 4, 3, 3, 3, 4, 3, 7, 3, 4, 3, 5, 4, 5, 3, 3, 3, 3, 4, 3, 3, 3, 3, 5, 4, 5, 6, 3, 4, 3, 4, 3, 3, 4, 3, 5, 4, 3, 3, 3, 3, 4, 5, 4, 3, 3, 4, 4, 3, 3, 3, 3, 3, 3, 3, 3, 3, 3, 3, 3, 3, 3, 4, 4, 3, 3, 3, 5, 4, 4, 5, 4, 4, 3, 3, 4, 3, 4, 4, 3, 3, 3, 4, 3, 3, 3, 7, 3, 5, 4, 3, 4, 3, 4, 4, 3, 3, 3, 3, 4, 4, 4, 4, 3, 6, 3, 3, 3, 5, 3, 4, 5, 3, 3, 3, 3, 3, 4, 4, 3, 3, 4, 4, 6, 5, 3, 6, 4, 3, 4, 3, 3, 5, 3, 3, 4, 3, 4, 4, 3, 3, 3, 3, 5, 5, 3, 3, 3, 4, 4, 5, 3, 3, 3, 4, 3, 3, 3, 3, 5, 5, 4, 3, 4, 3, 8, 3, 3, 3, 3, 3, 3, 3, 3, 3, 3, 3, 4, 4, 3, 3, 3, 3, 3, 3, 3, 4, 3, 3, 3, 4, 3, 3, 3, 3, 3, 3, 3, 5, 3, 3, 4, 3, 3, 4, 4, 3, 3, 3, 5, 4, 3, 3, 4, 4, 3, 3, 3, 3, 5, 3, 3, 3, 3, 3, 3, 4, 4, 3, 3, 3, 4, 5, 5, 3, 4, 3, 4, 3, 3, 4, 3, 3, 3, 3, 4, 5, 3, 3, 3, 3, 4, 4, 3, 4, 3, 4, 3, 3, 3, 3, 5, 3, 4, 3, 3, 3, 3, 3, 3, 5, 3, 3, 3, 3, 3, 3, 3, 4, 3, 3, 4, 4, 3, 3, 4, 3, 3, 3, 5, 3, 4, 3, 3, 3, 4, 3, 3, 3, 6, 3, 4, 3, 3, 3, 3, 3, 3, 4, 3, 5, 3, 3, 3, 3, 4, 4, 3, 3, 4, 3, 4, 4, 4, 4, 3, 3, 3, 3, 3, 3, 4, 6, 5, 3, 3, 3, 3, 4, 3, 3, 3, 3, 3, 3, 4, 3, 3, 5, 4, 3, 4, 4, 3, 5, 4, 5, 3, 5, 5, 3, 4, 3, 4, 3, 5, 3, 3, 3, 3, 3, 4], "cluster_size_std_dev": 0.8172400042884934, "avg_cluster_size": 3.5277044854881265, "total_nr_of_clusters": 379, "sum_pos_deviation": 61.85903371077186, "all_pos_deviations": [0.210091352468595, 0.21512903934563818, 0.11340108347737705, 0.24934810616050473, 0.17700644894592635, 0.20510672534809501, 0.11511860455969505, 0.1402608407108625, 0.12346764731523878, 0.10231752618293155, 0.1668423420159578, 0.07723501949917864, 0.22488311877866585, 0.045331535106183714, 0.17725617175217692, 0.15204364647341176, 0.13076675228372212, 0.07028657473711915, 0.18458609153202, 0.2105687622603001, 0.20711412587255915, 0.11113351968507279, 0.14391914111780021, 0.1812772655707121, 0.17205436851502645, 0.2507595073760526, 0.126007264299838, 0.07372404262114797, 0.15376441419657413, 0.17763994678206876, 0.1773689760037122, 0.12614100957044724, 0.1831143821925272, 0.30409088293312514, 0.2061012944490087, 0.14402728746065732, 0.05136709529231822, 0.13627411446014437, 0.17138196939766706, 0.16238142414446996, 0.13573393544971546, 0.061812918195071155, 0.13538921375758828, 0.12510305632974392, 0.09368206375249677, 0.15528153970958028, 0.19597880225136186, 0.06455657108312404, 0.1411238006205446, 0.16753978769715644, 0.1312708938543883, 0.12597663025121655, 0.14910433052414185, 0.17863917523078485, 0.0995876429308139, 0.21325277110361043, 0.21631622302021714, 0.17351360583592015, 0.22106221497409592, 0.12797327215958476, 0.18872445213255737, 0.20919727999431972, 0.06617357398384004, 0.16215425990720592, 0.13700938045005026, 0.13805933925289168, 0.1876688703504016, 0.12697917290666458, 0.2168991573495618, 0.1100034726671606, 0.18914868156712997, 0.18299560613962476, 0.07181490329740094, 0.22082346078775375, 0.1584910714313967, 0.06536330693868679, 0.20790594282462901, 0.1864603265482556, 0.27547921103533174, 0.12105825068028997, 0.15301728400360368, 0.1849550485758011, 0.17653403422818692, 0.22889433006650972, 0.24701280488660662, 0.2185547216241562, 0.17708649996427664, 0.13003715349121553, 0.1509284810269024, 0.21658693317661695, 0.16895830843993473, 0.07375228987422762, 0.1664417674971107, 0.21105186847164603, 0.13230334244957861, 0.16410360814174285, 0.1633450632306682, 0.20987370193733104, 0.17642634338885751, 0.19106458635634235, 0.18876601905802579, 0.13982930704270477, 0.1413941978399176, 0.13148154215149735, 0.18712414502003893, 0.126336143428661, 0.25054232234675544, 0.21987969106262187, 0.24388147110579625, 0.2070839451972164, 0.20745020691163263, 0.20597584708971287, 0.16588472070396312, 0.1652767148186055, 0.15369639511124236, 0.2817754481790272, 0.17726156095623702, 0.17450205085650253, 0.20407857442136415, 0.15904822069655591, 0.15915019010864961, 0.17085224590404705, 0.1338117517379619, 0.1464268122303576, 0.08435744957044715, 0.15955049841447613, 0.15542773079399966, 0.1576147637778102, 0.22069907577670378, 0.21116569197862153, 0.21740729274863704, 0.15243520196755195, 0.16194319245079355, 0.18397733400231236, 0.13365689188316063, 0.22264030456091902, 0.19301965119521913, 0.14691754597046006, 0.19744957654453077, 0.18757655013004304, 0.11169939115433614, 0.20114783668931244, 0.27264031834666663, 0.1070240890924969, 0.20376482394969264, 0.21786137397170377, 0.1226604317943985, 0.08926380145500797, 0.10060828409346166, 0.1422464831818588, 0.13138546780638266, 0.3343549836334155, 0.17538244128185973, 0.1928100541017184, 0.11581264308178506, 0.1447472881704775, 0.15011077488194743, 0.28911948521912445, 0.10506208853992917, 0.15032720260027385, 0.1931502917612141, 0.27563959799462484, 0.09135519877579146, 0.17772631309192, 0.11823608305519621, 0.10403755206333576, 0.14093015271126136, 0.14886565502511995, 0.17136322261983647, 0.0855681686688775, 0.20302101827698826, 0.10409537230309779, 0.26828681587088543, 0.11118240057160812, 0.09501381988538206, 0.16094161119534195, 0.14087077082881572, 0.15094918768374943, 0.11476555751321392, 0.20457963726218475, 0.16267317868882689, 0.11896371320941827, 0.13248918264506673, 0.15036879938919803, 0.13293176404304022, 0.22372835994222806, 0.2416470050551596, 0.11206664873004625, 0.19008422649236145, 0.13216934804798394, 0.15616014786224677, 0.1443429206523049, 0.10651920931701746, 0.19290926423556443, 0.12197812367706597, 0.1191007009377718, 0.21518220963200205, 0.1007994374832057, 0.18810246720006563, 0.1626223249589017, 0.1785645328597978, 0.14700769198900812, 0.07905601148098061, 0.1366910151359523, 0.02139887311308547, 0.21895127062833986, 0.04787838689452597, 0.061856622307665414, 0.10801254994830262, 0.15516316079585554, 0.16973511811144784, 0.12319852819765627, 0.13288826456391442, 0.13578123202631479, 0.1037869409106798, 0.241101238877885, 0.21656046619448546, 0.20043844673933295, 0.14244404813239006, 0.11952401763415917, 0.21120481914896738, 0.18320114434070664, 0.16090177306743725, 0.22908765657999644, 0.16088007998756634, 0.13608115988764516, 0.2743778520819544, 0.21326530769355279, 0.21389943753459736, 0.11445083559126008, 0.24325348360679155, 0.09254269919612586, 0.15087285772054831, 0.1996099909737452, 0.1597041604064081, 0.23612028931050275, 0.20626137715933793, 0.22844303562008675, 0.23818954459684563, 0.14704213231331853, 0.254516956986597, 0.09065865649249899, 0.1785568657981754, 0.09604809831771145, 0.203852638087601, 0.0565715990903597, 0.13039774321926761, 0.17070270194694223, 0.15089218279113262, 0.057111071801562587, 0.20018539156711077, 0.09517363876901937, 0.1133432771991863, 0.278928710576572, 0.17180949179480354, 0.17294053103407955, 0.15339769118767133, 0.11874331502530933, 0.23811888457753608, 0.17545907821728213, 0.12985447738287692, 0.12989613175527098, 0.16082757036005937, 0.20814972916613564, 0.05626537813086013, 0.1500457049882713, 0.18275381150820036, 0.09704941962567389, 0.2236221360966737, 0.1666395374721645, 0.20808464003876917, 0.21250756268126333, 0.09219789100724185, 0.14048668503769304, 0.131788466696749, 0.13781972223860495, 0.21813187528536848, 0.208299962294526, 0.13725577862946295, 0.2522919275515777, 0.21985964898586396, 0.20539460244214125, 0.19160213838910192, 0.1545852241588922, 0.19376921586943271, 0.1807177811716678, 0.1564514926502437, 0.13474389648120785, 0.2229658078656013, 0.15097663460662916, 0.09670505698281728, 0.183620385508226, 0.1865642009184649, 0.2335746736082166, 0.08277854724267837, 0.1336951693290455, 0.2217898993431462, 0.056920586612951664, 0.23299812352526705, 0.20465666269726426, 0.17197857598758792, 0.16344300176418755, 0.19354522902037355, 0.14765906936177609, 0.0785533223849512, 0.06968360404095687, 0.18387340198393526, 0.11170493200967409, 0.22469916617698674, 0.19073453552247632, 0.15412622706897136, 0.2077912579725613, 0.13057514714008503, 0.12896042425781679, 0.1838848415051114, 0.18253568247961616, 0.18883544366412985, 0.25252393414302127, 0.15354326980006439, 0.14016201252257476,