{"sum_size_of_clusters": 915, "all_cluster_sizes": [3, 3, 4, 3, 3, 3, 3, 3, 3, 3, 3, 3, 3, 3, 3, 4, 3, 3, 3, 3, 4, 3, 3, 3, 3, 4, 3, 3, 3, 3, 5, 3, 3, 3, 3, 3, 3, 3, 3, 3, 3, 3, 3, 3, 3, 5, 4, 3, 3, 3, 3, 3, 4, 3, 3, 3, 3, 3, 3, 3, 3, 3, 4, 3, 3, 4, 3, 3, 3, 3, 5, 5, 3, 3, 3, 3, 4, 3, 3, 3, 3, 3, 3, 3, 3, 3, 3, 3, 5, 3, 3, 3, 3, 3, 3, 4, 4, 3, 3, 3, 5, 3, 3, 3, 3, 3, 3, 3, 3, 3, 3, 3, 3, 3, 3, 3, 4, 3, 3, 3, 3, 4, 3, 3, 4, 4, 3, 4, 3, 4, 3, 3, 3, 3, 4, 4, 3, 3, 3, 3, 3, 3, 3, 3, 3, 3, 3, 3, 3, 3, 3, 4, 3, 3, 3, 3, 3, 3, 5, 3, 3, 3, 3, 3, 3, 4, 3, 3, 3, 3, 4, 3, 3, 3, 3, 3, 3, 3, 3, 3, 3, 4, 3, 5, 6, 3, 3, 3, 3, 4, 3, 3, 3, 3, 3, 4, 3, 3, 3, 3, 3, 3, 3, 3, 3, 4, 3, 3, 3, 3, 3, 4, 3, 3, 3, 3, 3, 3, 3, 3, 3, 4, 4, 3, 4, 3, 3, 3, 3, 3, 3, 4, 3, 3, 3, 3, 3, 3, 3, 3, 3, 3, 3, 3, 3, 3, 3, 3, 3, 3, 3, 3, 5, 3, 3, 3, 3, 3, 3, 4, 3, 3, 3, 3, 3, 3, 3, 3, 3, 3, 4, 4, 4, 5, 3, 3, 3, 3, 3, 3, 5, 3, 3, 3, 3], "cluster_size_std_dev": 0.5151521758372273, "avg_cluster_size": 3.210526315789474, "total_nr_of_clusters": 285, "sum_pos_deviation": 47.42647027761199, "all_pos_deviations": [0.1200344621015151, 0.14691511833960919, 0.21215140452157275, 0.14892110042199913, 0.22404645143506294, 0.1981080442310701, 0.1787692313007981, 0.22911265348088553, 0.22094676344709308, 0.22094676344709308, 0.22094676344709308, 0.1644087605286584, 0.07037198831157543, 0.16336725691535053, 0.12264255130317321, 0.14088485150257143, 0.15438598941339013, 0.24675316229515146, 0.15414866312054784, 0.13554047865457378, 0.24294526025627203, 0.09487115272914397, 0.11831248242423886, 0.07832262451947246, 0.1823544175314421, 0.17267775145780215, 0.1825109462996638, 0.18193637881454292, 0.16993826926697633, 0.18406380351056217, 0.25512040190947266, 0.08905511863484689, 0.10782101259701792, 0.24827840373793317, 0.18935084778682254, 0.21880457906736986, 0.19794240873590188, 0.1406218211609197, 0.20174168533202194, 0.21176490175701823, 0.15179265441226727, 0.10585170239791669, 0.16089621590588424, 0.15533116140204087, 0.12974243953335848, 0.1954988533997086, 0.16538118226200468, 0.14760358202115464, 0.17453692565725865, 0.12434032917250669, 0.11847904849795717, 0.11581838539093081, 0.2541531375286444, 0.1929627990318099, 0.16554377698330916, 0.18789953124935824, 0.19486610480421152, 0.1683804477423563, 0.1856482109515808, 0.07306093549350329, 0.16782235230111484, 0.14202886402488038, 0.2506382805826699, 0.16311606906336037, 0.23194203252847947, 0.18836756752803663, 0.15842862705499405, 0.1719478818240434, 0.12607999639242864, 0.07316262378099041, 0.10956208341742737, 0.22429580021693055, 0.11682929374712529, 0.19430437095493394, 0.17549384020458358, 0.1648129355920387, 0.21501451291640342, 0.1273287191403474, 0.15078281735846324, 0.1309228736662561, 0.1841271040220298, 0.227924924839808, 0.23245646603535294, 0.1727661020809372, 0.1678709480186569, 0.21483216957940635, 0.11542326135520142, 0.11542326135520142, 0.2152200843643146, 0.19847281803494396, 0.12918321813554515, 0.17723116460161514, 0.21533068288116056, 0.1739041772699632, 0.14410996211627747, 0.1699177218486788, 0.1699177218486788, 0.15243378327673796, 0.23005514408465103, 0.21319228524237366, 0.22072933454152205, 0.13820397956927627, 0.15760998440254828, 0.19571775305999514, 0.18087250658125212, 0.18087250658125212, 0.10048062208704471, 0.10048062208704471, 0.17268950826021168, 0.17268950826021168, 0.16720130949241027, 0.19074502584934502, 0.1633309072599363, 0.18881977629494273, 0.18881977629494273, 0.1639650020435258, 0.2048673948699534, 0.16564034649435355, 0.15894763666890013, 0.16442936343035403, 0.19181974931862233, 0.1702715440114587, 0.12418171850414332, 0.1559189905134511, 0.17935619739490474, 0.10178013484705328, 0.13733930221570345, 0.10435009744806532, 0.18440232556383004, 0.15293835907706982, 0.11814566127078278, 0.15119889960975746, 0.1319367533074209, 0.12770687103136416, 0.15339853159926672, 0.26138061724974154, 0.2149992716776187, 0.2226359041031747, 0.11535320253608083, 0.13321053270510402, 0.09867649392026674, 0.18832916071221914, 0.17793878190638446, 0.2018081571703113, 0.11051986300599494, 0.16715241616888543, 0.1058421279384804, 0.06497672670378535, 0.06497672670378535, 0.18766873180363977, 0.16642357023142076, 0.2091560331301957, 0.140470746512893, 0.16997979313795583, 0.2272394104476155, 0.1548640479611683, 0.1473668384611719, 0.04581693991045186, 0.30766431234956376, 0.07764730117630732, 0.1371754878169733, 0.07504668136822296, 0.1568868941323763, 0.19981010415695208, 0.13876794278129945, 0.2267871304214815, 0.17317949054891255, 0.09813924900871286, 0.09813924900871286, 0.0934242092082771, 0.16155201361125668, 0.18772567868975118, 0.21605784514766227, 0.13553401908126358, 0.1567347483521336, 0.1609682323057018, 0.13715355666345522, 0.12283831726521492, 0.1955300939683499, 0.15050140710702373, 0.17019379965672943, 0.20883678969917788, 0.16010954586911758, 0.21500841286524358, 0.22553631668807653, 0.14038585850297464, 0.09575649075425612, 0.11459137990218508, 0.14817745877072183, 0.2417858544601954, 0.1626462207525126, 0.24191553630034615, 0.15957228986252459, 0.2050995980656071, 0.1919647233081625, 0.21587370956269006, 0.24135843783015587, 0.22196073923101733, 0.16519719822853912, 0.11569515604064558, 0.2023936756635674, 0.14888914654797616, 0.18573157743162635, 0.21706294169316678, 0.20869608463438397, 0.15672901259614183, 0.17677620124667445, 0.1812731201242089, 0.16463311010806833, 0.2377960825783647, 0.24942433298302513, 0.13965092216852745, 0.10725299396216843, 0.24360366235453879, 0.1333497688820878, 0.14615624013980005, 0.0864830339014564, 0.14486976865357729, 0.08512793858737204, 0.11622254790018383, 0.15828401773335762, 0.22420801172736002, 0.17287195350901027, 0.2025481873956315, 0.211911030700598, 0.15513376462931103, 0.17910353843932622, 0.2519362364059927, 0.17784127241882786, 0.09128349748945003, 0.15701562399160743, 0.14796497628356836, 0.14173953726891406, 0.1580609193683337, 0.15806091936833366, 0.11733429624481646, 0.1740689727293986, 0.1848676764829947, 0.20531880143066894, 0.1484670966146562, 0.17780189523736525, 0.17028777450001775, 0.24183686553797357, 0.1179601419241319, 0.21110554895298192, 0.1500633065399223, 0.1500633065399223, 0.1500633065399223, 0.16634500728180193, 0.15646628878675317, 0.13883260349785417, 0.2116731505611191, 0.16144222988403295, 0.18853820694289383, 0.11113411262478395, 0.12288508717837406, 0.12288508717837406, 0.23146377046220393, 0.18200577246681537, 0.1450801664511587, 0.21495135059978712, 0.20523887551989195, 0.09374028843569925, 0.17564876514445005, 0.06462410277993079, 0.1355110515710133, 0.06751889636760178, 0.06751889636760178, 0.2040589365479887, 0.1834419084280954, 0.25605806269530035, 0.25605806269530035, 0.1518872391583668, 0.15619567579259094, 0.14158613928820427, 0.14158613928820435, 0.15777345887339067, 0.1747138287459081, 0.2462695035594535, 0.14189540110696183, 0.23728765585825218, 0.19017713549135726, 0.20479512268913225, 0.17880511847861943, 0.12118027331760715], "avg_pos_deviation": 0.16640866764074383, "pos_deviation_std_dev": 0.04551821382821539, "sum_rot_deviation": 253.04300707103198,