{"sum_size_of_clusters": 941, "all_cluster_sizes": [3, 3, 4, 3, 4, 3, 3, 3, 3, 3, 3, 3, 3, 3, 3, 3, 4, 3, 3, 3, 4, 4, 3, 4, 4, 3, 3, 4, 3, 4, 3, 3, 4, 3, 3, 3, 3, 3, 3, 4, 3, 3, 3, 3, 3, 4, 3, 3, 3, 3, 3, 3, 3, 3, 3, 3, 3, 3, 3, 3, 3, 4, 3, 5, 4, 3, 3, 3, 3, 3, 3, 3, 3, 3, 3, 3, 4, 3, 4, 3, 3, 3, 3, 3, 4, 3, 4, 3, 3, 3, 3, 3, 4, 3, 3, 3, 3, 3, 4, 3, 3, 3, 3, 5, 3, 3, 3, 4, 3, 3, 3, 3, 3, 3, 3, 3, 3, 3, 3, 3, 4, 4, 3, 3, 4, 3, 3, 3, 3, 3, 3, 3, 4, 4, 3, 3, 3, 3, 4, 3, 3, 3, 3, 3, 3, 3, 6, 3, 5, 3, 3, 3, 3, 3, 3, 3, 3, 3, 3, 3, 4, 4, 3, 4, 3, 5, 3, 3, 3, 3, 4, 3, 4, 3, 3, 3, 3, 5, 3, 3, 4, 3, 3, 4, 3, 4, 3, 3, 3, 3, 4, 4, 3, 3, 3, 3, 3, 3, 3, 3, 3, 3, 4, 6, 3, 3, 3, 3, 4, 3, 3, 3, 3, 3, 3, 3, 3, 4, 3, 3, 3, 3, 3, 3, 3, 3, 4, 3, 3, 4, 3, 3, 3, 3, 3, 3, 3, 3, 4, 3, 3, 3, 3, 3, 3, 3, 3, 5, 4, 4, 6, 3, 4, 3, 3, 3, 3, 3, 3, 4, 4, 3, 4, 4, 3, 4, 3, 3, 3, 3, 3, 4, 3, 4, 3, 3, 3, 3, 6, 4, 4, 3, 3, 3, 3, 3, 4], "cluster_size_std_dev": 0.5723841331800514, "avg_cluster_size": 3.278745644599303, "total_nr_of_clusters": 287, "sum_pos_deviation": 49.07664724397216, "all_pos_deviations": [0.14322877696184474, 0.11570882678559176, 0.22607133999406923, 0.13738953263701773, 0.16830246477367047, 0.1624136213155536, 0.1643641015924001, 0.20943740036255798, 0.20290233669044597, 0.17550098398403732, 0.19886217644885584, 0.14053779364260519, 0.2506300311988256, 0.2032751099181204, 0.21321671523246258, 0.10738462165384992, 0.09628392077283038, 0.1458742443105895, 0.11014454080571388, 0.21672951863393886, 0.21458123602657453, 0.1310763265933922, 0.13016939225178395, 0.2079975515591854, 0.2474283730180583, 0.21501165661981492, 0.1985046846286057, 0.2300975818598804, 0.18045934250746135, 0.1183791865218899, 0.19752733639043374, 0.16131000266022752, 0.20528961457328043, 0.13713234344599162, 0.07021438854777634, 0.20550734325038456, 0.2234737650619728, 0.15210784550024561, 0.20277184825459646, 0.08571068088428485, 0.2223695360156087, 0.23603020179644854, 0.19401558735256008, 0.2212172217466746, 0.16000506322658992, 0.20019376276110587, 0.16661808625985378, 0.22853380520455016, 0.19233926191201536, 0.20659590228762192, 0.05140617655965481, 0.18950805226416845, 0.0731823586411321, 0.1220651484100454, 0.16361973106165162, 0.15805892633472415, 0.11022512302074867, 0.12540871312985027, 0.11900320301627738, 0.16819284155271638, 0.10072678197045053, 0.2227505482217189, 0.15564467696624296, 0.19951618360706552, 0.18831267089559725, 0.17588044550614698, 0.1953941840524047, 0.22337653596279597, 0.23214957255583338, 0.14869342603111405, 0.15523225862787773, 0.2404348875092385, 0.10292899916586512, 0.1821925129311145, 0.11477033067990729, 0.1598467347898069, 0.15735166817484275, 0.14557234524836501, 0.19578058430667103, 0.14375459387571568, 0.09761507375475141, 0.16181968487881773, 0.18990052267725313, 0.15722701142265336, 0.1547754717687761, 0.12251565924486163, 0.26997505113885145, 0.1427988527168236, 0.1339882003782205, 0.1527868366116463, 0.18726952260201676, 0.17510223378295853, 0.2461495852116025, 0.20413333586113078, 0.18987505684754027, 0.22815097551642352, 0.23081175451141137, 0.12467923965720536, 0.0981394498323019, 0.23760037158341452, 0.1257784673601233, 0.1039489541523295, 0.17123714890730468, 0.2833029001308184, 0.22152683957051922, 0.14114296958671413, 0.18099987852339008, 0.08907148325851681, 0.17839062352374616, 0.17763668153846335, 0.12375220584096397, 0.19287716075977446, 0.11608506333568269, 0.09523523915400378, 0.19043317268483193, 0.07330448539547935, 0.10569458816357953, 0.1409421306619724, 0.15184284168598258, 0.1239926670476073, 0.24587753887865416, 0.205831296984739, 0.13336602729904035, 0.11749522643136716, 0.13195411186282582, 0.23909962578455402, 0.22454083672978653, 0.1840318977544232, 0.07403955646361883, 0.1570118691730539, 0.15903162462395518, 0.11114805740000779, 0.17884955218277332, 0.17899755402972847, 0.18039204018419577, 0.10148853510255794, 0.24017533262893612, 0.13676733477262762, 0.1801400119467993, 0.1903532915556196, 0.1286461293150579, 0.14265069012894258, 0.23209983659435238, 0.18815354809123705, 0.20361078419723622, 0.15965470010652308, 0.2076576009648929, 0.14765900993446446, 0.21293477906581676, 0.18312492741325914, 0.06825346227252214, 0.2076042845747701, 0.2390678579008286, 0.11868085229026103, 0.1691615459609007, 0.1385059582084788, 0.19148725665641333, 0.19382534364303639, 0.17936626658476398, 0.1880253311478065, 0.2664634565645235, 0.20667057075938, 0.19492916142364594, 0.26072349199923633, 0.18854172812945505, 0.16018488993982136, 0.15124437636370994, 0.12289035163178079, 0.09035173269848186, 0.18437913886364565, 0.22775922774004956, 0.22617139612541595, 0.22885358294329697, 0.2081708662976355, 0.13592270229509362, 0.1716650522796047, 0.1645780628825735, 0.2870296893393266, 0.13166514474347865, 0.11889488710117613, 0.2588185868631014, 0.1668967746487077, 0.09705209263783908, 0.139990173976883, 0.17718056050756417, 0.14241382216921994, 0.1440898241092157, 0.18198148189009625, 0.18305250291249395, 0.06965678775062982, 0.15970116929865938, 0.21299477705112949, 0.10269780157440032, 0.18000717197812324, 0.08211771901308644, 0.1623766266076526, 0.18042213159309042, 0.19959343049060438, 0.1312672127354019, 0.15927221402309755, 0.12826078274660482, 0.17172924978355253, 0.26748120484127724, 0.24044471137957785, 0.14033128403722075, 0.18620826686623151, 0.10957155013249394, 0.10482488494344266, 0.15492775797261682, 0.21252527264249865, 0.20333267184306017, 0.12797751101269236, 0.2254357382310698, 0.12623152393032064, 0.22332394726191165, 0.08476362477978851, 0.1387683869830603, 0.21784307378940374, 0.19630044081287598, 0.14542755451811287, 0.18990184372090077, 0.17666749131826906, 0.18629003546759337, 0.21908607876425212, 0.20272873146117068, 0.21131811698788464, 0.21393974376793642, 0.2233459715945054, 0.16978235151131252, 0.09370561273056244, 0.1434272543186305, 0.16640998081132433, 0.08931092144806778, 0.04925075702318935, 0.14607955556931576, 0.20122588450272252, 0.19078478877256463, 0.12268041499868444, 0.26336337942322496, 0.23601440722499792, 0.1357303462758301, 0.13750911859756199, 0.15119027345050717, 0.18467358666002057, 0.1424403470470538, 0.08977313337209632, 0.12608717846530185, 0.1553101992626873, 0.21236184071328146, 0.2189626775169886, 0.24121498712885842, 0.12660017762442385, 0.1925839913402497, 0.2187146282699868, 0.2127039414441763, 0.1756313776115115, 0.15039802185979426, 0.24223758364736403, 0.13036979181627248, 0.23415122342480554, 0.2113017039942863, 0.18741035571834894, 0.1178508100905369, 0.2517414478982045, 0.15602328900068763, 0.16235880383511264, 0.18592331130961345, 0.1188793461220264, 0.12906612083276564, 0.22154252037999858, 0.16663511484383678, 0.23289967387917243, 0.1872914783095703, 0.21859275079470875, 0.13681662881063192, 0.18926151445040396, 0.18992243470124315, 0.10734828841023314, 0.24492338073106523, 0.19200625106106864, 0.2778488392179646, 0.0746881265495886, 0.17494578192413, 0.1616276976009209, 0.20278690139302927, 0.11683586627652502, 0.20660116880557297], "avg_pos_deviation": 0.1709987708849204, "pos_deviation_std_dev": 0.048100592397798014, "sum_rot_deviation": 237.57803101864636,