{"sum_size_of_clusters": 524, "all_cluster_sizes": [4, 3, 3, 3, 3, 3, 3, 3, 3, 3, 3, 3, 3, 3, 3, 3, 3, 3, 3, 3, 4, 3, 3, 3, 4, 3, 3, 3, 4, 3, 3, 3, 4, 3, 3, 3, 4, 3, 3, 3, 3, 3, 3, 3, 4, 3, 3, 3, 3, 3, 3, 3, 3, 3, 4, 3, 4, 3, 4, 3, 4, 3, 3, 3, 3, 3, 3, 3, 3, 3, 3, 3, 3, 3, 3, 3, 4, 3, 3, 3, 3, 3, 4, 3, 3, 3, 3, 3, 3, 3, 3, 3, 3, 3, 3, 3, 3, 3, 3, 3, 3, 3, 3, 3, 3, 3, 3, 3, 3, 4, 3, 3, 3, 3, 3, 3, 3, 3, 3, 3, 3, 3, 3, 3, 4, 4, 3, 3, 3, 3, 3, 3, 4, 3, 3, 3, 3, 3, 3, 4, 3, 3, 3, 4, 3, 3, 3, 3, 3, 3, 3, 3, 3, 3, 4, 3, 3, 3, 3, 3, 3, 3, 3, 3, 3, 3, 3, 3], "cluster_size_std_dev": 0.32481268318212847, "avg_cluster_size": 3.119047619047619, "total_nr_of_clusters": 168, "sum_pos_deviation": 28.280732909703513, "all_pos_deviations": [0.2524083954756439, 0.24976143656498487, 0.13668100536681058, 0.22532501804859417, 0.16849086656742382, 0.1542624633846608, 0.1911571669136289, 0.19446971260676124, 0.2097369063614104, 0.17514273684761172, 0.16324902707193503, 0.1526770965586425, 0.19765135956413424, 0.0821032352975688, 0.13889422193708037, 0.1563553693473195, 0.10224442832071275, 0.15142769229632316, 0.15457975088935585, 0.15586114796561745, 0.24115947719008846, 0.23337238585146583, 0.21419215986181994, 0.23661748351373657, 0.24558587853495414, 0.15312557208888453, 0.176850504893221, 0.18569450625995057, 0.16681655968842068, 0.15387078710483446, 0.12461945975016601, 0.18043362466810242, 0.20629478498326925, 0.14675239493629874, 0.14787950647693246, 0.10709231646253999, 0.21620508189122867, 0.13737344849615796, 0.12699198388677335, 0.18959006088226302, 0.19194999087946749, 0.09330986225842593, 0.21235126834090742, 0.1380809373387454, 0.17895778381929447, 0.11900766980376394, 0.15125898470105362, 0.1923588599027067, 0.1409137410220368, 0.2052032759521452, 0.10486831808973181, 0.2023646685587741, 0.1424165108140064, 0.1664540863983646, 0.2365066351211151, 0.20010938024631933, 0.17730384268443042, 0.19954457556257751, 0.1909870100522478, 0.20826964355226388, 0.2465854589448886, 0.21266572772410922, 0.19446232145333406, 0.19325033024352936, 0.0681988405751361, 0.11190880945537533, 0.21177661035570064, 0.21344827090507903, 0.24407522245217872, 0.16347494909059057, 0.18727373700460367, 0.17536771042766527, 0.2281703202540554, 0.20169507607483061, 0.1782756246696345, 0.20077334833481453, 0.2099168718705021, 0.08292581817092907, 0.08886247509380596, 0.1802617944944832, 0.14075926624876706, 0.16802385494995162, 0.19527003072891938, 0.16300536351843972, 0.19696417840044803, 0.12733328523167442, 0.1286941141743891, 0.15203488753053754, 0.1049277110944244, 0.22857836945735654, 0.1822844542864462, 0.20492104771753583, 0.2063433973432964, 0.1676933752473486, 0.08992870451594559, 0.13209288675152156, 0.2124247588653976, 0.21545584276535215, 0.08006376416667477, 0.14853715130050155, 0.17412724843950597, 0.17395174456205076, 0.21397693972319895, 0.1604838279892399, 0.17522745481870697, 0.1550214527682439, 0.13087840474284523, 0.1363786618643716, 0.16730696384083169, 0.20805316186689157, 0.18132612621936303, 0.15330215422328144, 0.15131706136158427, 0.17432221421544483, 0.09876901042010126, 0.12145114077638214, 0.1891077481559957, 0.1559877837929016, 0.24323543258528094, 0.22227366064673046, 0.16722415355745943, 0.17789158327780674, 0.19030935223014608, 0.16878764204400976, 0.20151395847639486, 0.11829851049859526, 0.17531720493896072, 0.19691674636344628, 0.14273598860957373, 0.16275508548068005, 0.18143387347520568, 0.07145643400571365, 0.19409365090445843, 0.18115848420607397, 0.1323346901701198, 0.18760625255040608, 0.16552005152654126, 0.19305875853991183, 0.178572605187458, 0.09425412406209743, 0.07569054690069228, 0.1701065133852341, 0.10518986881029417, 0.1597303848426166, 0.14926892351493382, 0.18223911913021418, 0.07492906219896844, 0.14113829844877834, 0.1348888322139154, 0.16180123686670275, 0.1864120602804611, 0.17878874121121935, 0.164105848851367, 0.17841641859382903, 0.21067475130301946, 0.20754542367578785, 0.1333907425425657, 0.15076435358544946, 0.19317918081607735, 0.16282218730196632, 0.09730670999074477, 0.20445370735582682, 0.17168722268018144, 0.11807545846997546, 0.08624777897821667, 0.1536324977100493, 0.22279324967419348, 0.14379662545633906], "avg_pos_deviation": 0.16833769589109235, "pos_deviation_std_dev": 0.04156129999393424, "sum_rot_deviation": 151.02418875579545, "all_rot_deviations": [1.4494639648261691, 0.9062854433229551, 0.0785309207671517, 0.746673003646586, 1.1583145987519552, 0.8140152716069246, 1.0269199848727408, 0.8353313724001209, 1.1509655657449127, 0.6078638464937921, 0.9653972009655937, 1.0257565411915575, 1.0305149970640346, 0.7628882525522069, 0.2732927537149936, 0.8732854434734949, 0.6388187390389123, 0.8055918320814236, 1.1763386118599393, 0.5206517280836261, 0.48020261256857255, 1.0365102300219746, 1.0508129425189825, 0.7689889562682776, 1.2496314836545572, 1.0259185421578214, 1.3146853848786886, 0.43130393339350076, 0.5594661944795208, 0.1757260256434102, 1.0055603725093774, 1.004806260076158, 0.7762502295710513, 1.3711734047416115, 1.0041359278361843, 1.0892951725900202, 0.5677719109755207, 1.1501430500701613, 1.0469386611786016, 1.039296744679392, 0.8456364347408667, 1.5115512443664885, 0.4119930902679198, 0.6731802454108551, 1.4380588822023248, 0.98909890470819, 1.0471264963620628, 0.9847788834131951, 0.9860972019793502, 1.3178905484001648, 0.9239564483375062, 0.7451417717168621, 0.9166844553808322, 0.5388378389445373, 1.3724760848012383, 0.9588419701147971, 0.7386096090835521, 1.012150355337175, 0.5634903711574712, 0.5257947199224197, 1.1346477525849563, 1.1411483069137078, 0.8689201354542225, 1.026969841005344, 0.9406587337610636, 1.0162204706039197, 0.6837395436078327, 0.7015688856162611, 1.0149480143951406, 0.6116645346924244, 0.36995965038546225, 0.9384145018294299, 1.0316036146405083, 1.3524419037013722, 0.8366907450346129, 0.8428569203238524, 0.7427023563614363, 1.1554522521305586, 1.0025090844980353, 0.5778143606676075, 0.37059807568906383, 0.6539946930806463, 1.1866571174140668, 0.9980206974733702, 1.0049935374897163, 1.4460197225965385, 0.2509804949434901, 0.8361937428051669, 1.0453210862180533, 1.4355078101816143, 1.0373532019853062, 0.2954939804056862, 0.7331975822193383, 0.7281792396621749, 0.7945707342410375, 0.9140400788669073, 1.1794117552523933, 1.1564876776435706, 1.0526911061056952, 1.13110745277902, 0.8824879856629124, 0.6310819035490851, 1.1076223089752193, 0.23718660832362382, 1.209961890399541, 1.0455338154402396, 0.25039467526874737, 0.6218813940426825, 1.5133963797934193, 1.3618516255822288, 1.1555016639527587, 0.27345988760129253, 0.9917657882129673, 1.0565365054018308, 0.9376266164107044, 1.128942263461385, 1.047193166997577, 0.6086068524616456, 1.1338535000146808, 1.0001693012888304, 0.4202788500481908, 0.9079875108113784, 0.8374189501714805, 1.2823983160904024, 1.043643354790273, 0.3730746049218, 1.0070954532830756, 0.9876256760174497, 0.9314127445594833, 1.024471567522388, 1.0052762430213864, 0.9763884720310979, 0.9445970317331406, 1.6927937287433157, 0.6303117574548095, 1.1288331061904762, 0.9115159088464061, 0.7174894805345646, 0.6792006713636304, 0.9727755483355873, 0.5234945550028601, 0.989495142829442, 0.5170307577211313, 0.9935233621512483, 0.4454184743813938, 1.3143247291526963, 1.0022876608162503, 0.6323376609740338, 0.7624678781459323, 0.7322699506770866, 0.8197551522283426, 0.7452994937583083, 0.922860802803982, 0.9575286157972838, 1.2304090513457617, 1.0098238696441058, 1.1691614159540686, 0.60089738323851, 1.486974761488831, 0.10767861296504748, 1.1329957138690518, 1.0448222880626796, 1.22352116612057, 1.087692368198858, 0.5085685058678541, 0.9885252832694467, 1.506818705403748, 0.15989722043433732], "avg_rot_deviation": 0.8989535044987824, "rot_deviation_std_dev": 0.3133911804106952, "sum_boids_eaten": 406}