{"sum_size_of_clusters": 1186, "all_cluster_sizes": [3, 3, 4, 3, 4, 7, 3, 3, 4, 3, 3, 3, 3, 3, 3, 3, 3, 4, 3, 3, 4, 3, 3, 3, 3, 4, 3, 4, 3, 3, 4, 3, 6, 3, 3, 4, 3, 3, 3, 3, 5, 3, 3, 3, 5, 3, 3, 3, 4, 4, 3, 3, 3, 3, 4, 3, 3, 3, 3, 3, 3, 3, 3, 3, 3, 3, 3, 3, 3, 3, 3, 3, 3, 3, 4, 4, 3, 3, 3, 3, 3, 3, 3, 4, 3, 3, 5, 3, 3, 3, 4, 3, 3, 3, 3, 3, 3, 3, 3, 3, 3, 4, 4, 3, 3, 3, 3, 4, 3, 3, 3, 3, 3, 5, 3, 5, 4, 3, 3, 3, 4, 3, 3, 5, 3, 3, 3, 4, 3, 4, 4, 3, 3, 5, 3, 4, 3, 3, 3, 3, 3, 3, 4, 3, 3, 3, 3, 3, 3, 3, 3, 3, 3, 3, 3, 4, 3, 3, 4, 3, 3, 3, 3, 3, 3, 3, 4, 3, 4, 3, 3, 3, 3, 4, 3, 3, 3, 4, 4, 4, 4, 3, 3, 3, 3, 3, 3, 5, 3, 3, 3, 4, 3, 4, 4, 5, 3, 3, 3, 3, 3, 4, 3, 3, 4, 3, 3, 3, 4, 4, 3, 4, 3, 3, 3, 3, 4, 3, 3, 3, 4, 4, 3, 4, 3, 3, 3, 4, 5, 4, 4, 3, 3, 3, 3, 3, 3, 3, 4, 3, 3, 3, 3, 3, 3, 3, 3, 3, 4, 3, 3, 3, 3, 4, 3, 3, 3, 3, 3, 3, 4, 3, 3, 3, 3, 3, 3, 3, 3, 3, 3, 4, 3, 4, 3, 3, 4, 5, 3, 3, 3, 4, 4, 3, 5, 3, 3, 3, 4, 3, 3, 3, 3, 4, 3, 3, 4, 3, 3, 3, 3, 3, 3, 3, 5, 5, 4, 5, 5, 3, 3, 4, 4, 4, 3, 3, 3, 5, 4, 3, 5, 3, 3, 3, 4, 3, 3, 4, 3, 3, 3, 4, 3, 3, 3, 4, 3, 3, 3, 3, 4, 6, 3, 3, 3, 3, 3, 3, 6, 3, 4, 4, 4, 3], "cluster_size_std_dev": 0.6443587667277902, "avg_cluster_size": 3.3502824858757063, "total_nr_of_clusters": 354, "sum_pos_deviation": 58.93732627542687, "all_pos_deviations": [0.22370092864809277, 0.20003609170445988, 0.1582600568074398, 0.08621389982287815, 0.12946194586602205, 0.26747642136766453, 0.07955888060817691, 0.20056817409938574, 0.21203569459365476, 0.11605900972544554, 0.1382169708247385, 0.16501653328651833, 0.14208825884262014, 0.14627515813843536, 0.07445797252467849, 0.19810566397445487, 0.2005419339935197, 0.22608537700609035, 0.22700930126989227, 0.1109243714538881, 0.25988080723912443, 0.2334876444196239, 0.20465311223311503, 0.10156121147503545, 0.10525287758928038, 0.1941477888841594, 0.15243369910620172, 0.1881796373343284, 0.19387985085555184, 0.19880584513150346, 0.19409316696263754, 0.08198625154676976, 0.19897324558747764, 0.15907844897431667, 0.1853394265373208, 0.23556509566410058, 0.17487558201025988, 0.11925782665731595, 0.08448711220237252, 0.15343703621261195, 0.17235805157828407, 0.16236886986822624, 0.21017708423361414, 0.17159672428706532, 0.2776732877407183, 0.16030590267566436, 0.23579597157239163, 0.18586169996128402, 0.18120614171648286, 0.13727646785690054, 0.19385468751604873, 0.21100657058249653, 0.1714586926573689, 0.15326896856660588, 0.20551730220899678, 0.079709959222059, 0.2305690412914779, 0.19948911722233922, 0.21411314304426463, 0.15323741485950038, 0.17106440686247934, 0.2087987883180162, 0.22391247026189035, 0.24531644141314798, 0.2143966476785006, 0.15660792162153428, 0.18105190296794615, 0.16224340335853676, 0.17318130944274424, 0.16261261658712697, 0.11222921377697066, 0.17559761367798674, 0.17632885762018427, 0.16058372322198688, 0.1699683799172561, 0.16651567792848773, 0.09268296897335306, 0.1814893805743176, 0.2165158460682948, 0.16504772622149733, 0.19229217972767995, 0.15654352613051026, 0.12009399248036744, 0.17384087987072602, 0.19965643360046958, 0.2272693573431693, 0.159888593360979, 0.11900119632612259, 0.10734653887456776, 0.2102559572500847, 0.23179678175166937, 0.1194349526362204, 0.12894147679198384, 0.16325470396269767, 0.19238084968328842, 0.12637137536790147, 0.12732028927397313, 0.11222952277122655, 0.07088376881426975, 0.12411774065941968, 0.19683096398101407, 0.1693091365689107, 0.18795046647621974, 0.20988939840728163, 0.18762419715430664, 0.18760566196816097, 0.16592262886054177, 0.21521096982248147, 0.17507005935737233, 0.17303021035377356, 0.2538126515652344, 0.20862151262507536, 0.07673714532301808, 0.1774498632769202, 0.05346268717050793, 0.21567125527874928, 0.15934293301610855, 0.11946781816904443, 0.16884491289747272, 0.23225488027875518, 0.211953920827241, 0.13433843692151068, 0.1815410671957145, 0.19887848843818964, 0.17214649248347189, 0.14787257781524846, 0.2133958158852027, 0.1207572549520246, 0.22754861091412928, 0.205935165949048, 0.1950853382228551, 0.09938671412897497, 0.06194212431789073, 0.22743584891382537, 0.17469185870378867, 0.19886690526125753, 0.1752045954562258, 0.10904066663137484, 0.14813954464610063, 0.06628146740007808, 0.19332630164774425, 0.10822369028946972, 0.1547524238700333, 0.18179870772564635, 0.17100028466395778, 0.16076985067560054, 0.13853063548926944, 0.1678398147986407, 0.12373986554271012, 0.09192645102601982, 0.16882742753665184, 0.1829634601159447, 0.1373324293926063, 0.10584642044852842, 0.14895691519939322, 0.14800563499722072, 0.20426261962429404, 0.10626696280243741, 0.1970401481419111, 0.2043957638045786, 0.14685321615696703, 0.15243751999217103, 0.24546314811670256, 0.14316272764752583, 0.1372387443296732, 0.10820106633134396, 0.22777986507459871, 0.23546977943165695, 0.2099095267294452, 0.09530093112192313, 0.12159655184785167, 0.05919716498349065, 0.09900700851859599, 0.20428648435432495, 0.12939561011084552, 0.1728648769354638, 0.17650707388127448, 0.1517251667274279, 0.27126177547689906, 0.20096013901539886, 0.14416511518767683, 0.20878040033446568, 0.22596106963245285, 0.13513203018477302, 0.19890195514940048, 0.11570248326504023, 0.15670486213085238, 0.2758761978782153, 0.10814118301561287, 0.17418866680005643, 0.13159770905951876, 0.21952635606593648, 0.11092684328288449, 0.20974022734188782, 0.14191340892763574, 0.23243655126959176, 0.16611880255206338, 0.16456902642557175, 0.21361442724343982, 0.11562247079086302, 0.20668802241732012, 0.17776163531449585, 0.21463000107946958, 0.08447124185752462, 0.15317699904358964, 0.12958580179020648, 0.13993970118014618, 0.1356790212835363, 0.20170569698262367, 0.15614550562825807, 0.21393027077138702, 0.15279807253773448, 0.11931828413933306, 0.07534293226051864, 0.19046211799689947, 0.07223261501184824, 0.16864307570012835, 0.21100021179836337, 0.2333473761455629, 0.24841117918308053, 0.10842001452975177, 0.2072588180848168, 0.1336011442264747, 0.1252884014632295, 0.21388702299661552, 0.16788954155259858, 0.21874186890303163, 0.21670428508120468, 0.2364694955724434, 0.19608741228412477, 0.12603983952721506, 0.18793025438970778, 0.14256557550697416, 0.20294663177866226, 0.2095144255154233, 0.14496685285141553, 0.1652439136237592, 0.13432006164764498, 0.1940257885235801, 0.1883707225036866, 0.1972802971201608, 0.21343456734320923, 0.16677408930993676, 0.14470872986624128, 0.1654294850758913, 0.11167232783865567, 0.20323552707322415, 0.15559234042240214, 0.13402581864231244, 0.1291478386490967, 0.053516448272163446, 0.10477846211092307, 0.1502666734014924, 0.16966209579687638, 0.19315148994680234, 0.11595273997755044, 0.11844409528790066, 0.21988318138315613, 0.08457415255634419, 0.2198831813831578, 0.10048656010272039, 0.04010228824732267, 0.16477340974629737, 0.1340377155786366, 0.14896886002704451, 0.13477560737798877, 0.13403771557863575, 0.191639951462949, 0.1296925432207039, 0.1650290047216233, 0.18547607119311826, 0.17787577703910526, 0.06198886210922503, 0.21794987399239715, 0.10138308734782804, 0.15931706302784354, 0.2778968532016317, 0.2641993423516804, 0.1589867375910935, 0.17318064805482059, 0.09545383423909824, 0.20234873512349424, 0.23635965908738235, 0.14293714867702725, 0.23557040947946448, 0.1421050537118873, 0.10771821194655228, 0.22837564929511434, 0.11510050948990724, 0.18924682911794974, 0.11166406983571787, 0.21096288559772283, 0.13900586284819327, 0.16126157759677087, 0.19962768250343807, 0.19017900132061213, 0.2591816636236925, 0.09235151821653664, 0.10864791370035275, 0.08323769447653549, 0.24014870105355512, 0.13303618114938665, 0.20339589657627843, 0.17952440266649394, 0.21746917505254712, 0.20809195823875376, 0.13321743068630726, 0.21303960605425223, 0.23282084133596842, 0.1277297272707653, 0.06409838264851736, 0.1272711250222122, 0.10618628054857517, 0.0898119490547451, 0.07917213563776582, 0.14625480931011944, 0.1351500935128674, 0.20288605699321977, 0.20681405048667245, 0.14179606566702976, 0.28769268486757504, 0.213087001812886, 0.18119957963056524, 