{"sum_size_of_clusters": 539, "all_cluster_sizes": [4, 3, 3, 3, 3, 3, 3, 3, 3, 4, 3, 3, 4, 3, 4, 4, 3, 3, 3, 3, 3, 3, 3, 5, 3, 3, 3, 3, 3, 3, 4, 3, 3, 3, 3, 3, 3, 4, 3, 3, 3, 4, 3, 3, 3, 3, 3, 3, 3, 3, 3, 3, 3, 3, 3, 3, 3, 3, 3, 3, 3, 5, 3, 4, 3, 3, 3, 4, 3, 3, 4, 4, 3, 3, 3, 3, 3, 3, 3, 3, 3, 3, 3, 4, 3, 3, 3, 3, 3, 3, 3, 3, 3, 3, 3, 4, 3, 3, 4, 3, 4, 3, 3, 3, 3, 3, 3, 3, 3, 3, 3, 3, 3, 3, 3, 3, 3, 4, 3, 3, 3, 3, 3, 3, 3, 3, 5, 3, 3, 3, 3, 3, 3, 3, 3, 3, 3, 4, 3, 3, 3, 3, 3, 3, 4, 4, 3, 3, 3, 3, 3, 3, 3, 3, 3, 3, 3, 3, 3, 3, 3, 4, 3, 4, 4, 3, 3, 3, 3, 3], "cluster_size_std_dev": 0.4216966377606567, "avg_cluster_size": 3.1705882352941175, "total_nr_of_clusters": 170, "sum_pos_deviation": 28.39935295262282, "all_pos_deviations": [0.16131691611385798, 0.18973405652489064, 0.18465694595464646, 0.09708364246035567, 0.15548000931485204, 0.1418741572733673, 0.08481333260569211, 0.22130757857139058, 0.08954983752614389, 0.23314854136796812, 0.20375963690820434, 0.13064526711944321, 0.15209418671458066, 0.1353761903252574, 0.17353173972350752, 0.23411025284916112, 0.20335952659125475, 0.09421091803276321, 0.11368135315989518, 0.17621351807735738, 0.16318423695013237, 0.1800524455269558, 0.1148943439398837, 0.1878709677580984, 0.1225431904893806, 0.09404730636807485, 0.11314985785856596, 0.10292863980800304, 0.1788592158897082, 0.1969146533047965, 0.21677218511541552, 0.19659881440178917, 0.1508381696277002, 0.16446275702319446, 0.16372740878264191, 0.14118675163305908, 0.19057911693887356, 0.22336059680366652, 0.22315816202796845, 0.13110773290786246, 0.14601755748318523, 0.1729931602355913, 0.22705155258023968, 0.1985739103736043, 0.17053747180667467, 0.1840473473972558, 0.14858787241347884, 0.10826806467177742, 0.1921646623864169, 0.19976022561252785, 0.16372067316533118, 0.19564371266927316, 0.17601316007441367, 0.15410444831744768, 0.11983763244539798, 0.1792135835204213, 0.17091467710541994, 0.16443722700580357, 0.20446800564699183, 0.1786687186202768, 0.23981121246560608, 0.21042641506416354, 0.2284907152704322, 0.1532776967772161, 0.21816771094637985, 0.14868842628979975, 0.11288951829521639, 0.2195499599215579, 0.156301602903635, 0.21941296403916913, 0.189802496129826, 0.19703667723966248, 0.16670225260304342, 0.10004925794291479, 0.1923431180231265, 0.1891903793018563, 0.14273501557898427, 0.10434310678995312, 0.15180514155217825, 0.16886461740376493, 0.16105524067354424, 0.23725564296400262, 0.21581541336480828, 0.1960826335440534, 0.2336308883860748, 0.11861785689783638, 0.11819368828782655, 0.12367737007263492, 0.23022299085274245, 0.11754143279061413, 0.17948458635482503, 0.17699222783890092, 0.18663893717274407, 0.12466574235452459, 0.16889454499628756, 0.18977769503026756, 0.219564961782406, 0.18556679989771194, 0.19186269418363613, 0.1872730459893899, 0.19303008071586178, 0.0839033895591796, 0.12897831653021383, 0.1481713265077042, 0.19131587268896047, 0.23038589713773194, 0.18258151556304883, 0.11879601467741802, 0.19168270929126274, 0.17026781627523715, 0.19762033292734918, 0.15104686352196814, 0.1812640971064737, 0.22783301233040743, 0.17699799742493313, 0.22409723070943466, 0.1430530038550055, 0.2011803382006535, 0.14379450970372445, 0.19619469110918764, 0.1692943261401962, 0.15934654577398052, 0.16068628879630634, 0.04628393815703061, 0.16127982110054018, 0.15067048556233945, 0.28555779238646284, 0.17846253581485025, 0.14406286961939915, 0.08701998552304822, 0.15138221997084408, 0.20395579801018915, 0.1893544557486092, 0.12919976511721612, 0.10315431726862646, 0.19549667909048637, 0.17486272791014376, 0.1468783033593815, 0.07642340379918282, 0.16109453533188683, 0.1431976338620211, 0.08051578696208485, 0.1819648522289, 0.2432370928811316, 0.1564611655373583, 0.1479263528586629, 0.16494570407238554, 0.08529630550462212, 0.1293085982934235, 0.22083510047471763, 0.21451499114752667, 0.18098957292144993, 0.1303654792807448, 0.184377579315567, 0.18603722561841216, 0.15804945855193384, 0.22722104151289116, 0.19937540468956957, 0.21869642573363637, 0.18524192436436615, 0.1783219518933251, 0.16272324324425727, 0.21563545714911503, 0.20673024658358183, 0.1128488409179098, 0.08630168987020181, 0.14513428630390185, 0.06656723146855899, 0.12046061367366499, 0.149499383515206], "avg_pos_deviation": 0.16705501736836953, "pos_deviation_std_dev": 0.04249445956974495, "sum_rot_deviation": 151.0630614561116, "all_rot_deviations": [1.2752659075200872, 0.49928060505080535, 0.8596311997664605, 0.1820735951377773, 1.0354226224719505, 0.8887560946663092, 0.8295268948987801, 1.0637482506446507, 0.9189896075621699, 0.9593161233772382, 0.8668463019115746, 0.9109418452248098, 0.9206698037011118, 1.076831476858074, 1.3327279354493708, 0.8310069986709901, 1.3344111850328346, 0.9348012989717622, 1.1435892428628966, 0.5285234642821458, 0.8317040141254034, 0.9586404618670029, 1.121800498149539, 1.3417201586625205, 1.5451528161998738, 1.5143765937291362, 0.9317159951056219, 0.47291852862721456, 0.6968347381622628, 0.6073986576666389, 0.94318292882392, 1.0143458704215529, 0.9738059921321423, 1.050451578328059, 0.8218220333388242, 1.0376850625328056, 1.1149468767953665, 0.4014646545124647, 1.0231101075807754, 1.1598154746791465, 1.135759068864273, 0.7067333292960445, 0.5744667355668073, 0.9364831475173444, 0.2903581135207916, 1.3608768400283793, 1.1426961848574706, 0.9280259341610143, 1.2413196596480827, 1.0357764318842302, 0.9740267040091649, 1.0435969611580658, 0.871707978162439, 0.6707989122351165, 0.8021413534760028, 0.872387104392914, 0.9748898022423454, 1.1469812409621793, 0.6900758258770371, 1.4428260765185816, 1.1147254790744852, 0.9205950930615294, 0.6701574657079847, 0.9127658237819305, 0.2823501250267919, 1.0254739728610527, 1.0504511543605872, 1.1622274883116763, 0.1697275946578407, 1.2882040144159124, 0.5990553787655484, 1.015233769027125, 0.941194149898418, 0.32563287453128353, 0.9274527428389899, 0.8483785921903815, 0.425371419300765, 0.4093267013731687, 1.2672305142683797, 1.2562688893346012, 1.1989574135359273, 0.9984942434739676, 1.0456210880185755, 1.116100447647973, 0.9636120640326795, 1.0446480596451542, 0.8699781615116488, 1.0402324807244718, 0.8919624255732662, 0.9780732790709878, 0.6111169798702559, 0.917388329022084, 0.2776229496107184, 0.9047331295656685, 1.0519637734319611, 1.1174471319173591, 1.1006317406397803, 0.8462843540174738, 0.41272395603471923, 0.7722997664099109, 1.3900945186983011, 0.8627036056154821, 1.25702761158106, 0.9117980236551073, 0.9385925919711594, 0.07617564638206176, 0.8896939200284314, 1.2749475009455793, 0.4166692191874919, 0.1754179431191476, 0.5776758829687341, 1.0454881294053286, 0.3970277079632038, 1.0329252110933456, 0.3763855896034234, 0.9046779827337486, 0.2988435554901434, 0.6635593012112183, 1.0386394525671456, 1.0448304682296545, 0.8880326987653561, 0.6833493097579492, 0.3743026151353635, 0.8751752042890696, 1.153655072739572, 0.6381749725907042, 1.5458574453817062, 0.20749663954659633, 0.2941429970989202, 0.5664670895900003, 1.3920654112669695, 0.8998866984378848, 0.6311590754173423, 0.025576746601002398, 1.4053017262432679, 1.0056994783261792, 0.9104593830737778, 1.3299807598686448, 0.7609910650095458, 1.548710675541449, 1.0126410310258778, 0.861729453406009, 0.8087018684649002, 1.0455583744043635, 0.8119256909291372, 0.9042741578812328, 0.6481023101416109, 1.1756050645616696, 0.9651112997824325, 0.39760478237717606, 0.5165180864277564, 1.2309964814221794, 0.9762714159144458, 1.1522046797688141, 1.0624332080744947, 1.0266384699070814, 1.35577185208164, 0.707390319173291, 0.9586031138641243, 1.4202457828122201, 0.3651581309995306, 0.7670648056614457, 0.8434942177646084, 0.6945614447304843, 0.8042265671699317, 1.166908845189636, 0.7468889024662713, 0.8444067652985936, 0.5426355701568122, 0.9708339206993647], "avg_rot_deviation": 0.88860624385948, "rot_deviation_std_dev": 0.3175058600645443, "sum_boids_eaten": 844}