{"sum_size_of_clusters": 974, "all_cluster_sizes": [3, 3, 3, 3, 3, 3, 4, 4, 3, 4, 3, 3, 4, 3, 3, 3, 3, 3, 3, 3, 3, 3, 3, 3, 3, 3, 3, 3, 3, 4, 3, 3, 4, 3, 3, 4, 3, 4, 3, 4, 3, 4, 3, 4, 3, 3, 3, 4, 3, 3, 3, 3, 3, 3, 3, 3, 3, 6, 3, 3, 4, 3, 4, 3, 3, 4, 4, 3, 3, 3, 3, 3, 3, 5, 3, 3, 3, 3, 3, 3, 3, 3, 3, 3, 3, 3, 3, 3, 3, 3, 3, 3, 3, 4, 3, 3, 3, 3, 4, 3, 3, 3, 3, 4, 3, 3, 3, 3, 3, 4, 4, 3, 3, 3, 3, 4, 3, 3, 3, 3, 3, 4, 3, 3, 3, 3, 6, 5, 4, 3, 3, 3, 3, 3, 3, 3, 3, 3, 3, 3, 4, 3, 3, 3, 3, 3, 3, 3, 3, 3, 4, 3, 3, 3, 4, 4, 3, 3, 4, 4, 3, 4, 3, 3, 3, 6, 3, 4, 3, 3, 3, 3, 3, 4, 3, 3, 3, 5, 3, 4, 3, 4, 3, 3, 3, 3, 3, 4, 4, 3, 3, 3, 3, 3, 3, 4, 3, 3, 3, 3, 4, 3, 3, 3, 3, 4, 3, 3, 3, 4, 6, 3, 3, 4, 3, 3, 3, 3, 4, 3, 4, 3, 5, 3, 3, 3, 4, 3, 3, 3, 4, 3, 3, 3, 4, 4, 4, 3, 3, 3, 3, 3, 4, 3, 3, 4, 4, 3, 3, 3, 3, 3, 3, 4, 7, 3, 4, 4, 3, 3, 3, 4, 3, 3, 3, 3, 3, 3, 3, 3, 3, 3, 3, 3, 4, 5, 3, 4, 3, 3, 4, 3, 3, 4, 3, 7, 3, 5, 4, 4, 3, 3, 4], "cluster_size_std_dev": 0.6521774703275501, "avg_cluster_size": 3.324232081911263, "total_nr_of_clusters": 293, "sum_pos_deviation": 48.350064241963025, "all_pos_deviations": [0.11490224902423703, 0.09728052567910371, 0.10040781801128364, 0.14635661131358782, 0.17754904168019223, 0.14801574506142914, 0.14565565943254885, 0.22758128705689215, 0.20182124733399276, 0.2126403656957815, 0.15383481122970538, 0.2051154334753437, 0.20154599923577418, 0.16515335993380978, 0.2244020221816071, 0.16207654432120996, 0.1075938107334992, 0.036934151979575065, 0.07814675045817239, 0.18800117228128865, 0.17382531421488653, 0.15864598449772407, 0.14882497930813307, 0.03675429440554994, 0.16704385915768297, 0.13563362647984442, 0.17789776119473136, 0.09573748589427056, 0.21610521363073767, 0.1713869890863363, 0.12959537135031826, 0.17734599168203424, 0.19590900614880194, 0.14058242884883856, 0.14162110229629343, 0.12986935642887346, 0.1961997454808504, 0.26349478280958616, 0.16604948597889901, 0.16078350209229034, 0.09973178652746822, 0.20063998108597625, 0.23660099803921633, 0.1980752620794872, 0.14629294571498627, 0.1463981702012114, 0.20996844074894327, 0.1973552118454381, 0.18800101953723367, 0.17628978439980095, 0.16441986446769694, 0.15532682344686569, 0.18684906437310125, 0.14903235615175894, 0.16461657205578992, 0.1910307400594995, 0.18012004153275843, 0.2345500436532909, 0.15606327188380062, 0.13180180882793777, 0.15147082547786536, 0.21394212789766978, 0.1919316148722641, 0.1146013602726219, 0.12290190905066385, 0.18199432190330878, 0.12210102919456751, 0.21554857665495827, 0.17305708651261542, 0.1406572109449396, 0.1293314237108528, 0.12503064246591714, 0.16466269169408482, 0.25597825902170535, 0.1807820773455654, 0.1383505237024392, 0.18553140255325498, 0.09439731377695476, 0.16330043939291347, 0.12670216602037568, 0.19320090702902545, 0.08726928740043864, 0.1574328858765253, 0.10978229789085002, 0.16242654046280786, 0.19861862806151565, 0.20527830559556323, 0.12122630573637011, 0.19929653679553086, 0.22027332155543752, 0.1728591085988189, 0.11274443140048462, 0.17812266956984146, 0.21006479122957497, 0.13169415404795567, 0.17758716884220604, 0.12424645696094128, 0.15302871973849938, 0.1129074796916291, 0.19431260900689531, 0.21350693397788734, 0.1764186955156081, 0.14557025052028794, 0.18662425642933134, 0.2322067179157927, 0.22622937980754487, 0.191703406377271, 0.1796014938007714, 0.15908361210957678, 0.24134945920324932, 0.19200089368621023, 0.1387424304440009, 0.17327141440432528, 0.1032132446608436, 0.21837483147774947, 0.24009427098489555, 0.190527472446503, 0.11136386678276793, 0.18947596225847574, 0.21965065408783166, 0.1740947165137748, 0.19754370404896635, 0.06110046006748305, 0.20142389364086447, 0.11418794671863841, 0.1816770526439071, 0.25874758309380896, 0.18910099840621447, 0.22595273962095194, 0.19317128462973052, 0.12795803138437653, 0.18732495445861394, 0.19588933247951554, 0.16096215660054083, 0.09929125346849815, 0.19606379868287227, 0.1277276824689735, 0.15788114146267226, 0.14816823346179142, 0.22135398017650978, 0.1980524465045892, 0.19640591765645424, 0.20057740295425164, 0.13478191404000717, 0.13800247334004123, 0.13197433521883314, 0.19402123086396053, 0.14820790505794637, 0.173580172077529, 0.12385511424302464, 0.16039046044289182, 0.13124426813996823, 0.10013706186143907, 0.16991107359306312, 0.15806102935656696, 0.16047110470359793, 0.17805064516182287, 0.1585800478370363, 0.1464909719936302, 0.1679208936400333, 0.1489197379794152, 0.13488675529893196, 0.1760123867540474, 0.14640279605523052, 0.16346055596929732, 0.2627428276824796, 0.21558072593825006, 0.11086996804397993, 0.20624255308809625, 0.09206193769263625, 0.14364672845459425, 0.1299233634015516, 0.15702460892101847, 0.14834639475196462, 0.05994501934310359, 0.21464638273975586, 0.16659423768566067, 0.3112143227743789, 0.1340165261248768, 0.18034022301732386, 0.09711350221977444, 0.09938507551705934, 0.16070036154780198, 0.11865813222177397, 0.1464180360577357, 0.12450108063217658, 0.1491067962107981, 0.1909569146620892, 0.1127128465888511, 0.19038634794573572, 0.24666038014216476, 0.16734928638300975, 0.15526397464849376, 0.11606464399565662, 0.1806301573045127, 0.1677289085336667, 0.1986527828431631, 0.19129318592986863, 0.1920779425360446, 0.18256779068861617, 0.23157738394259378, 0.09650833673767369, 0.14165834474446168, 0.12070867466522173, 0.1586903978354137, 0.1820203748967659, 0.1334725391140967, 0.22355916357210895, 0.14680770216695346, 0.2012291471024766, 0.25101599498251287, 0.08942118479509592, 0.1382290149543624, 0.12464757260529445, 0.14394437493185494, 0.08182421117517946, 0.17255099305034818, 0.06569569295762424, 0.16939014161614865, 0.12223062647419053, 0.22349451267946394, 0.21110960175159696, 0.2569912466913321, 0.15298867609514027, 0.14264957882849308, 0.11401862863996394, 0.13331955667760836, 0.19827082331139323, 0.13835960463640842, 0.09855413444649401, 0.1601280046829419, 0.21712397961161867, 0.18841925888334168, 0.1839942504827811, 0.15886099602668552, 0.12236017028246647, 0.1588609960266858, 0.18803212133878133, 0.06783798721870136, 0.13118525550533336, 0.11978933828455113, 0.11199768493006602, 0.23914396065329027, 0.18870033384940774, 0.13388721515712734, 0.1550346830953528, 0.18460361259824287, 0.1967387017118711, 0.11762062306153594, 0.10016307792514602, 0.2500920068356847, 0.20126029200378817, 0.11090800075133865, 0.1240562334572302, 0.24826921968956708, 0.1761137285463867, 0.21020474712221227, 0.15906056223092555, 0.2265421769120304, 0.14131037286153172, 0.13582407403974497, 0.175939093028742, 0.20366521531674633, 0.14563740540974005, 0.15026348011462523, 0.1690297168625189, 0.18302998878009055, 0.1760057701509704, 0.16186420678989852, 0.1302743783884732, 0.09574566557110935, 0.13745426312843134, 0.09782124554502174, 0.13336583582108627, 0.16763025767734133, 0.2432984828673123, 0.21700542814205903, 0.13176504590733507, 0.19382091287818473, 0.16925245106487188, 0.23785470686750484, 0.22525548222534728, 0.1979592327141081, 0.18600750675238664, 0.16493917289186347, 0.24151089551828883, 0.17426826041721422, 0.21402819780207988, 0.20871091381433968, 0.22359426771526972, 0.11185547529347097, 0.11070740902182791, 0.1808584360038015], "avg_pos_deviation": 0.16501728410226288, "pos_deviation_std_dev": 0.04407366934696512, "sum_rot_deviation": 257.8943682958246,