{"sum_size_of_clusters": 919, "all_cluster_sizes": [3, 3, 3, 3, 4, 3, 5, 3, 4, 4, 3, 6, 3, 4, 3, 3, 3, 3, 4, 3, 4, 3, 3, 4, 3, 3, 3, 3, 3, 3, 3, 4, 3, 3, 3, 3, 4, 3, 3, 3, 3, 3, 3, 3, 3, 3, 4, 3, 3, 4, 3, 4, 3, 3, 5, 3, 3, 3, 3, 3, 5, 3, 3, 3, 3, 3, 3, 3, 5, 4, 4, 3, 3, 3, 3, 3, 3, 3, 3, 3, 4, 3, 4, 3, 3, 3, 3, 3, 3, 3, 3, 5, 3, 3, 3, 4, 3, 3, 3, 3, 3, 3, 3, 3, 4, 3, 3, 3, 3, 3, 7, 3, 3, 3, 4, 3, 3, 3, 3, 4, 3, 3, 3, 3, 3, 3, 4, 3, 5, 3, 3, 3, 3, 3, 4, 3, 3, 3, 3, 4, 4, 3, 3, 4, 4, 4, 4, 3, 3, 3, 3, 3, 3, 3, 3, 4, 3, 3, 3, 3, 3, 3, 3, 4, 4, 3, 3, 4, 3, 3, 3, 3, 3, 3, 3, 3, 3, 3, 3, 3, 4, 3, 3, 3, 3, 3, 3, 3, 3, 3, 3, 3, 3, 6, 4, 3, 3, 3, 4, 3, 3, 4, 4, 3, 3, 4, 3, 3, 3, 3, 3, 3, 3, 3, 5, 5, 3, 4, 3, 3, 3, 3, 3, 3, 3, 3, 3, 3, 3, 4, 3, 3, 3, 3, 3, 3, 3, 3, 3, 5, 3, 3, 3, 4, 3, 3, 4, 3, 3, 3, 5, 3, 5, 4, 3, 4, 3, 3, 3, 3, 3, 4, 3, 3, 3, 3, 4, 3, 3, 3, 4, 4, 4, 4, 3, 3, 3, 3, 3], "cluster_size_std_dev": 0.6113425536498313, "avg_cluster_size": 3.293906810035842, "total_nr_of_clusters": 279, "sum_pos_deviation": 49.20713601844959, "all_pos_deviations": [0.16295882185509786, 0.15038736086183932, 0.19173904803736042, 0.19311385702682218, 0.22662576393620892, 0.139141585897935, 0.20422380391890696, 0.15616070203325996, 0.24905665780175426, 0.28818319121646957, 0.20079576168313865, 0.21340159857948632, 0.14189879153976084, 0.11894623162918576, 0.12423882971187018, 0.14427564352770136, 0.16686267966117882, 0.16759332346840225, 0.29059806099721086, 0.1533078041813343, 0.2129530475520833, 0.1471573204890966, 0.08492497493053285, 0.20939247556530902, 0.14979539635621794, 0.19297378467175205, 0.24733932482221896, 0.1564789700753773, 0.17783004142237113, 0.05997841593482082, 0.1635913652238809, 0.18869186171592564, 0.22745836293516095, 0.18408122720747908, 0.16341764234999964, 0.20394737003939398, 0.17667828524676446, 0.18773436765179294, 0.10796776900806927, 0.23304512977516575, 0.16170623339369897, 0.1602744494716687, 0.18818121988300576, 0.18466944176133793, 0.20881287111686606, 0.18173892844936257, 0.22003121265223066, 0.18078066253300176, 0.19171791011433803, 0.2030377897805864, 0.1800477447265729, 0.2066497483053573, 0.11307557550608678, 0.1652063624605384, 0.18654138340062984, 0.14995840646544042, 0.19401390499340895, 0.2158623046953704, 0.2257566406218772, 0.1709001698132874, 0.1861796484517531, 0.17638742046523115, 0.24228612377000727, 0.18886316746547746, 0.10684082890852624, 0.1164768728385005, 0.13139929261279729, 0.1406657755882422, 0.2346688409458546, 0.19121921196229963, 0.09769451513703875, 0.14256420247834659, 0.16559826129972274, 0.07055029065990985, 0.1641916608072506, 0.1771814274526918, 0.20683007044491208, 0.2273702327841586, 0.15819680676159936, 0.17196002475538286, 0.20395212367049328, 0.1822056342829211, 0.16501589443338108, 0.210158362980898, 0.20180638219247238, 0.16585027097711155, 0.15116754563690893, 0.14087522561786311, 0.1505452189559677, 0.14565506351158913, 0.23109684490194252, 0.18898988733008257, 0.1823190550972356, 0.1669540959810055, 0.18487719537278383, 0.23789770780797848, 0.15435969503055558, 0.1930204772576907, 0.1629109256719183, 0.142949035028513, 0.22644523773797473, 0.17883410780648537, 0.20324577743434794, 0.12605426585355414, 0.21887766877215095, 0.17239262406322178, 0.13555623314137868, 0.14265950091139099, 0.12801419134719383, 0.1278091412318591, 0.22705487569799251, 0.15168033286231933, 0.2047169070687501, 0.2318702362150542, 0.16801991358152782, 0.1328903070551783, 0.2071287675055252, 0.14870273998675246, 0.1313251831688899, 0.18334099641930338, 0.07535993124836753, 0.057723775954591265, 0.17512300902597636, 0.18366087208188328, 0.17609706844703166, 0.09624987873083225, 0.2014126027275084, 0.15532210276652245, 0.3022934892245526, 0.1454188297795359, 0.10898814529491323, 0.18271255735037106, 0.14338113498547642, 0.15754900629677235, 0.19742660127034153, 0.24087220497887543, 0.18798129921655082, 0.15420035732148688, 0.1141613617907941, 0.21806776651436655, 0.201660875579692, 0.2402617408143514, 0.18242022697982826, 0.2651287547980877, 0.15019695771658118, 0.24293694465031546, 0.21579262983941191, 0.20746591621681867, 0.052354313617893646, 0.08111153157755753, 0.22728101863436923, 0.11050154805110396, 0.11293438602823996, 0.05015394380256786, 0.1962283784694273, 0.21965644777114282, 0.20963004611280847, 0.14082254315571616, 0.1755017909055765, 0.1754936296531996, 0.17540611089641764, 0.14800085109928254, 0.1886330192141005, 0.23194170879289586, 0.21949452650258947, 0.19778197425746902, 0.13651716259975297, 0.25586553710590715, 0.13917812991890566, 0.15243658471853658, 0.16435840520279213, 0.06893336250834424, 0.16273465416552596, 0.18122645659448625, 0.20137051133839667, 0.16974293605846327, 0.19396502774011418, 0.18710808626524447, 0.24250553945208406, 0.1847938373844811, 0.1942782519706834, 0.10850694868685018, 0.12517340387600617, 0.2359917287244381, 0.18521353440940358, 0.13637150605108656, 0.12129314339036872, 0.15743485486598577, 0.17824299230720783, 0.24579301280821816, 0.10643644818741686, 0.21128542639542305, 0.17592289115444423, 0.24329404920456185, 0.11943330850066579, 0.22964008231522792, 0.15673017243915568, 0.2023780910738188, 0.1749807236340972, 0.19397580415850701, 0.1930025858550216, 0.2610989765791036, 0.1582253788867644, 0.2003976738256867, 0.17856821325181027, 0.26862184494573615, 0.16490058380571943, 0.17204214792479133, 0.19502529354224155, 0.1262467805105301, 0.15763317203584756, 0.14253067917502563, 0.08946759124163096, 0.1375641324821035, 0.23785693943283032, 0.2650907412326823, 0.1025083346980817, 0.24101918025118751, 0.1494691609327469, 0.20152241620302172, 0.14403337761451568, 0.1982689731335849, 0.18852034083484162, 0.15701581203940201, 0.17690653973058923, 0.15940854935288964, 0.1766329026697088, 0.15433738936181665, 0.18848781634488485, 0.176464312950504, 0.20237436243966392, 0.1899190401418148, 0.1824600462639563, 0.1874577480617338, 0.21415302801351718, 0.08661111341685636, 0.11800148970067013, 0.19374052825061006, 0.18149992208699253, 0.18916413877990085, 0.13917687352455804, 0.17624929945651205, 0.22632311822793683, 0.11918809016408621, 0.15395391036816133, 0.21635743626406775, 0.2302715361704286, 0.14819979659489257, 0.17507071290487777, 0.19290700056679744, 0.24764975746849333, 0.19720395625470213, 0.2247579495405286, 0.15699549220283707, 0.13649759143512363, 0.25055786078740344, 0.19895988236188697, 0.11268759970249327, 0.18341842659410057, 0.2083376506870971, 0.17998919399494093, 0.19477762764635187, 0.1618104541072671, 0.15727529004719712, 0.17273059354559164, 0.1305085775774947, 0.16014391869262695, 0.14416899784251289, 0.18354842516826017, 0.17256694864497055, 0.23991534071114728, 0.22510312832355428, 0.2118976042089702, 0.09367850385893577, 0.19581611240038668, 0.23458422774709276, 0.12679276211969523, 0.21423145313836708, 0.21441730817257162], "avg_pos_deviation": 0.17636966314856484, "pos_deviation_std_dev": 0.04406259221713296, "sum_rot_deviation": 249.0415926504931,