{"sum_size_of_clusters": 865, "all_cluster_sizes": [3, 3, 3, 3, 3, 3, 3, 3, 3, 3, 3, 3, 3, 3, 3, 3, 3, 4, 3, 3, 3, 3, 3, 3, 3, 3, 3, 3, 3, 3, 3, 4, 3, 3, 3, 3, 3, 3, 3, 3, 3, 3, 3, 3, 3, 3, 3, 6, 6, 3, 3, 3, 3, 4, 3, 5, 3, 3, 3, 3, 3, 4, 4, 4, 4, 3, 3, 4, 3, 3, 3, 3, 3, 3, 3, 3, 3, 3, 6, 3, 3, 4, 4, 3, 3, 3, 3, 3, 3, 3, 5, 3, 4, 3, 3, 3, 3, 3, 3, 3, 3, 3, 3, 3, 3, 3, 4, 3, 3, 3, 3, 3, 4, 4, 3, 3, 3, 3, 3, 3, 5, 4, 3, 3, 3, 3, 3, 3, 3, 3, 3, 3, 3, 5, 3, 5, 5, 3, 3, 3, 3, 5, 4, 4, 4, 3, 3, 4, 3, 4, 3, 3, 3, 3, 3, 3, 3, 3, 3, 3, 4, 3, 5, 3, 3, 3, 3, 3, 3, 3, 3, 3, 3, 3, 3, 3, 3, 3, 3, 3, 3, 3, 3, 3, 3, 3, 3, 3, 3, 3, 4, 5, 3, 3, 3, 3, 4, 3, 3, 3, 3, 3, 3, 3, 3, 3, 3, 4, 4, 4, 3, 3, 4, 5, 6, 5, 3, 3, 3, 4, 3, 3, 3, 6, 3, 3, 3, 5, 3, 3, 4, 4, 3, 3, 3, 3, 5, 3, 3, 3, 3, 3, 3, 3, 3, 4, 4, 4, 3, 3, 3, 3, 3, 3, 3, 3, 3, 3, 3, 3, 5, 3, 3], "cluster_size_std_dev": 0.6539312205986337, "avg_cluster_size": 3.288973384030418, "total_nr_of_clusters": 263, "sum_pos_deviation": 44.87435271456351, "all_pos_deviations": [0.2162829864612722, 0.22739791829122638, 0.10326813867043903, 0.1169695736776855, 0.174317529541308, 0.1169695736776855, 0.12499593595555132, 0.16769960527503613, 0.21695279341909987, 0.17534783301334747, 0.22936918796834624, 0.18500333095785393, 0.12730078349616405, 0.11701743621174117, 0.2287597016508244, 0.13010520909440512, 0.15472057546231927, 0.14625673623254418, 0.18627461747623467, 0.22302798862139125, 0.1262344511937168, 0.12532449103559237, 0.09725727398344608, 0.19544657598806922, 0.12169096670767282, 0.07582177996451321, 0.1322344664627665, 0.1960441443034859, 0.14076589164313782, 0.12454351612418751, 0.24137177748568958, 0.28517097425094273, 0.10833732580771821, 0.22409645074258586, 0.1796177715091325, 0.1613867622080049, 0.21447714978415666, 0.16530688320097744, 0.14346265109511175, 0.16276715341458256, 0.12681059976430745, 0.12198401663635228, 0.21823050770109334, 0.2206394778459502, 0.22121232378011593, 0.1259054790260593, 0.24407560803259568, 0.20447670423654435, 0.23340673936636058, 0.177462948541022, 0.1586237199635511, 0.1407400545743841, 0.11512653225615495, 0.14761788157730624, 0.13547485411536322, 0.1352762180536854, 0.1623421466806204, 0.12813419058942208, 0.16699748986500818, 0.2598568271428321, 0.2598568271428319, 0.2032130524337328, 0.21639073548087628, 0.17329723852511988, 0.17444924804661033, 0.18489784555215516, 0.1330504632418725, 0.18061207568293755, 0.2067846221483525, 0.17339197865350794, 0.13396916272999787, 0.11740407819713665, 0.18618994719208584, 0.15140116290281855, 0.18833476158300066, 0.09579379100843526, 0.1332808994365096, 0.12287857485529263, 0.3195825385900698, 0.08782902024739532, 0.19384484568529667, 0.2535425159215874, 0.20721691172811638, 0.2252202524119975, 0.2181955713901741, 0.14042232606757613, 0.20442123879165494, 0.15645826068160337, 0.11472333803414674, 0.20610672008368636, 0.12249857261201358, 0.1626010852982591, 0.15889683314856287, 0.1900927084635439, 0.13533335094386031, 0.16117312511965032, 0.1935535765249565, 0.12671102458748487, 0.08565720413657722, 0.1779410551781889, 0.12531716765352438, 0.16634462329747732, 0.14782485869837825, 0.23125805544910885, 0.11831961749217128, 0.21040561947892775, 0.18728259989069532, 0.09943972548845696, 0.146781018807515, 0.20260113016405934, 0.10588230520194053, 0.1830326573884223, 0.2599163924957228, 0.209643134286399, 0.21872519392153134, 0.07089503545971601, 0.13300389141621247, 0.1489502781642806, 0.18245730561305043, 0.17264440601959752, 0.2433490161496, 0.18476137383512933, 0.14185293103408694, 0.16237129412091886, 0.1470087498245959, 0.11775537674284585, 0.1584005758244139, 0.19632758424406246, 0.19632758424406246, 0.1481605253203673, 0.18116228162344872, 0.058071335106699505, 0.058071335106699505, 0.22140139246599672, 0.17529422838664335, 0.16172683246256597, 0.1617268324625663, 0.1050023500640388, 0.13999154473360986, 0.23417620835918007, 0.19254718304774177, 0.26134931072066486, 0.23605799278072848, 0.21134882001323776, 0.20658611312725142, 0.15032327293806194, 0.2391602971234812, 0.21900519610143335, 0.23064582309552617, 0.20916872872852202, 0.09446722318843181, 0.12981473913171668, 0.1949358642755, 0.17326593987959474, 0.1934701638240006, 0.07516928369099185, 0.16610201002342861, 0.254845514793471, 0.17216467078097705, 0.17946808476731857, 0.1729423590372328, 0.1516804921456887, 0.18099326676720137, 0.21304898475173076, 0.1504860219158576, 0.1504860219158576, 0.09283547690991961, 0.1470797695846881, 0.19520957146062132, 0.2449680928236223, 0.19349843952111034, 0.11743003794605167, 0.12692248886351218, 0.15132262232805282, 0.15718721565837415, 0.1817071403795356, 0.11236326658326046, 0.1516858689413734, 0.16327836009529761, 0.17495027147892686, 0.14325175457861883, 0.1942702107099911, 0.21853155430854312, 0.1338749980290518, 0.14918795512578095, 0.1702868835005555, 0.17165725217618885, 0.1024696881744797, 0.17037334514278102, 0.20392076699833858, 0.28430127103197217, 0.23963477237487898, 0.16798755608308638, 0.16646821471577603, 0.1617889385149697, 0.12416952046153294, 0.14587556620240885, 0.16540423866068518, 0.17420125473868373, 0.16387505364938434, 0.20287983207294547, 0.13026076921669108, 0.21078500473894016, 0.1508676546146757, 0.21106539718368902, 0.1754584406813053, 0.16318406037001132, 0.14225969718254947, 0.14225969718254947, 0.1758390215490343, 0.22049183294052452, 0.1411737889081718, 0.17866935351355842, 0.22303645281161355, 0.23646252066984808, 0.25369854678381387, 0.13334782533783998, 0.14860244346897555, 0.2306169740341908, 0.25245484550684383, 0.18876639803139295, 0.13669502659824115, 0.07741879480074997, 0.2025963451494, 0.18469685128093336, 0.17759325873198006, 0.17759325873198006, 0.2674022657752068, 0.2125799847709062, 0.13859205674406516, 0.184691788621964, 0.14623510475112067, 0.14234643291895166, 0.08539226976597863, 0.1294505175133141, 0.1368149885532375, 0.1801113221535548, 0.13380049391844706, 0.1385856088765062, 0.17838328977756315, 0.1788479771430362, 0.1744951179824057, 0.1744951179824057, 0.11975490827362796, 0.13545258015314202, 0.20572386944444973, 0.26889987378588304, 0.25096778951158305, 0.14186287108122017, 0.11460773885263921, 0.1171979744233639, 0.13289835523871188, 0.16114180940822798, 0.21584161768136514, 0.22511669709208926, 0.07052843536617744, 0.23243134490104111, 0.15105603099673107, 0.16957928844388714, 0.2158182349464848, 0.2682152137886328, 0.19676550440576765, 0.11331821034259341], "avg_pos_deviation": 0.17062491526450002, "pos_deviation_std_dev": 0.04665229938499986, "sum_rot_deviation": 241.60093770127168,