{"sum_size_of_clusters": 876, "all_cluster_sizes": [3, 3, 3, 3, 3, 3, 3, 3, 3, 3, 3, 4, 3, 3, 3, 3, 4, 3, 3, 3, 3, 3, 3, 5, 3, 3, 3, 3, 3, 3, 3, 3, 3, 3, 3, 3, 3, 3, 3, 3, 3, 3, 3, 4, 3, 3, 3, 3, 3, 3, 3, 3, 4, 4, 4, 4, 3, 3, 3, 3, 3, 4, 3, 3, 3, 3, 3, 3, 3, 4, 3, 3, 4, 3, 3, 3, 4, 4, 3, 3, 3, 3, 3, 4, 4, 3, 3, 3, 3, 3, 3, 4, 4, 3, 3, 3, 3, 3, 3, 3, 4, 4, 3, 4, 5, 3, 3, 3, 4, 3, 4, 3, 3, 3, 3, 3, 3, 3, 3, 3, 3, 3, 3, 4, 3, 3, 3, 3, 3, 3, 3, 3, 5, 6, 3, 3, 3, 3, 4, 3, 3, 4, 3, 3, 3, 3, 4, 3, 3, 3, 4, 4, 4, 3, 3, 3, 4, 3, 3, 4, 3, 3, 3, 3, 4, 3, 3, 3, 3, 3, 4, 4, 3, 3, 4, 3, 4, 3, 3, 4, 4, 3, 4, 3, 3, 3, 3, 3, 3, 3, 3, 3, 4, 3, 3, 4, 3, 3, 3, 3, 3, 4, 3, 3, 3, 3, 3, 3, 3, 3, 3, 4, 5, 3, 3, 3, 3, 6, 5, 3, 3, 3, 3, 3, 3, 3, 3, 5, 3, 3, 3, 3, 4, 3, 3, 3, 3, 5, 3, 3, 3, 3, 3, 3, 3, 3, 3, 3, 3, 4, 3, 3, 4, 3, 3, 3, 4, 3, 3, 3, 3, 4, 3, 4, 3, 4, 3, 3, 3], "cluster_size_std_dev": 0.5370633083448193, "avg_cluster_size": 3.2565055762081783, "total_nr_of_clusters": 269, "sum_pos_deviation": 45.90795879316384, "all_pos_deviations": [0.1737838065357119, 0.1977264586605706, 0.19404206380559377, 0.1260614449477044, 0.1899909948649662, 0.14560387923687373, 0.13673546946181506, 0.20270581444851468, 0.2085391052988931, 0.19748729532476686, 0.1397718851707483, 0.22939337566280896, 0.12713002898252604, 0.08497365046742733, 0.22251610188201928, 0.11958419186473346, 0.151999245269922, 0.17876396325101496, 0.1514473821623091, 0.18430100736223373, 0.1224594944464602, 0.1718672992389696, 0.19728308263441785, 0.24140770094412903, 0.21347317198092564, 0.18565130455154885, 0.2256232369092536, 0.1687208965781968, 0.2197739343102847, 0.18049336438997357, 0.14943430985025252, 0.18297252959159716, 0.23705544079894303, 0.13372340253247433, 0.24616065313760305, 0.19810429992285203, 0.19805267891928433, 0.1439871959618739, 0.10520258271746506, 0.17935644141867588, 0.16258222209695042, 0.20488398610473765, 0.17960111465833647, 0.2006339339567408, 0.18452375393554146, 0.08795401528211692, 0.17532748890229768, 0.1250942504677112, 0.15329767311729847, 0.09984245519134503, 0.11523438820480118, 0.13140210853649834, 0.13233794075524, 0.21948611547967942, 0.17419059112663782, 0.2090437657945965, 0.1956639496498861, 0.2274490475647907, 0.144492133454786, 0.04747110112308512, 0.1717615018063541, 0.1848869629781569, 0.15811035948408464, 0.1730053932495609, 0.1660353777098096, 0.11997618366042369, 0.10968448594177949, 0.0948225296425247, 0.10856069955183756, 0.27979034089970173, 0.14575964331974164, 0.14491002162438604, 0.21058864697822186, 0.15856255266083877, 0.2038714599558836, 0.17806454385082526, 0.15927851241722757, 0.23256509822923102, 0.16719368846173369, 0.10899020084161114, 0.13014964424310782, 0.21169166045055166, 0.20262679613710424, 0.17352167606060606, 0.16965832914842305, 0.1541819606520087, 0.14884974716765045, 0.1913774723979759, 0.10200613507000306, 0.13311227558282063, 0.08316880675945142, 0.20224099688472416, 0.19789665038149254, 0.24266299893666743, 0.19667685351335074, 0.19417574208691357, 0.18537424369053027, 0.1967740414515983, 0.17707960354272753, 0.1539312717507551, 0.19241978927343398, 0.2060816362445588, 0.17236237916415129, 0.15432193513613704, 0.21783744559481208, 0.16981053556099923, 0.15371616463193366, 0.1388666619247926, 0.2370177571918629, 0.07941413790447457, 0.19162241072072903, 0.1883393659652556, 0.13018211268563987, 0.19687408578311183, 0.1029007406548396, 0.20646371930691357, 0.0699264553081933, 0.1324623425749541, 0.12020401871259712, 0.168178785971783, 0.18839057831389658, 0.20703984744530213, 0.17995458083096505, 0.2029830127071858, 0.1617759335405454, 0.17896294504690635, 0.11404167682394768, 0.20285915515062017, 0.14137843446974677, 0.1966695178323287, 0.24497100309729813, 0.08955006044086278, 0.2740976865586417, 0.21007126146757357, 0.15921075117625672, 0.12721807332883925, 0.1799781047221626, 0.1751326822456457, 0.19463428354149695, 0.1094745397847799, 0.23969521635858823, 0.15050307436116864, 0.16175500305793844, 0.19603581892047517, 0.1663941748493022, 0.1853049501562494, 0.24809070223946053, 0.19126451747058967, 0.080200602763795, 0.10898599043986834, 0.17941329970398376, 0.19034038257000507, 0.2165254567690369, 0.1828659364489719, 0.17809327956940846, 0.22764864716472488, 0.17789048215524386, 0.09981760858140341, 0.1515827187687545, 0.16118123597718273, 0.0686181923586329, 0.08987971914252264, 0.17397202485811095, 0.11225297195023652, 0.14931871868800087, 0.08387256564419954, 0.13760491232326122, 0.1685294053819889, 0.09113510234333884, 0.2035169498386571, 0.21518531309620673, 0.17851190063132663, 0.19836862280498313, 0.16991295923059765, 0.10393177798604193, 0.17026479544093773, 0.15598314356363852, 0.18322113087468542, 0.13854405637298375, 0.22910708563074408, 0.13502983492889029, 0.1543686976230859, 0.18920009580099603, 0.12540536381765224, 0.23086356292456597, 0.09994656211428939, 0.19469624050314138, 0.1675608835232907, 0.18243408998105415, 0.19397975447658036, 0.17091240927179774, 0.22883329257036658, 0.23381597841445792, 0.21084422745005296, 0.14145179858762988, 0.22620161188321108, 0.15491125134061168, 0.1716100858364629, 0.2044328593795085, 0.06738496490357605, 0.12433510124161094, 0.21848953540151936, 0.16316244342756095, 0.20439491639595805, 0.20887478407866536, 0.06712502386008436, 0.15542723618436863, 0.12452069575970338, 0.213729873888131, 0.11671914523061762, 0.17875105507503722, 0.24766496208905445, 0.2107592241278718, 0.2256289269797974, 0.15415810904706886, 0.20312119639492554, 0.1582169791820778, 0.29405067204932334, 0.31918621945160364, 0.19389614140979752, 0.21606481925912988, 0.1535470977212046, 0.22118914675343046, 0.15939887839057051, 0.14023253345727363, 0.18576262004887387, 0.17701105978472553, 0.21850474147616872, 0.07604974228089462, 0.14266925249523957, 0.17239591868597004, 0.1762121055756968, 0.24114516613973166, 0.10896098095613377, 0.2620105694324994, 0.13941016493157224, 0.06090992485311592, 0.2687896072335477, 0.21600383830480765, 0.16093186102835985, 0.21156030060911957, 0.1449953582549399, 0.12786487090763665, 0.1793993874516664, 0.1574261330111388, 0.20141126328104322, 0.18172380917814182, 0.0364048848671974, 0.1540662828085953, 0.07574689924194111, 0.15846027680337021, 0.12887597299196954, 0.16299607088643495, 0.1503052205538233, 0.22259140049756163, 0.23550898629839678, 0.14876118168252553, 0.14421337498317552, 0.22973266791790015, 0.14515832126367337, 0.16535366238007174, 0.22385710641927406, 0.15315737546596572, 0.2784756527777286, 0.1642020965086558, 0.2262204355258777, 0.15068661428922583, 0.1342952542928549, 0.2110477112037802], "avg_pos_deviation": 0.1706615568519102, "pos_deviation_std_dev": 0.04677454397348713, "sum_rot_deviation": 238.1055759130006,