{"sum_size_of_clusters": 553, "all_cluster_sizes": [3, 3, 3, 3, 4, 3, 3, 3, 3, 3, 4, 3, 3, 3, 3, 3, 3, 3, 3, 3, 3, 3, 3, 3, 3, 3, 3, 4, 3, 3, 3, 3, 3, 3, 3, 3, 3, 3, 3, 3, 3, 3, 3, 3, 3, 3, 4, 3, 3, 3, 3, 4, 4, 3, 3, 3, 3, 3, 3, 3, 3, 3, 3, 3, 3, 3, 3, 4, 3, 3, 3, 3, 3, 3, 3, 3, 3, 4, 3, 3, 3, 3, 4, 3, 3, 4, 3, 3, 3, 4, 4, 3, 4, 3, 3, 3, 3, 3, 3, 4, 3, 3, 3, 3, 3, 3, 3, 3, 3, 3, 3, 3, 3, 3, 3, 3, 3, 3, 3, 4, 4, 3, 4, 3, 3, 3, 3, 3, 3, 3, 3, 3, 3, 3, 3, 3, 3, 3, 3, 3, 3, 3, 4, 3, 4, 3, 3, 3, 3, 4, 3, 3, 4, 3, 3, 3, 3, 3, 3, 4, 3, 3, 3, 4, 3, 3, 3, 3, 5, 3, 3, 3, 3, 3, 3, 3], "cluster_size_std_dev": 0.3660512347930362, "avg_cluster_size": 3.1420454545454546, "total_nr_of_clusters": 176, "sum_pos_deviation": 28.6220298014545, "all_pos_deviations": [0.1672766382866531, 0.19844578906868623, 0.1438901468883075, 0.1596247798715333, 0.15694697153993073, 0.11087700197915151, 0.1705040224549574, 0.18111010072630984, 0.16776023971655438, 0.21983209385510027, 0.09721353652688215, 0.18012289781670143, 0.07262967261776594, 0.14547882077418414, 0.20229647083395327, 0.213074277831825, 0.17303679065174263, 0.15985383441358783, 0.16287675639829657, 0.1407690642580137, 0.14084450465480478, 0.08631746198173801, 0.1642959142613618, 0.15000863152350452, 0.21739320691616779, 0.08125837348491251, 0.15836359652174228, 0.20161854543850502, 0.1297347125303363, 0.17020959910426905, 0.07438687180862733, 0.09385956499532698, 0.19498998155605418, 0.18366351784018217, 0.2244764601825484, 0.21886480881316903, 0.15626672397421998, 0.13987365906063984, 0.1541128367022494, 0.19259181257511307, 0.1784491466698337, 0.1749169279687198, 0.16163369431464533, 0.21608988727468703, 0.11062377806303826, 0.12977289493380148, 0.24261482764998, 0.18903643439636494, 0.2531039948960798, 0.2242789078809417, 0.19590332767778174, 0.1926644915054534, 0.17073688891101615, 0.21726924413340634, 0.18358453089921467, 0.12959792646665358, 0.19959371124947714, 0.13387711642497438, 0.15706586294493705, 0.02928550204957157, 0.1783586010936267, 0.15611686646867193, 0.15119249466945722, 0.13945778945159332, 0.1862561464058173, 0.09416322838714587, 0.1617981234463464, 0.22594208992491172, 0.1853378288299999, 0.1577329294655416, 0.15218260987339127, 0.13381535276141227, 0.08329683633767643, 0.10459598576931911, 0.16843721425041555, 0.09043157712149884, 0.18514727381485493, 0.13064432196727327, 0.13923954765562555, 0.10553473423319583, 0.14656032928594218, 0.12060182849318853, 0.24170816857661828, 0.11287138260630476, 0.12923070930178246, 0.15589656117403333, 0.14597178949572595, 0.12963812461461327, 0.11220572773445525, 0.17220431610265374, 0.17429937533053286, 0.16387087166376466, 0.2739650777159243, 0.17388660131910938, 0.13650400192945944, 0.1676054193948651, 0.19371106980682476, 0.12405413917581183, 0.1704995518844585, 0.12499731009314113, 0.05475771068909777, 0.14514543437338373, 0.13023652794767931, 0.1495321803335566, 0.22672151393915305, 0.18396706350241795, 0.21427775173132024, 0.11040707808743883, 0.20889027548857972, 0.129387288544249, 0.17183578487744788, 0.17740809346943417, 0.23208445450048745, 0.07530634151110928, 0.12196088968463113, 0.15071476812451945, 0.13227741350941882, 0.1683644222243892, 0.22102264493151022, 0.15677159727066872, 0.13807393442655364, 0.10999450894622949, 0.19789599416594483, 0.22559814065270545, 0.10664283485361331, 0.15295056472259894, 0.1572986402878821, 0.18999759690686413, 0.15974042032826422, 0.2173414958164804, 0.1317697972537311, 0.21626987008288748, 0.21066838206357805, 0.0817022646033586, 0.15632018986916754, 0.21489495741012676, 0.1462629073231077, 0.1802744962897893, 0.17927487583895693, 0.13203845500491052, 0.18699935250400845, 0.15979366077327098, 0.18867698645647268, 0.16167065930760413, 0.20129150413721283, 0.12939958729368653, 0.2183085560211047, 0.1393885733031949, 0.1903486553887814, 0.1303113867521034, 0.15059930050236034, 0.15933328193126586, 0.20903134030344048, 0.22189691325429098, 0.126344119904836, 0.11572080118292623, 0.16011393474497973, 0.21493653674646995, 0.14333047059340245, 0.27944822512348827, 0.17324266235661198, 0.23739451532621794, 0.08056486983381479, 0.18417134748993202, 0.19707175619233475, 0.17166909797372765, 0.17011434973030978, 0.20247102974333556, 0.21031871974198388, 0.22495053336381118, 0.17790459874939393, 0.13658311246892965, 0.14418561089365298, 0.1447457061798247, 0.13420918178785946, 0.13259560743745205], "avg_pos_deviation": 0.16262516932644602, "pos_deviation_std_dev": 0.04301216060667716, "sum_rot_deviation": 151.3285534606683,