{"sum_size_of_clusters": 514, "all_cluster_sizes": [3, 5, 3, 3, 3, 3, 3, 3, 3, 3, 3, 3, 3, 3, 3, 3, 5, 3, 3, 4, 3, 3, 3, 3, 3, 3, 3, 3, 4, 3, 3, 3, 3, 3, 4, 3, 3, 3, 3, 3, 3, 3, 3, 3, 3, 4, 3, 3, 3, 3, 4, 4, 3, 3, 4, 4, 3, 3, 3, 3, 3, 3, 3, 4, 3, 3, 3, 3, 3, 3, 3, 3, 3, 3, 3, 3, 3, 3, 3, 3, 3, 3, 3, 3, 4, 3, 3, 3, 3, 3, 3, 3, 3, 3, 3, 4, 3, 3, 3, 3, 3, 4, 4, 3, 3, 3, 4, 3, 3, 3, 4, 3, 3, 3, 3, 3, 3, 4, 3, 3, 4, 4, 3, 3, 3, 3, 3, 3, 3, 3, 3, 4, 3, 3, 3, 3, 3, 3, 3, 3, 3, 3, 3, 3, 3, 4, 3, 3, 3, 4, 4, 3, 3, 3, 4, 3, 4, 3, 3, 3, 3, 3], "cluster_size_std_dev": 0.4107294966560803, "avg_cluster_size": 3.1728395061728394, "total_nr_of_clusters": 162, "sum_pos_deviation": 26.857992682108414, "all_pos_deviations": [0.17190960658332619, 0.34909786676372445, 0.18795256093397406, 0.12496626324898635, 0.12150326768667506, 0.1226874680577605, 0.20585374503292345, 0.21764762508552427, 0.20348027761546536, 0.2019861171464062, 0.18548747502515217, 0.17734226644841297, 0.22802967204250849, 0.1005277828361928, 0.23769481702538917, 0.20427199017255412, 0.1472226524870481, 0.22722264901511183, 0.24800962173445928, 0.16285911719381044, 0.20733836335427594, 0.15300995595859856, 0.12406887835549885, 0.19181963999497878, 0.16339582170556696, 0.11017520484607483, 0.22744196909842593, 0.17912544575110975, 0.2089186867417925, 0.07481421152010836, 0.12986590892582348, 0.19531003116995727, 0.09130641168967607, 0.08738228987402331, 0.2254698383145489, 0.1601079050980347, 0.03311929834682866, 0.14720062760466449, 0.17845764950633006, 0.19637963385649015, 0.18588126372283872, 0.17382187317346667, 0.16036540827712317, 0.15259746521741668, 0.07726572141579603, 0.1747992357368592, 0.17122662360985905, 0.1556274254494454, 0.141386498544584, 0.14965789054455958, 0.24034570700774327, 0.09761660052158679, 0.09206319133782144, 0.21582427412311989, 0.2091296685143671, 0.18192260421324657, 0.1340967131065892, 0.14098186278631275, 0.14026092794306383, 0.16400420367764632, 0.11653482025392914, 0.23609136155091034, 0.15463947683993035, 0.22770959321438963, 0.08433156851903441, 0.2175126146605181, 0.1374293164491, 0.1282254015347523, 0.08145674280594553, 0.17898762182841454, 0.2374191977346963, 0.07999067283241658, 0.14185903210208853, 0.12819712993541874, 0.19672767288424672, 0.19694264989896856, 0.17062185467198165, 0.13843039172551178, 0.25875369467593695, 0.1549747019347058, 0.16678534147803104, 0.1879641975986688, 0.21095696422635413, 0.13512706765867957, 0.20106755837311743, 0.19657852866082284, 0.11245481084551517, 0.14865476442005884, 0.151242690755341, 0.1801852851290742, 0.08906744647651405, 0.15325303694312528, 0.15389312859977547, 0.18395973751564643, 0.176589472567361, 0.2709079053073406, 0.21934502100271877, 0.20656029519793395, 0.10756324500796344, 0.14963962832873204, 0.09607343765772859, 0.1947767771447584, 0.17468776936408859, 0.22426262572299827, 0.18648325593990944, 0.08741782859863416, 0.1995817440114548, 0.11837702372625525, 0.18679290799760917, 0.16655365089081217, 0.18162809441537942, 0.1691537352642928, 0.21846997409213817, 0.15244301851086184, 0.15342993753765513, 0.09618014056061541, 0.17029873995986453, 0.138893707321371, 0.2102588390919847, 0.11291138401885913, 0.20510916362030238, 0.19159868505063093, 0.1462942143366551, 0.1782877795684652, 0.19693760352657871, 0.11242308902197827, 0.09418054118036275, 0.1839049800731544, 0.09869650520362479, 0.13084945004630866, 0.15196175120082642, 0.17175623605303691, 0.1414024861075751, 0.16127519177724234, 0.1270931234671179, 0.15347792087768153, 0.19300914633318803, 0.20049041739982107, 0.16401921693003219, 0.08181546220446538, 0.1239271583265032, 0.17560679219148545, 0.21882842886278117, 0.1642374075760774, 0.13574629689912274, 0.17255643726228242, 0.11037622636066163, 0.1834160885056704, 0.21635315645302958, 0.1673913001913789, 0.2355448953125728, 0.1580823244886864, 0.19693776743149516, 0.13098475212912855, 0.23991428235232878, 0.12947711808161208, 0.19003869858128075, 0.22982642433967815, 0.13895182026238773, 0.15808806627816704, 0.1420615192100055, 0.17842075028843274], "avg_pos_deviation": 0.16579007828461984, "pos_deviation_std_dev": 0.04651727712582428, "sum_rot_deviation": 140.9775728084572, "all_rot_deviations": [0.36458060596602565, 0.6767309372935243, 0.5941565065153144, 0.9879308091608854, 0.5019743524183886, 0.2203646902685447, 0.4736345501350046, 1.2387888662794144, 0.9941955318716299, 1.0216769101198173, 0.07050060652863148, 0.7516322489050314, 1.1607298805921673, 0.7112754567605104, 1.0264681934352498, 1.0068775445600229, 0.8870091045088946, 1.6110365353847615, 0.5058723503163624, 0.37916822132411165, 0.8938673845810049, 0.9361893769799791, 0.4995056660378525, 0.09235660563373711, 0.9911254345644628, 1.0339894412234514, 0.643771139864033, 0.6841848236696558, 0.972537111290402, 1.0606572290619163, 1.3025026151698151, 0.918803353572223, 0.8923645703527466, 1.0226597615271913, 1.3839541818086418, 0.05377406119328443, 0.9209183205089978, 0.45787895765330794, 1.0301347006359973, 0.8714329700757907, 0.8908358104526837, 0.9012736515584034, 0.9671525477680901, 1.1623944045681476, 0.8566119153497835, 1.5131895099147363, 0.41199290597640426, 0.6823601566096453, 1.339339626536396, 0.7351244135140469, 1.0480034857135385, 0.7502610961460608, 1.3388340996739216, 0.03754937792124465, 1.404094767567001, 1.1191381782666623, 0.3442429993902585, 0.46166070953173716, 1.2333495122636087, 0.7457985848537313, 0.6214659183107413, 0.6671143882230529, 0.9148511329593031, 0.7688313592749256, 0.8693630172671498, 0.8937551648063359, 0.7248439078332062, 1.0003425508858175, 0.5294996961286955, 0.9176063064565577, 0.5862844359745581, 0.946962565526491, 1.4726839232809497, 0.7682345689443585, 1.0717832728254781, 0.9273640032416793, 0.24001965211756718, 0.9807758506054975, 0.8713439423260283, 1.1719487604968224, 1.2675817410585082, 1.0371927729591472, 0.2086006608307646, 1.0467959920816463, 1.2018310744509095, 0.5939934957922895, 1.0309170684039664, 0.888149535293012, 0.33286872891211705, 0.958079711864606, 0.6489088243709179, 0.242773110653803, 0.9491588681862191, 1.1239687383494275, 1.4650179872846987, 1.3370401357127537, 0.5895637169527416, 0.1684457888462095, 0.9596585469320349, 0.8443163627084793, 0.70412446790227, 1.4140537665866095, 1.413983053382778, 0.985221109302728, 0.53635472860778, 0.9898873612182882, 1.3889727028220236, 0.9346070747988175, 0.9507430663440698, 1.040654534993305, 0.7310307842312147, 1.0174529538214332, 1.033200580189525, 1.587578009158347, 0.9356372622792356, 0.49942931047559674, 0.38049284289532626, 1.0637840202772502, 0.6539456673567758, 1.1040913610379433, 1.1715618808139565, 1.4778727201860344, 1.223977839280774, 0.8661116941049402, 0.9573608530383945, 0.6722446441909938, 0.7892830918422228, 0.7883146990623304, 0.7526634598492853, 1.1394249090810127, 0.8525103596555953, 0.8179440244660898, 1.2255747352314796, 1.0339506544584964, 0.9787202561817011, 1.0196144825654636, 1.3628467890737852, 0.996002506910135, 1.196167561424084, 0.8289159136402366, 0.9897079697463417, 0.7250777614743441, 0.7742958802178408, 1.0242892416541898, 1.0445227828538537, 0.7298406580167838, 0.8955008570199131, 0.49585558849834716, 0.7130315786054705, 0.6031927322437057, 0.7288818272647022, 0.39861901493075774, 1.216586954298621, 0.9689941580541764, 1.3522048215267994, 0.8347524799604028, 1.0880615707473074, 0.6145792974792834, 0.09058160171245362, 0.9975204563035246, 0.603843494849653, 0.9409677078060609], "avg_rot_deviation": 0.8702319309164025, "rot_deviation_std_dev": 0.3296112227789385, "sum_boids_eaten": 481}