{"sum_size_of_clusters": 650, "all_cluster_sizes": [3, 3, 3, 3, 5, 3, 3, 3, 3, 3, 3, 3, 3, 3, 3, 4, 3, 3, 4, 3, 3, 3, 3, 3, 4, 3, 3, 3, 3, 3, 3, 3, 4, 3, 3, 3, 3, 3, 4, 5, 3, 3, 4, 3, 3, 3, 3, 3, 3, 3, 3, 3, 3, 3, 3, 4, 3, 4, 4, 3, 3, 3, 3, 3, 3, 3, 3, 3, 3, 3, 4, 4, 3, 3, 3, 3, 4, 4, 3, 3, 3, 4, 3, 3, 3, 3, 3, 3, 3, 3, 3, 4, 3, 3, 3, 4, 3, 4, 3, 3, 4, 3, 3, 3, 3, 3, 3, 3, 4, 3, 3, 3, 4, 3, 3, 3, 5, 4, 3, 3, 3, 3, 4, 4, 4, 3, 3, 3, 3, 3, 3, 3, 5, 3, 3, 3, 4, 3, 3, 3, 3, 5, 3, 3, 3, 5, 3, 3, 3, 3, 4, 3, 4, 3, 3, 3, 3, 3, 3, 3, 3, 3, 3, 3, 4, 3, 5, 3, 3, 4, 3, 3, 3, 3, 4, 3, 3, 3, 3, 3, 3, 3, 3, 3, 4, 3, 3, 3, 3, 3, 3, 3, 3, 3, 3, 4, 3, 3, 3, 4, 3], "cluster_size_std_dev": 0.500049748768841, "avg_cluster_size": 3.2338308457711444, "total_nr_of_clusters": 201, "sum_pos_deviation": 33.54700435741779, "all_pos_deviations": [0.17575559552841033, 0.23156090731878373, 0.17033609725447282, 0.15053787742415684, 0.24363769515644101, 0.1599236055268109, 0.1256223304145582, 0.18279253762724368, 0.1401860779753348, 0.1989751986917908, 0.10895204950109964, 0.20971613871689576, 0.11837434769513568, 0.194518933136365, 0.13067512981388588, 0.14906409550247104, 0.07314408777750868, 0.07555023554662316, 0.21279807408272466, 0.12613932544623482, 0.18826653496046794, 0.21749027485657288, 0.21381301023569174, 0.17346859389832847, 0.08899741633470513, 0.11944857471516525, 0.07534575482116325, 0.1613455453312217, 0.21473006356592997, 0.1964974879377149, 0.2427006479596873, 0.07560988065388334, 0.17761422275551494, 0.16451111809592864, 0.23732946855763873, 0.12621118052743338, 0.16293427823568316, 0.14046189435716872, 0.19293488490295138, 0.1973905065900753, 0.15024048605565074, 0.11169585945375599, 0.22901586746658756, 0.19327210440526132, 0.19910383944359852, 0.0497839159688282, 0.17644231092036897, 0.1375055172284194, 0.20400170801791906, 0.11241585366659201, 0.144042134928423, 0.2106492395521812, 0.1137170638970915, 0.17690113565850832, 0.15349786947783828, 0.08889213475118002, 0.1811102960577133, 0.14596842242232066, 0.19981590223480347, 0.2506218972476824, 0.14143518421616694, 0.197192661994105, 0.08280371179026297, 0.149820011883007, 0.09643122033522179, 0.20114719000110415, 0.19240724531592257, 0.10072106567351453, 0.1709833472687434, 0.08493480447029127, 0.16859373148642878, 0.19137389270936134, 0.12536854125432587, 0.19464793190859705, 0.16442793972604614, 0.11468669568482863, 0.18037436621087907, 0.2339995613766113, 0.15074686115243446, 0.1696567152319937, 0.17920203575649107, 0.2420580909259085, 0.19009640607331454, 0.16205116594810823, 0.2442550263915524, 0.21506587090116558, 0.1646138248324905, 0.07583180275647018, 0.1409709033756447, 0.14542070275035288, 0.08546558467125913, 0.24252424414350557, 0.06538067492404614, 0.17762779114430752, 0.21043004014495414, 0.20919664477012437, 0.19392759140187632, 0.1866084895344854, 0.1535410870342835, 0.1802728700191145, 0.15708800767957148, 0.18733722598253263, 0.11120144937229764, 0.1529829998867033, 0.1612909271251968, 0.045225892942404165, 0.14909074806023387, 0.1754566965464163, 0.2460412523907732, 0.14686053832742577, 0.0788383999969704, 0.14946436434380264, 0.23942875939343403, 0.06794175928680941, 0.2162809237966589, 0.19169035485571806, 0.22498601702162593, 0.1138453004563059, 0.1616745849337058, 0.1339184187352479, 0.10949805192120232, 0.21840862634986014, 0.18023381245519102, 0.10468770345953328, 0.24633672089397438, 0.2006243702748279, 0.14040144832128332, 0.1838505884839141, 0.14288346305724886, 0.09900433247277807, 0.18946881140063476, 0.19416688762819223, 0.22671495622857987, 0.1826264865400148, 0.17208478536189567, 0.11472161494409028, 0.19287871204545146, 0.1608807631197561, 0.2198895588886924, 0.15378130065010492, 0.16529650197060386, 0.17504801504758402, 0.24914741530163775, 0.1278317870472175, 0.16361307668126968, 0.24195236685818133, 0.16048149096766554, 0.18106009265551107, 0.18347293829540956, 0.16377614862023313, 0.23061233337376696, 0.09115473914914844, 0.22033033655656778, 0.152101051728093, 0.21627578750501494, 0.1273623249126318, 0.1709351656733413, 0.1803543260039415, 0.12416131964036335, 0.2160777751237095, 0.0837257577084995, 0.2357415436970897, 0.22903003061998795, 0.18633176808717744, 0.1924959148994688, 0.23749644527124344, 0.21343479245325123, 0.22026154157710134, 0.17680341051533946, 0.15508944614868206, 0.18378762198973328, 0.1909211654086783, 0.1244809381179761, 0.15478750496875193, 0.24856186762180468, 0.17459403121457737, 0.2351438357006365, 0.21509498554040207, 0.08137005651477487, 0.14724152932748827, 0.1763888843448704, 0.16080116173124306, 0.12067538695949857, 0.17321838594186745, 0.1837721651910592, 0.13850080638717402, 0.18825251322358053, 0.16841175152595725, 0.22238092474681373, 0.08687620443408424, 0.13940935268855695, 0.21100550485140804, 0.18954183764846969, 0.21738907525826498, 0.17880304954141366, 0.1325727856192534, 0.16899153872662373, 0.10956857252671133, 0.131496837745088, 0.2178845755224966, 0.10948748120381235], "avg_pos_deviation": 0.1669005191911333, "pos_deviation_std_dev": 0.04707789829689119, "sum_rot_deviation": 176.46072610740467,