{"sum_size_of_clusters": 590, "all_cluster_sizes": [3, 4, 3, 3, 5, 3, 3, 3, 3, 3, 3, 3, 3, 3, 3, 3, 3, 3, 3, 3, 4, 3, 3, 3, 3, 3, 3, 3, 3, 3, 5, 3, 3, 3, 4, 3, 3, 4, 3, 4, 3, 3, 3, 4, 3, 3, 3, 3, 3, 3, 3, 3, 3, 3, 3, 4, 3, 3, 3, 3, 3, 3, 3, 3, 3, 3, 3, 3, 3, 3, 3, 3, 3, 3, 3, 3, 3, 4, 3, 3, 3, 3, 3, 3, 3, 3, 3, 3, 3, 3, 3, 3, 3, 3, 3, 3, 3, 3, 4, 3, 3, 5, 3, 3, 3, 5, 3, 3, 4, 3, 3, 3, 3, 3, 3, 3, 3, 3, 3, 3, 3, 4, 3, 3, 5, 5, 3, 3, 4, 4, 3, 3, 3, 3, 3, 3, 4, 4, 3, 3, 3, 4, 3, 3, 3, 4, 3, 3, 3, 3, 3, 5, 3, 3, 3, 3, 3, 3, 3, 3, 3, 4, 3, 3, 3, 3, 3, 3, 4, 3, 3, 3, 3, 3, 3, 3, 3, 5, 3, 3, 3, 3, 3, 3, 3], "cluster_size_std_dev": 0.4911077672089151, "avg_cluster_size": 3.189189189189189, "total_nr_of_clusters": 185, "sum_pos_deviation": 31.693020392343232, "all_pos_deviations": [0.20471923510646403, 0.1873578927769923, 0.14888247512040773, 0.08797597248262529, 0.24962597257552882, 0.1754739527538085, 0.14699097597233685, 0.17006528331668833, 0.22933664753225944, 0.12644679570895737, 0.07593975795911657, 0.22853548827379522, 0.2108821974682782, 0.15475688641076837, 0.19557038894534906, 0.19133847637991241, 0.18946265815560695, 0.21359847051010727, 0.201781800556275, 0.2410891111864891, 0.23292503955016197, 0.14627200010200694, 0.10586701195679783, 0.15517834912030673, 0.1352278780998952, 0.16881433513253538, 0.20053765685910516, 0.126059415861019, 0.19745388560658794, 0.09163507582167525, 0.1666995140193967, 0.14106950440218854, 0.11384034729172975, 0.15431037601808287, 0.13969757258022636, 0.16106341254486223, 0.21349417393881423, 0.1874385779581187, 0.21000776401068388, 0.16948251949645785, 0.161503507071712, 0.23167012709129606, 0.1577791440573802, 0.2739794384489526, 0.23832252616575336, 0.13033128234031657, 0.2455872345901647, 0.1451306200547315, 0.1851370817546466, 0.131587823399955, 0.11503132204405213, 0.20436878438741868, 0.17420312043890399, 0.20201606415161058, 0.18896213295396716, 0.2026038686476934, 0.16814447093926313, 0.19403524301321254, 0.11657383715046842, 0.25776677743213383, 0.16948795531130265, 0.10499093665475236, 0.22983356418097334, 0.16709266254174335, 0.21557067289208928, 0.211281467942775, 0.2546313022319626, 0.20938414732100222, 0.09730451710028053, 0.22353123123042162, 0.10700051362242897, 0.2171728685430767, 0.13458783847966432, 0.17109331269397798, 0.18431827620526361, 0.1402280655277275, 0.10154659158570574, 0.2180527020233051, 0.14209758341434395, 0.17170846394425546, 0.14252352005294636, 0.1404610919261098, 0.1740598776851446, 0.14438431416871544, 0.16627451066474874, 0.16774325517274646, 0.14311384812508263, 0.15415841144814288, 0.16959997408198615, 0.15340256991715018, 0.10494883665846476, 0.08629349287955511, 0.11415132189171652, 0.18622789239605017, 0.18770349457447008, 0.21255210800249788, 0.21868343500189902, 0.1090175932687426, 0.17907306935521258, 0.16383017622175292, 0.10933277328024449, 0.22054109460941645, 0.19153666131721347, 0.10061304656409918, 0.16957964936653472, 0.11813465737184718, 0.12616059104643604, 0.2219248211959931, 0.20013616627836192, 0.1862668787243095, 0.09061146654240448, 0.14886236397531266, 0.13196965883955, 0.12419055093512103, 0.1837367605138325, 0.18464966902655489, 0.1537280561310861, 0.12545703543318476, 0.12860692338492988, 0.21073019384989308, 0.1644452178149068, 0.19209268410567146, 0.22929085282433817, 0.19879302426614096, 0.20495977234682297, 0.1817238811770686, 0.19322284606268467, 0.0925709820856926, 0.1739202984962436, 0.18484469632881914, 0.144054205180041, 0.09286904394134256, 0.14742290194815666, 0.1981798294938936, 0.20242956445268423, 0.09774625272285316, 0.0902122728880445, 0.21713199115526935, 0.2201686069426184, 0.1793640857945403, 0.17010552817426727, 0.20170563686589008, 0.20039083708560113, 0.15269005788469822, 0.09264365650953893, 0.10333806389381556, 0.19708285150847601, 0.1460594161899936, 0.20036711846660327, 0.2130089447495155, 0.16460543731960486, 0.24253070172430952, 0.16095386372178982, 0.2512716994418796, 0.15277949382804204, 0.25480825861944606, 0.17280246920830064, 0.18256222379384787, 0.11534509875879172, 0.18994747753325544, 0.17496042741522336, 0.19171326935818458, 0.17822754293953388, 0.2157418780896012, 0.18744835959612757, 0.1611095805797034, 0.13663305547405447, 0.17952156760237833, 0.20727213148685333, 0.15740733971331924, 0.12381834170881485, 0.11892364441475978, 0.15606252697456202, 0.18870806894396827, 0.1640806075635511, 0.1594908425340029, 0.14939390559836552, 0.26070933298223814, 0.19926972156716372, 0.16273198650128562, 0.21661202929628767, 0.18093446864935456, 0.24442517915715437, 0.14855335534328531, 0.1713036425253902], "avg_pos_deviation": 0.17131362374239584, "pos_deviation_std_dev": 0.042664156624634395, "sum_rot_deviation": 159.93537729285725,