{"sum_size_of_clusters": 489, "all_cluster_sizes": [3, 3, 3, 3, 3, 3, 3, 3, 3, 3, 3, 3, 3, 3, 3, 3, 3, 3, 3, 4, 3, 3, 3, 3, 3, 3, 5, 3, 3, 3, 3, 3, 3, 3, 3, 3, 3, 4, 3, 3, 3, 3, 3, 3, 3, 3, 4, 3, 3, 3, 3, 4, 3, 4, 3, 3, 3, 3, 3, 4, 3, 3, 3, 3, 3, 3, 4, 3, 3, 3, 3, 3, 3, 5, 4, 3, 4, 3, 3, 3, 3, 3, 3, 4, 4, 3, 3, 3, 3, 3, 3, 3, 4, 3, 4, 3, 3, 3, 3, 3, 3, 3, 3, 3, 4, 3, 3, 3, 5, 3, 3, 4, 3, 3, 3, 3, 4, 3, 3, 4, 3, 3, 3, 3, 3, 3, 3, 4, 3, 3, 3, 3, 3, 3, 3, 3, 3, 3, 4, 4, 4, 3, 3, 4, 3, 4, 3, 3, 3, 3, 3, 4, 3], "cluster_size_std_dev": 0.4451319072597258, "avg_cluster_size": 3.196078431372549, "total_nr_of_clusters": 153, "sum_pos_deviation": 25.517688732097866, "all_pos_deviations": [0.12370830419189023, 0.1650363820906659, 0.19510455208967792, 0.19443680744026295, 0.21371585019692307, 0.09155283033463142, 0.18338811733673363, 0.16376145183113022, 0.16623257481860065, 0.12223914379554945, 0.23821203220644982, 0.1863306464465612, 0.1470332109103342, 0.13869383523024145, 0.1974928705643784, 0.08334795548907653, 0.1914250347409806, 0.1681303383390009, 0.15883360297253027, 0.23137477982122898, 0.12816472813884858, 0.1966012104998577, 0.22049809865420786, 0.2099892449783536, 0.17562436593653982, 0.19740727079588635, 0.18646512560933964, 0.17776186516819822, 0.24184618677090308, 0.18822649448443315, 0.18126891852937732, 0.17148567886801322, 0.1469817451265329, 0.19030063923718968, 0.1887848993483012, 0.21586039223556575, 0.18239247978322784, 0.2471443838473123, 0.18506063617402183, 0.13622163211120514, 0.14892680383617793, 0.17384214751244786, 0.08702819877235747, 0.1888770359031825, 0.12987375918335856, 0.16371522781867012, 0.17573123615450303, 0.15803809868479765, 0.13754615380403387, 0.1228876607453695, 0.1829602185693002, 0.1717869723876464, 0.13714925677702236, 0.15632908212519345, 0.13492429325424363, 0.16362373923170795, 0.13075702280814996, 0.2218378735327996, 0.1335019659987882, 0.14210246079222522, 0.15530554453740716, 0.14290296506843192, 0.1438554558506097, 0.08882799226050635, 0.14372258123048504, 0.19651350107444696, 0.09583622979992279, 0.1596136587726481, 0.18940584463115695, 0.14691524642075288, 0.22505385013182566, 0.18180723961066933, 0.2097126815061884, 0.1772301572030582, 0.21072626574072503, 0.1395943700265765, 0.24140193465376755, 0.18621783301705128, 0.10294510223246962, 0.1646467920308442, 0.11515688513229698, 0.1210062172013493, 0.23617515738025985, 0.18514548972146785, 0.19835069503735314, 0.16413217257171742, 0.14737824465423216, 0.17261035532397626, 0.15164571690999404, 0.05525845198519905, 0.1634767118127006, 0.13273045459240573, 0.1489474445262661, 0.14465141916649002, 0.18324483245107068, 0.10938223704333355, 0.1879930099068132, 0.19513089901056435, 0.18664893096409899, 0.17338783958097062, 0.2336842099045824, 0.20888937578065292, 0.15004297260009616, 0.15550955833476202, 0.123359472616639, 0.20283101430018124, 0.08675524681265034, 0.1454445716219973, 0.25015749173366836, 0.13055952532861767, 0.12295579494247351, 0.12148012342892744, 0.14418051686672148, 0.1753262909676917, 0.13216493808272556, 0.14659984073416374, 0.1445556642910614, 0.21298790791848854, 0.13010397533266846, 0.1922462812242551, 0.21026613742188593, 0.23240424355558764, 0.17380963602220303, 0.08079818763313668, 0.247242353064967, 0.19804228097794785, 0.10936306611996967, 0.1393737779974461, 0.13049742227420535, 0.14710706382373653, 0.11650264846594593, 0.12010013425745031, 0.1743954447960969, 0.16665991335706085, 0.20658435861217364, 0.18063408205847772, 0.12625331757273162, 0.19899088485095975, 0.1394710506435256, 0.14028391104877394, 0.12726671371450002, 0.24017597652042902, 0.24435547681842754, 0.17075973411178033, 0.23245366575740545, 0.22266583286735298, 0.141879215429238, 0.2269852475935706, 0.18154692821008478, 0.14314321759497386, 0.14367871926345802, 0.17151803750403946, 0.15838134352705566], "avg_pos_deviation": 0.1667822792947573, "pos_deviation_std_dev": 0.039997495797424384, "sum_rot_deviation": 132.57656293369902, "all_rot_deviations": [1.2699290902437401, 0.9923028845914771, 0.5497370940309653, 0.6010972672885205, 0.9478466632466093, 0.9962881613294434, 0.8925790111989288, 0.22962405712968317, 0.441554007813969, 1.02867625568381, 0.6067567190187726, 1.095153786451575, 0.8807342643624793, 0.23642870558820753, 0.2913004074484259, 0.4776090540054323, 1.4233573394327788, 0.7207568826459223, 1.1174796633335644, 1.1583986802744781, 1.374465950663315, 1.0467339787038634, 1.1931310476302077, 0.669121771529286, 1.0367541830394584, 0.5158680924045863, 0.9266211972269677, 0.444285182794849, 1.2740567305377495, 1.4024376447709095, 0.673904811490731, 1.105642332644554, 1.5072448039255857, 1.27347474422692, 0.8371683512277182, 1.0574848837353021, 0.7914636653206578, 0.8774653073041934, 0.8579188749789747, 0.030781475379408157, 0.3755002774284982, 0.8018002505202476, 0.13739876053700825, 1.0344248834061576, 0.8112768286933992, 1.4056017189632, 1.325536689172266, 1.4076409063347077, 0.8218946507771351, 0.7498492045975961, 0.5631952603957066, 0.8068884831437702, 0.7845902443063556, 1.4188290724421266, 0.6734840718004849, 0.9494056713122321, 0.5633543684036303, 0.8455932607339386, 0.8322897165732246, 0.8107094723600523, 1.2111430069780995, 1.1383758466866702, 0.7700532652400257, 0.5249018724661699, 0.09289199414010828, 1.1639078174115383, 0.7788015377311235, 1.1325082130937671, 0.20837219153335615, 1.1417769695569577, 0.9043503766003749, 0.7058678336153479, 0.7456589608329548, 1.2215426026059713, 1.0933159886032975, 1.049745683185605, 1.1225969829794666, 0.7236308843557234, 0.7907087439946084, 1.0255252199571598, 0.7451814679504537, 0.9790914349504704, 1.103564762557262, 1.2753488830326165, 1.248558199754834, 1.0035128213945326, 0.7113822720813133, 0.7279759089887431, 0.5516856735351042, 0.777562049016017, 0.18170247173507934, 0.9730259105748562, 1.1869552386241211, 1.4837969155785309, 1.4418641572342459, 0.870384630945941, 1.0543280073783199, 0.135468060036836, 1.1868757685481246, 1.2022135006607984, 1.0396552805079289, 1.0126191699855471, 1.1529951782898638, 1.0343805722327544, 0.9583270823438103, 0.7115560758594525, 1.2372970223919486, 0.5885637027950198, 1.1302123387004912, 0.4247729349545635, 0.864285237309779, 0.7846502702435771, 0.21052271291976843, 0.9305982577617126, 0.8577405508558669, 0.9456956406724984, 0.40070984003944216, 0.7152155976227151, 1.0298055415252048, 1.2116011354851566, 1.0379325799913683, 1.0907283798509142, 0.9808717706050328, 0.8455296696926825, 0.21578086507546987, 0.9688111640052807, 1.0061597455816813, 0.4531043840236487, 0.18207465934075798, 0.5596199804228249, 0.954405791459665, 1.2818148469106367, 0.7892839908584927, 0.9018068727341023, 0.986557098048641, 0.9279505219211622, 1.2584171810373748, 0.8489530398814082, 1.4414491789354171, 1.0054544199590487, 0.7382080792922678, 0.25913962736321317, 0.6851809319367884, 0.44533211352884794, 0.6575010633353129, 1.0426596038443365, 0.7376047462620456, 0.4782978457114799, 0.7333311010156196, 0.821102090040796, 0.876635677537473, 0.7669684461367563, 0.9976383821590854], "avg_rot_deviation": 0.866513483226791, "rot_deviation_std_dev": 0.3270212092008972, "sum_boids_eaten": 574}