{"sum_size_of_clusters": 500, "all_cluster_sizes": [3, 4, 3, 3, 3, 3, 3, 3, 3, 3, 3, 3, 3, 3, 3, 3, 3, 3, 3, 3, 3, 3, 4, 3, 3, 3, 3, 3, 3, 3, 3, 3, 3, 3, 3, 3, 3, 3, 3, 3, 3, 3, 3, 3, 4, 4, 3, 3, 3, 3, 3, 3, 3, 3, 3, 3, 3, 3, 3, 3, 3, 3, 4, 3, 4, 3, 4, 5, 3, 3, 3, 3, 3, 3, 4, 3, 3, 3, 3, 3, 4, 3, 3, 3, 3, 4, 3, 3, 4, 3, 5, 3, 3, 4, 4, 3, 3, 3, 3, 3, 3, 3, 3, 3, 4, 3, 3, 3, 4, 3, 3, 4, 3, 4, 3, 3, 3, 3, 3, 4, 3, 3, 5, 4, 3, 3, 4, 3, 3, 3, 3, 3, 3, 3, 3, 3, 3, 4, 3, 3, 4, 3, 3, 3, 3, 3, 3, 3, 3, 3, 3, 4, 3, 3, 3, 3, 3], "cluster_size_std_dev": 0.43591424778562277, "avg_cluster_size": 3.1847133757961785, "total_nr_of_clusters": 157, "sum_pos_deviation": 26.493679773748724, "all_pos_deviations": [0.18315003694728196, 0.17206054832667395, 0.17417949924980958, 0.19586209395465548, 0.1322738426925558, 0.10458751805506938, 0.19533466876021655, 0.208302712164399, 0.15643152078255892, 0.0533301385081012, 0.16686840103615838, 0.1891424126877744, 0.19773999417439145, 0.18125086595713455, 0.18076092875325797, 0.16780148474084988, 0.17610192122201604, 0.15581026532248035, 0.1911326341665839, 0.15676192542407938, 0.11656324259966334, 0.21953623577796533, 0.09943789464326663, 0.15111733649159959, 0.1620832931394134, 0.17766808799448983, 0.2025382605439726, 0.15767629798202376, 0.24600198172693663, 0.16390625105803927, 0.23051581212361713, 0.17300238215116434, 0.07018303653082829, 0.1579282063440044, 0.1639909126470134, 0.1592485558104528, 0.0574251272486784, 0.1431512211299469, 0.1518509564217788, 0.14115860175758874, 0.2288224111859827, 0.10145430945390348, 0.19598547092338114, 0.18147373766366617, 0.13638491515078163, 0.11927206206288887, 0.1762663704463209, 0.18742651435159274, 0.1632645250137329, 0.18466333066550375, 0.06787259535173253, 0.21147437247818637, 0.18442262380067762, 0.10515217642761958, 0.043344503814481065, 0.12601837021390125, 0.18868725382499074, 0.13656930369709094, 0.18809758776552213, 0.13601964244835293, 0.09770620181336793, 0.14741752132156463, 0.1983168148259585, 0.22145391612683718, 0.1559251349663362, 0.12769423782463507, 0.2204025238248032, 0.2463371835528192, 0.15010136853273198, 0.21223807140427473, 0.1956519389616723, 0.18327006607335208, 0.10929278552646975, 0.2315262564704271, 0.16529188996881086, 0.25431130202928875, 0.21327933744894567, 0.11433748852806667, 0.15152021359505233, 0.18105825438299192, 0.13979702759294563, 0.16554190931079862, 0.13692519434417905, 0.2220550262600214, 0.111066458396614, 0.16734808866468165, 0.155917549767433, 0.23590430597991044, 0.2459212384303845, 0.20530705174722738, 0.34335729897548833, 0.12171595883655222, 0.15482966267755105, 0.11622138700004092, 0.1584917698079341, 0.1072528190528775, 0.19828960014140873, 0.2012110902659415, 0.17148609599020617, 0.1816395209307664, 0.14543065156426777, 0.14923636326242526, 0.19918891636394298, 0.19788400335827147, 0.20603188450803958, 0.14774802702671433, 0.1823935036057037, 0.18444401426518142, 0.11296080647830348, 0.16763837215510557, 0.17309530776016066, 0.2696237840047697, 0.22061632682466384, 0.2379502255191243, 0.14042346518303953, 0.11927140391956736, 0.19364668383164138, 0.24515255934474664, 0.16318084492160312, 0.16230509418017644, 0.14924234402472383, 0.18999020845272038, 0.2031460926844534, 0.20533737795791504, 0.13950644019617095, 0.19580571060738935, 0.13582348923127666, 0.13677317054613838, 0.16311228517088697, 0.11640489578091667, 0.17336588698849667, 0.17384267679538323, 0.12989608675130995, 0.20374710312480407, 0.14236413833876405, 0.1981694506767735, 0.20319281748728155, 0.22509148089878492, 0.2078157162788725, 0.11281428190136804, 0.19235280140577268, 0.09239824926685998, 0.18145367905863174, 0.2246480001745831, 0.22989974199458443, 0.20892926098791018, 0.16644588191434442, 0.07888609843572895, 0.08808044487552587, 0.1819272870816346, 0.1272152494725488, 0.0909383964091796, 0.14965636637188107, 0.2158399644813013, 0.22609560597570255, 0.20873920036401175, 0.1425589083664704], "avg_pos_deviation": 0.16874955269903646, "pos_deviation_std_dev": 0.04594861734917101, "sum_rot_deviation": 137.81399440705053, "all_rot_deviations": [0.31954426653455664, 0.9517063749213601, 0.995143174032028, 0.7711323460846132, 0.9813250425712136, 1.0462093493620521, 0.5454392197121899, 0.7841900835803909, 1.1823254829140495, 1.1478800264749258, 0.38384948826532267, 0.9001415916661947, 0.9401126015233697, 1.0432768741307965, 0.7617569123669684, 0.89359498229799, 1.1065397321086283, 0.8335808813198927, 1.0342367066589826, 0.7225327544409165, 0.8845560416193963, 0.9699630565805614, 1.3484665971550571, 0.5977004758767847, 1.037307265319262, 0.5371079735074614, 1.0302858952651486, 1.6129613302602548, 0.7714643162680236, 0.7163072228171498, 0.7587904441725426, 1.2957746020386418, 1.0046389360703276, 1.604678633443332, 0.3631953034383062, 1.041880694973773, 0.9863313810560204, 1.0651438799941049, 0.887028837416024, 1.4752767258681476, 0.5128544006838016, 0.9090956746991182, 1.0783962589928762, 1.0446754244483276, 0.4698822772406843, 0.49691883601844256, 0.6889003427231043, 1.046963430670451, 0.37939670795485253, 0.5124519822473536, 1.4912058132864086, 0.606346954682096, 0.8673354693942161, 1.2079483216081994, 0.6964249448653262, 0.7382006658354356, 0.8994004068663589, 0.7504224487423978, 0.8911634333766466, 0.3933967708900176, 1.034147944500832, 0.7828627061569486, 0.9710507000712816, 0.6858613268041428, 0.6723176198762669, 0.13916097970336816, 1.1659974225116247, 1.2477993423616236, 0.9882643736329229, 0.8461434804977395, 0.35909907533201874, 1.0434257708838108, 0.2942605059157364, 1.0512546459729764, 1.0975083757923212, 0.8640506984315987, 0.06633093786791229, 0.7670182291169793, 0.6661729726557208, 0.7636340802953692, 1.2534877246859222, 0.8694155953124865, 1.3681168317370294, 0.961263661628152, 0.9511537758761405, 1.013680044285734, 1.2748972979915534, 0.6556868900446516, 1.2785507139349237, 0.21840947325804283, 1.4313172758588952, 1.0343670057102825, 1.2408424182797397, 1.1356425601193454, 0.82466478949396, 0.9453657691950021, 0.961074369361199, 1.0089659082013374, 1.3995196614467045, 0.29335500382213997, 1.2907234106355328, 1.0096993520808264, 1.4053400505599392, 0.9906497044237198, 1.2500137271130651, 0.28915801045935685, 0.6877378106521447, 1.0786314138661808, 0.7840637168088123, 0.5074122901192886, 0.33629186819789, 1.4415124729615185, 0.9809431140262306, 0.47167239953184853, 1.233713557042493, 1.0419292206801394, 0.4993626643720283, 0.5568516580883903, 0.9146810717176352, 0.866940349357707, 0.8363004261662147, 1.0016035428769474, 0.8739486423828648, 1.0711568258875799, 1.3352909248938811, 0.375216799327589, 0.7830295758563838, 0.9457291083919355, 0.9903709956491807, 0.47281158997094125, 0.851956203710027, 0.22355131030702813, 0.9229791159679932, 0.9068127831618847, 1.4520588442897242, 0.807218712478431, 0.23022388604606844, 0.8973136702053096, 1.1387257209883592, 0.8558989534012674, 0.9651736855252181, 1.2004608219431658, 1.0169753594975735, 1.4788795509274018, 1.0468412303315726, 0.514303464037808, 0.5389862318375119, 0.5871604750743641, 1.0432459685266706, 0.48293900251081956, 0.6371941896037273, 0.6335843469785905, 0.8474470132934361, 1.0253686338417525, 0.49435161226654944, 1.0121604894446923, 1.0385008087979835], "avg_rot_deviation": 0.8777961427200671, "rot_deviation_std_dev": 0.3182217265398188, "sum_boids_eaten": 792}