{"sum_size_of_clusters": 487, "all_cluster_sizes": [3, 3, 3, 5, 3, 3, 3, 3, 3, 3, 3, 3, 4, 3, 4, 3, 3, 3, 4, 3, 3, 3, 3, 3, 3, 3, 3, 3, 3, 3, 3, 3, 3, 3, 3, 3, 3, 3, 3, 3, 3, 3, 3, 3, 3, 3, 4, 3, 3, 3, 3, 4, 3, 3, 3, 3, 3, 3, 3, 3, 3, 3, 4, 3, 4, 3, 3, 4, 3, 3, 3, 3, 3, 3, 3, 3, 3, 3, 3, 3, 3, 3, 3, 3, 3, 4, 3, 3, 4, 3, 3, 3, 4, 3, 3, 3, 4, 3, 3, 4, 3, 4, 3, 3, 3, 3, 4, 3, 3, 3, 3, 3, 3, 3, 3, 3, 3, 3, 3, 3, 3, 3, 3, 3, 3, 3, 5, 3, 3, 4, 3, 4, 3, 3, 3, 3, 3, 4, 3, 3, 3, 3, 4, 3, 4, 3, 3, 3, 3, 4, 3, 3, 3, 3], "cluster_size_std_dev": 0.4037532932871895, "avg_cluster_size": 3.1623376623376624, "total_nr_of_clusters": 154, "sum_pos_deviation": 26.057300950682354, "all_pos_deviations": [0.1860179427609077, 0.20321927754923252, 0.14741647160031587, 0.1863174612637289, 0.1496070508420828, 0.220859392832897, 0.19602784574577473, 0.11314603316729145, 0.2121912941589242, 0.19337285264814483, 0.18142860469861188, 0.13508686058085492, 0.21035336973416344, 0.169796412328207, 0.17398396780045963, 0.13523462268541253, 0.21791087506434845, 0.13026716122262028, 0.17047706545839167, 0.11899566758607055, 0.12538864346917886, 0.24934922439768695, 0.17288206425896535, 0.14549517924481206, 0.15633094670947698, 0.14998552148105884, 0.1934417732904892, 0.1310724877718966, 0.1777891853039111, 0.16755780774146664, 0.1332495848673572, 0.1979756263234429, 0.1498644878966432, 0.2020914258206632, 0.06397878903399254, 0.16568882999837456, 0.17535551442349417, 0.1200633622863309, 0.05951854719854721, 0.1756996995405763, 0.1873858097525306, 0.11584710583269171, 0.13646842169322104, 0.1792468021578956, 0.15831570943811937, 0.09898327651023324, 0.2799620184092912, 0.1045649516035052, 0.21132925159294338, 0.13920677593903993, 0.12554312683188942, 0.14833658112257175, 0.23294121568706383, 0.11199615045571724, 0.1741177492154272, 0.18757887012175747, 0.12845939625456385, 0.22169909487455927, 0.14459990192151703, 0.13998856907822244, 0.14309589614937684, 0.17729906819072908, 0.1646577288422078, 0.12586354467619798, 0.13573261472901368, 0.14329916129445947, 0.22961967535944713, 0.2683446689511665, 0.13412926751856027, 0.06147273585024948, 0.1845811342494386, 0.2127152372334029, 0.1866471922920745, 0.2190314087061617, 0.1838137502913568, 0.25602225964731534, 0.20395701224063265, 0.16764861298358355, 0.19834109171370587, 0.2154961521829026, 0.12630984663216024, 0.2077269951831372, 0.10022693512365616, 0.16323665502462859, 0.10755233406938813, 0.19515269129937207, 0.1581377806427534, 0.19722171934029642, 0.1982947763620896, 0.16535246100079135, 0.13366059205346226, 0.228962059500983, 0.1230775943202901, 0.11091640258170943, 0.11276105928717363, 0.15584647614637043, 0.21318629278764736, 0.17422654693464043, 0.2183813082853033, 0.19938123280191036, 0.15105520106132167, 0.18930018321381414, 0.13607932669935155, 0.22218774626569746, 0.13629063483588003, 0.15885782733563278, 0.20755977931627437, 0.17317027561459633, 0.19492969965213303, 0.10220611713664253, 0.17618069578084258, 0.1188827916726994, 0.23790223398665453, 0.16987663659732907, 0.1333695077772896, 0.11511053122530453, 0.20450623738752513, 0.15740713097263984, 0.17959491014573, 0.10371367728559651, 0.14194133338863776, 0.13462635911507884, 0.15702777628775916, 0.15889676803776817, 0.19112897272555676, 0.15877224650736968, 0.2209914706076761, 0.10232133984291199, 0.16148689830906252, 0.2374049780110626, 0.23415410263354963, 0.19037563562294732, 0.20860420162075055, 0.11258987725164192, 0.16825122033335296, 0.11828316543991903, 0.11476860584568949, 0.2191562041447348, 0.21852023118640962, 0.20323588900458597, 0.21835794313601087, 0.19647389948107005, 0.18088744773946094, 0.18212917377639315, 0.2249610969062988, 0.11352173397027499, 0.223344861888529, 0.18779510702051408, 0.19573533615270758, 0.20851127039717285, 0.18207131952529912, 0.12473149708088664, 0.17627226755477785, 0.2293498944142223], "avg_pos_deviation": 0.16920325292650878, "pos_deviation_std_dev": 0.04238161388873848, "sum_rot_deviation": 136.38592544062055, "all_rot_deviations": [1.314065373554121, 0.27701806122533307, 1.0448971859947644, 1.298127328062233, 0.8506772698568742, 1.4522259573484948, 1.4859079653730742, 0.618021885320236, 0.912167534033561, 0.5718570041454936, 1.1135766992978582, 0.8350104283600611, 1.515236988475333, 1.0415644107617075, 1.4123611160094212, 1.0729196267488172, 1.1526166523310906, 1.0276676365150574, 1.0502880060696111, 1.0393578361684574, 1.1577083311387788, 0.5207835476425707, 0.4582383127297503, 1.0324789317778562, 0.6734038405842755, 0.7016249621347926, 1.0440122635202365, 1.0130469016177084, 0.692393999267621, 0.964837016171138, 0.030185257841373936, 0.030185257841373936, 1.0464799995030116, 0.5547508008185799, 1.1989858636538089, 0.7913460978730291, 0.810168733194522, 0.9551786354013753, 1.0311731194995761, 0.9219201626448527, 1.026950413500481, 0.39520774464646474, 0.5439198764331591, 0.5444017121349696, 0.6528737023138897, 0.38639623587057975, 0.5867533461811665, 0.29448256781945953, 1.0216382664764596, 1.0349559628619636, 0.43324853095361976, 1.3683925735415658, 1.0588838444387363, 0.5915480907207528, 1.1744193008285395, 0.6622156609452395, 0.3784631295943382, 1.1139826741851022, 1.0020581821735561, 1.0250794894463544, 0.5320903810180914, 1.1897302289076748, 1.188153836605855, 1.3008597996516829, 0.5841397150009993, 1.189384426898335, 0.455856172191163, 1.2124975222452337, 1.0410174282088036, 0.44016884321381994, 0.9388380078406908, 0.17265605331714973, 1.0457707206496993, 1.0391200076788372, 0.6117138856232431, 0.6231656575243464, 0.445011987053773, 0.0649587968087005, 1.066039764468776, 0.5855711155282021, 0.7055503462284762, 1.5824339343886453, 1.1100623937059293, 1.279911649176247, 0.943786028312091, 0.5177225579825286, 0.27060329116692117, 1.2449081151053867, 1.119065301394946, 0.5738676537107397, 0.6358599623196173, 0.9051404391439536, 0.7339149290151217, 1.2551533946254034, 1.0345215461855337, 1.26132252602325, 0.950765237207978, 1.4067987652412086, 0.6541171862289602, 1.3667834213844212, 1.0299394554257544, 1.1563380427890153, 1.1033850121776612, 1.3503090432433746, 0.0570896465972018, 0.12680209524097621, 1.3437047248769944, 1.0339200952480991, 1.092755914797633, 1.1817773310299635, 1.132443805573801, 1.028835857339198, 0.30973087808532657, 0.9879115568403742, 0.3074292558896907, 1.5378241973624125, 1.490764093619888, 1.4991034570117623, 0.7224130233281169, 1.0142853285658167, 0.9948899642218872, 0.8425951626663705, 1.2604583490741048, 0.5699369192084456, 0.7615459825666049, 0.605918453116645, 1.4379618766627185, 1.3292621076619897, 1.0440017634863092, 1.0086536830976356, 1.0956552209427664, 0.38298519157667305, 1.0373840149501508, 0.2895958420119647, 0.5212635697605376, 0.43155889134153, 0.9677246988945983, 0.7291604223582554, 0.7956706638393634, 1.1527201741614237, 1.2490960055219305, 1.3283582207152633, 1.310218397281414, 0.24275043212048883, 1.516340370937677, 1.067226246430959, 0.3060546205790793, 0.7787372169822984, 0.4386468417493967, 0.6625782336117494, 0.9913454522034675, 1.326427010775766, 0.734735531593553, 0.37833375891781995], "avg_rot_deviation": 0.885622892471562, "rot_deviation_std_dev": 0.36955522330932083, "sum_boids_eaten": 364}