{"sum_size_of_clusters": 1286, "all_cluster_sizes": [3, 3, 3, 4, 3, 3, 4, 3, 4, 3, 3, 4, 3, 4, 3, 5, 3, 3, 6, 3, 3, 3, 5, 3, 5, 4, 3, 4, 4, 4, 4, 5, 3, 3, 3, 5, 3, 4, 4, 4, 3, 3, 4, 4, 3, 3, 4, 3, 3, 3, 3, 4, 3, 3, 4, 3, 3, 3, 5, 4, 3, 3, 5, 6, 3, 4, 3, 3, 5, 4, 3, 3, 3, 4, 4, 4, 3, 3, 5, 3, 3, 4, 3, 3, 4, 4, 3, 4, 5, 3, 3, 3, 3, 3, 3, 3, 3, 4, 3, 3, 3, 4, 4, 3, 4, 3, 3, 4, 3, 3, 4, 3, 3, 3, 3, 4, 3, 4, 3, 3, 4, 4, 3, 3, 3, 4, 4, 3, 3, 4, 5, 3, 3, 3, 3, 3, 3, 3, 5, 3, 3, 3, 4, 4, 3, 3, 4, 4, 3, 3, 3, 3, 4, 3, 3, 3, 4, 3, 7, 4, 4, 5, 3, 3, 5, 4, 3, 4, 3, 4, 3, 3, 3, 4, 3, 3, 3, 3, 3, 3, 3, 3, 3, 3, 3, 4, 4, 3, 4, 4, 3, 3, 3, 3, 3, 4, 3, 3, 3, 3, 4, 3, 3, 3, 5, 3, 3, 3, 5, 3, 3, 3, 4, 3, 3, 4, 4, 3, 4, 3, 3, 3, 3, 3, 3, 4, 4, 3, 3, 3, 3, 4, 3, 3, 3, 3, 3, 3, 3, 3, 3, 3, 3, 3, 3, 5, 4, 3, 3, 3, 3, 3, 4, 3, 3, 4, 3, 4, 3, 4, 3, 3, 4, 4, 4, 3, 3, 4, 4, 3, 3, 4, 4, 3, 3, 3, 4, 4, 3, 3, 3, 4, 3, 4, 3, 3, 4, 3, 3, 3, 4, 3, 3, 3, 6, 3, 4, 3, 3, 3, 3, 3, 3, 3, 3, 3, 4, 4, 3, 3, 3, 4, 3, 3, 3, 5, 3, 3, 3, 4, 4, 3, 4, 3, 4, 3, 4, 3, 4, 3, 3, 3, 3, 3, 3, 3, 3, 4, 3, 3, 4, 3, 3, 3, 3, 4, 3, 3, 4, 3, 3, 3, 3, 3, 3, 3, 5, 4, 3, 3, 3, 3, 4, 4, 3, 3, 5, 3, 3, 5, 3, 3, 4, 3, 3, 4], "cluster_size_std_dev": 0.6605177423379802, "avg_cluster_size": 3.4202127659574466, "total_nr_of_clusters": 376, "sum_pos_deviation": 59.571220236164216, "all_pos_deviations": [0.17917946803433923, 0.10667932549091959, 0.04999733315474531, 0.13928583873114206, 0.1326503524155782, 0.14636587561040626, 0.17021389329770067, 0.09115125670478454, 0.20640448099149034, 0.1361612326875655, 0.17143669117975188, 0.14737413164335242, 0.1981689720345192, 0.17144627259294068, 0.17583952645172918, 0.24254647608571936, 0.19184284278133404, 0.07845297201319455, 0.2806990288076963, 0.12723015560218043, 0.22737386273806384, 0.125987786859905, 0.23445101022616682, 0.07515877020667942, 0.17414031426028945, 0.12632354151473793, 0.17586819333466416, 0.19655970319887392, 0.15118620404339592, 0.15361329382674707, 0.24109125311027133, 0.17257210621440894, 0.165465707922664, 0.15580023042851696, 0.22629207256840367, 0.1919412267649341, 0.13095427950851202, 0.20008842519662662, 0.16458104774575796, 0.20455658200061297, 0.13374160322260467, 0.23851571320766907, 0.1731642911177663, 0.20812650798769372, 0.1978548962768617, 0.13687714884602944, 0.20518903028419144, 0.21322950893699813, 0.1123454690546161, 0.11034738784437914, 0.12950583284760178, 0.12255116720827668, 0.14029823247821924, 0.07070609996870153, 0.21031435015525068, 0.11505717828237351, 0.1831425759681963, 0.10832308737343582, 0.18730827911763012, 0.16595297132342907, 0.14422179769611496, 0.1032482818433813, 0.2639729729583657, 0.16707430409232824, 0.2136350215249483, 0.060228205389086936, 0.09590361890492073, 0.24213805397012433, 0.1543629099436121, 0.1451509925502854, 0.2117053011554754, 0.1897181513015375, 0.10311953400453483, 0.129573894289863, 0.2505240812724126, 0.12665591759143804, 0.1561798108841401, 0.13489986120008965, 0.15737097805149527, 0.14230018891511628, 0.08823433683504532, 0.17165249351750864, 0.062232211217347434, 0.17647702654927122, 0.22424671283419276, 0.1380218862292872, 0.057276258835735165, 0.12588103171086704, 0.19070794271039265, 0.19304164371070956, 0.20373829763423698, 0.10206187367698917, 0.17935249386443308, 0.12293683452611243, 0.13098421942237257, 0.1503959037892364, 0.23010564028215388, 0.14447771952645597, 0.13783033744050482, 0.1595588348403009, 0.19503334454077192, 0.18419168614844697, 0.11947577740455262, 0.14005464192292952, 0.21383104986990595, 0.14190208604708818, 0.17969499430803568, 0.18340033634248387, 0.14165714126378987, 0.17178231921298306, 0.044060862209912795, 0.216790861151804, 0.2018156601507596, 0.1352373462344921, 0.19680162133385168, 0.18422417107405328, 0.11960799709538888, 0.14034139415756353, 0.15467147030486508, 0.14314356154373167, 0.05888352287798803, 0.17895236373033996, 0.16397013608745567, 0.10954220082368578, 0.10158601089393249, 0.1929075570098356, 0.14022149748783772, 0.14947799952482518, 0.12197849671768742, 0.16455737402314066, 0.1558859556461542, 0.22375009317110303, 0.10028766441634611, 0.14052301859089358, 0.13327307685804932, 0.22140233858275457, 0.19174722576073097, 0.11136199028729034, 0.19307843450477075, 0.09514600797884482, 0.137059727950275, 0.2135153694290807, 0.2037509161415828, 0.1276994169828106, 0.12803499788154246, 0.13404910754452629, 0.18143504168938654, 0.1994634839305165, 0.16276178537314653, 0.15196896517557146, 0.16966293554251113, 0.1618605363646537, 0.13518069534865604, 0.17273807940751948, 0.12767314392880494, 0.20005860260610567, 0.1446242414805596, 0.024923646622848076, 0.23984543479446319, 0.15396769490303822, 0.17317094104393174, 0.2198536715140409, 0.21176777326511773, 0.09066771273568987, 0.2140488646888759, 0.15647226264603228, 0.15486207041078112, 0.18022681530632859, 0.10714597815659, 0.07090614325854376, 0.15948059722213384, 0.10186137056069389, 0.14152843721547095, 0.18501371413803466, 0.1951810124721728, 0.21097737409533804, 0.09212395263805201, 0.2167661211190224, 0.12587864077434652, 0.14303531020714602, 0.19682697214735967, 0.11079199526396337, 0.138683233315168, 0.13294894678686062, 0.15877255446633765, 0.1618955081979869, 0.23114784615842854, 0.2214124662719025, 0.17414090729991674, 0.16153320728516318, 0.17553053831658127, 0.11608408854984269, 0.21310291792751165, 0.24661415195673078, 0.19172127526344077, 0.17984880109213222, 0.16273927272285849, 0.19788481308531156, 0.04105265074886424, 0.12774328995178794, 0.0895355728754601, 0.055692758933646815, 0.12461035717200619, 0.09145474913040885, 0.2577651164011016, 0.1186535000758121, 0.17635280015707785, 0.1521563227274577, 0.2516218231326425, 0.15408556080009833, 0.09790196619069592, 0.17952105419433032, 0.12753393462322854, 0.18766351443210794, 0.23207162277747737, 0.14233446281678866, 0.23367933266295834, 0.20313912026180347, 0.11206365179500925, 0.12066505203726213, 0.11451149342176592, 0.1943299567582418, 0.19780997721391938, 0.22353242012917884, 0.15516573327965238, 0.19344917248933102, 0.20022713751492613, 0.24351832596986492, 0.2279084312671222, 0.20149282008755579, 0.10582153892616576, 0.11876128264702784, 0.1709080896473978, 0.10449109234043709, 0.2205708007494737, 0.06403250323629747, 0.22604756490456038, 0.10621362433138333, 0.18461472763377473, 0.16709860403218832, 0.1642135332041963, 0.04877166902000422, 0.11917574433822548, 0.052009261744891344, 0.2116272584318868, 0.24662081773864547, 0.08361647934539412, 0.038558203506833165, 0.052749836749088556, 0.15957499410398537, 0.15725761569125188, 0.1702325316800074, 0.18915955769797774, 0.1565119178520935, 0.15120018282230166, 0.24589789581728508, 0.18984604688906678, 0.17297064575946453, 0.11274183169787433, 0.20854767706344593, 0.20974326608710447, 0.22695350852433682, 0.2134770675293138, 0.1718391132828023, 0.22856714948909038, 0.13862600821971627, 0.1635449348806076, 0.15194657469343262, 0.23078805411937087, 0.2136042414149175, 0.1291875013922004, 0.12535128664109224, 0.13712372399980302, 0.07659065495656815, 0.1787146224945451, 0.14582751328099375, 0.14486791446141778, 0.16240640444216317, 0.08127946567338219, 0.1817671044043155, 0.09033008782761033, 0.15875490540027556, 0.1275774991416713, 0.10020064309481348, 0.10226782000108436, 0.18187977342059128, 0.13525676417402024, 0.17792569754326282, 0.13946356658238612, 0.14600780231773133, 0.21445155322688014, 0.14698782590485768, 0.15606173186399705, 0.10710608276082839, 0.2408555490169683, 0.08156276858252152, 0.13793831684843275, 0.059348159629725485, 0.1561955321996503, 0.19998155692026, 0.1850829946470343, 0.18704604088123955, 0.1899708305933989, 0.20054295823386903, 0.10092551055700705, 0.19406621685746908, 0.17832290994899147, 0.19262420973192285, 0.1665610034557642, 0.18221746656604956, 0.19198540739750145, 0.20388747710648647, 0.14284502965993082, 0.141759179630235, 0.19605241779493907, 0.1535435323579143, 0.15948834274119825, 0.16542873821249313, 0.11689392964520397, 