{"sum_size_of_clusters": 600, "all_cluster_sizes": [3, 3, 3, 3, 3, 3, 3, 3, 3, 3, 3, 3, 3, 3, 3, 3, 3, 4, 3, 4, 3, 3, 3, 3, 3, 3, 3, 5, 3, 3, 4, 3, 3, 3, 3, 4, 3, 3, 3, 3, 3, 3, 3, 3, 3, 4, 3, 3, 3, 3, 3, 3, 4, 3, 3, 3, 3, 3, 3, 3, 3, 3, 4, 4, 3, 3, 3, 3, 3, 3, 3, 3, 3, 3, 3, 3, 3, 3, 3, 3, 3, 3, 3, 3, 4, 3, 3, 3, 3, 3, 3, 3, 3, 4, 3, 3, 4, 3, 3, 3, 3, 4, 3, 3, 3, 3, 3, 3, 3, 3, 3, 3, 3, 3, 3, 5, 3, 4, 3, 3, 3, 3, 3, 3, 3, 3, 3, 3, 3, 3, 3, 3, 3, 3, 3, 5, 3, 3, 3, 3, 3, 3, 3, 3, 3, 3, 3, 3, 3, 3, 4, 3, 3, 3, 3, 3, 3, 3, 3, 3, 3, 3, 4, 3, 3, 3, 3, 4, 3, 3, 4, 3, 3, 3, 3, 3, 3, 3, 3, 3, 4, 3, 3, 4, 3, 3, 4, 3, 3, 4, 3], "cluster_size_std_dev": 0.39191329648881346, "avg_cluster_size": 3.141361256544503, "total_nr_of_clusters": 191, "sum_pos_deviation": 32.50035161623536, "all_pos_deviations": [0.19185215385346963, 0.15189764718181897, 0.13903062356138185, 0.1747921939399645, 0.14413622300015747, 0.2238179628437181, 0.12946007282618624, 0.10294132055871742, 0.10360459541349033, 0.13688959254717162, 0.2019120549610115, 0.09573203287077471, 0.18258464541672506, 0.1446493617222047, 0.22891300176815846, 0.20720750609634744, 0.1242824647279518, 0.28134311627552155, 0.1678886788629628, 0.25740853675932396, 0.20756950255987974, 0.20066774377543506, 0.15866977070231014, 0.2059001494310746, 0.1523816828403733, 0.13662367511563703, 0.22641170438499728, 0.24298905096723758, 0.1612255732323451, 0.10352755756632935, 0.18408556927995998, 0.19148273437076682, 0.16456482165383238, 0.13417271240898132, 0.1416252806787281, 0.16663971269808694, 0.16099400302406774, 0.16016756679781716, 0.17346413193469712, 0.06405970618012564, 0.20408515165603516, 0.1654647023693155, 0.20876690262496445, 0.1731631099787242, 0.18981609238561137, 0.19470451789810853, 0.172541642965204, 0.15395239420600723, 0.14053671738103898, 0.22237704375743442, 0.1775734160301683, 0.1937289569273576, 0.2550700278914225, 0.1909804687293228, 0.20734040145360597, 0.18370553998240122, 0.20370351472605344, 0.1034598483840281, 0.12855587915122776, 0.13622642711944513, 0.14519315786308196, 0.21184289821300908, 0.24445500890058136, 0.16755780800065748, 0.16324261600210135, 0.223247135292909, 0.1561989504914417, 0.21213369946029192, 0.05991656717512206, 0.15157504557897725, 0.14855602160381692, 0.2052711415369756, 0.2223884082478048, 0.1786335700767719, 0.055375244183782556, 0.23467834819533684, 0.1969618676273179, 0.0764349410864193, 0.18587053483802726, 0.1728473694480672, 0.09267748345968585, 0.15705586412394726, 0.23431084480661593, 0.18753212271942685, 0.208266019718194, 0.17263002145151948, 0.05285108990406757, 0.18381690429765787, 0.18641953942088751, 0.19858973824244322, 0.21766566211192265, 0.1726040248744846, 0.23912921023581293, 0.19012930367765413, 0.1671375137436288, 0.15290643251704836, 0.2104933253996708, 0.18845984920187883, 0.17928835751559347, 0.25741593572437055, 0.17626700537577314, 0.2012459311670036, 0.13159943953395623, 0.08269979424866243, 0.21169385636125385, 0.17028321453436232, 0.21867182556933606, 0.05451497213057523, 0.17974824228829858, 0.18186867940795304, 0.16677574945216847, 0.19162897861800013, 0.1814024766393784, 0.1863371307555828, 0.22168343395604792, 0.18929371441198933, 0.06928707865629435, 0.17158787660502473, 0.1671712535882474, 0.195913656297841, 0.12147122166238965, 0.1257445689816881, 0.17828421288433763, 0.14354049031350288, 0.16260654626692625, 0.1585181947767351, 0.1998097078653982, 0.19565551390826844, 0.17214607220052305, 0.20866781990408756, 0.1719032360856674, 0.1550379479978383, 0.15776658950465508, 0.16061388174679647, 0.062052962677701044, 0.23646981121626767, 0.1309583827952949, 0.11830802628832206, 0.23006508050619037, 0.10218520293070317, 0.13653251861018983, 0.1281428591350684, 0.18478298645660687, 0.11378207092626152, 0.1397115279414448, 0.09757999425910467, 0.16970791722376152, 0.19764047066975718, 0.19572815238061123, 0.18022067560678567, 0.20863946239466527, 0.19845214903526479, 0.1526171353441965, 0.13751608755132458, 0.18168279857946432, 0.16820425377989026, 0.16022453754867033, 0.20689399074354475, 0.19096041519822612, 0.1812951164424299, 0.15241196018027356, 0.15851267145227269, 0.17464670312080532, 0.12265826800399766, 0.2117173394571814, 0.09285254454409292, 0.15534336694727288, 0.2553860310752229, 0.20601928961252333, 0.22852877079605974, 0.20121753939372708, 0.24205289437758845, 0.2144746377974901, 0.13043993243038235, 0.11686446144821987, 0.1421053210618847, 0.1513060533868141, 0.13315776820558964, 0.10937679557332165, 0.1326027623087466, 0.16520754094394371, 0.14766545488039232, 0.15157167900780552, 0.2445436113682645, 0.11848005721359219, 0.2099008739390881, 0.1779507791550855, 0.17291218668023467, 0.1675570247537148, 0.1886370211005182, 0.157376608704733], "avg_pos_deviation": 0.17015890898552546, "pos_deviation_std_dev": 0.04379700942920824, "sum_rot_deviation": 165.2353838863492,