{"sum_size_of_clusters": 579, "all_cluster_sizes": [3, 3, 3, 3, 3, 4, 3, 3, 3, 3, 3, 3, 4, 3, 3, 3, 3, 3, 4, 3, 3, 3, 3, 3, 3, 3, 3, 3, 5, 3, 3, 3, 3, 3, 4, 4, 3, 3, 6, 3, 4, 3, 3, 3, 4, 3, 3, 3, 3, 3, 3, 3, 3, 3, 3, 3, 3, 3, 4, 3, 3, 3, 4, 3, 3, 4, 3, 3, 3, 3, 3, 3, 3, 3, 3, 3, 3, 3, 3, 3, 3, 3, 3, 3, 3, 3, 3, 4, 4, 3, 3, 3, 3, 3, 3, 3, 4, 3, 5, 3, 3, 3, 5, 3, 3, 3, 3, 3, 3, 3, 3, 3, 3, 3, 3, 3, 3, 3, 3, 4, 3, 3, 3, 3, 3, 3, 3, 3, 3, 3, 3, 3, 4, 3, 3, 3, 3, 3, 3, 3, 4, 3, 3, 3, 3, 4, 3, 3, 3, 3, 3, 3, 3, 3, 3, 3, 3, 3, 3, 4, 4, 4, 3, 4, 3, 3, 3, 3, 3, 3, 3, 3, 3, 3, 3, 3, 3, 3, 3, 3, 3, 3, 3], "cluster_size_std_dev": 0.45138350944571687, "avg_cluster_size": 3.1639344262295084, "total_nr_of_clusters": 183, "sum_pos_deviation": 31.69822802346626, "all_pos_deviations": [0.11684652811694089, 0.13791376528751367, 0.1548826148135577, 0.17924659837380286, 0.19257136120502427, 0.21242450721581643, 0.13070597833792244, 0.15420594884298341, 0.09493383941158208, 0.21525323453745518, 0.18378523624983045, 0.21958604315054694, 0.17879436195699847, 0.21682269308002725, 0.1471056144649323, 0.18779407502458198, 0.14938096772277384, 0.21422272893811287, 0.17117287762269676, 0.20809870458007562, 0.23664977863794945, 0.19395406610866683, 0.14067731019235125, 0.20372444642734577, 0.1770299907279815, 0.1720823680680321, 0.19047453234180634, 0.1699225608003091, 0.22809323356671443, 0.05020938295524196, 0.16481815007944897, 0.15731508930476917, 0.21591430360801686, 0.10407675853576888, 0.22670239359592928, 0.12826574235003266, 0.12915383671506397, 0.20318080775214598, 0.3069185414342852, 0.1260372912826219, 0.16387644449219094, 0.19943286279368702, 0.15350155171733174, 0.1675863897064066, 0.20199390296065808, 0.1888920325929864, 0.18372746642967577, 0.13424402933916832, 0.2195150534736261, 0.1542353145344814, 0.1677569222758338, 0.22784969228731342, 0.06025529400392746, 0.07917605948400261, 0.19436562896689913, 0.2149258625620585, 0.1778443182426268, 0.20988977521979238, 0.18796717401881016, 0.16230328367301952, 0.2151828692333152, 0.17173264895423088, 0.2393692391453257, 0.1796622238871111, 0.18757810864348445, 0.2521490860187641, 0.08332521242252504, 0.22435390192072768, 0.10843973826133628, 0.1863600523542787, 0.18658482047386826, 0.16684592097680753, 0.17051804211139643, 0.243429103355421, 0.13876014708604356, 0.12675185677630604, 0.14102289383609926, 0.153945873549679, 0.10741503205283025, 0.15645331046232566, 0.1624092764823449, 0.15469734743482869, 0.09706550374802554, 0.17638824442426485, 0.23195673100701086, 0.12416524196068857, 0.19809068194665283, 0.19863019333552592, 0.2321342571160229, 0.20226616996683155, 0.24385346541761319, 0.1841656471467256, 0.1549520545074066, 0.19523835758250044, 0.0947712578046405, 0.16824236095114564, 0.18946212459157594, 0.09374541357614702, 0.20215349026568047, 0.1849023273465529, 0.12571650848287133, 0.20404200440636866, 0.3045224128491667, 0.20793307888378976, 0.19816903503240088, 0.2147867840506009, 0.09986630711566162, 0.23344828500266532, 0.20193800890567634, 0.17286310316230505, 0.1657140438674434, 0.20938783051993903, 0.20894748686026832, 0.11992965344674773, 0.21434520662777856, 0.11102460687460776, 0.14263161973572278, 0.1900518232290991, 0.24791933376287, 0.20363479591047073, 0.2000268946025634, 0.11133713435501295, 0.1161049906484309, 0.17328999365196304, 0.22128413844274405, 0.15613569493296212, 0.08896864050575044, 0.22447333222097376, 0.14785505108291055, 0.16417643605190818, 0.2119543826015623, 0.2159470042093329, 0.14815142904450573, 0.06266622252677759, 0.1531330731426979, 0.15248909002717959, 0.14013722816890958, 0.1517631091205834, 0.22969254573535214, 0.21883053163255417, 0.2425023869143561, 0.17817534388989417, 0.22739737927754042, 0.1807920207014012, 0.237175417129333, 0.2479501893971238, 0.18552789553161234, 0.15632237095738347, 0.10307526938492349, 0.14348600561459726, 0.18621769600420593, 0.24199057771345958, 0.11362558484051567, 0.19222222010128076, 0.11526412035951106, 0.15261294641365494, 0.1393031945561759, 0.08498552220033388, 0.14589342069629693, 0.09511600563625248, 0.18159021957903396, 0.17001726663964148, 0.15765850828682162, 0.245010586199781, 0.13103300339508936, 0.22091285297178617, 0.130969393859329, 0.16412333589210273, 0.16111890755621208, 0.1639906412910458, 0.17029429566749146, 0.17933935734211415, 0.16298677515739407, 0.1320762437468492, 0.12135237367730407, 0.15753181194854407, 0.1913790663906629, 0.24311854857795637, 0.06982945839700154, 0.19818872883563335, 0.2241862541782087, 0.12332278853932388, 0.19381563625972187], "avg_pos_deviation": 0.17321436078396862, "pos_deviation_std_dev": 0.046132044164765365, "sum_rot_deviation": 165.98854156908843,