{"sum_size_of_clusters": 853, "all_cluster_sizes": [4, 3, 3, 3, 3, 3, 3, 3, 3, 5, 4, 3, 3, 3, 3, 4, 3, 3, 3, 3, 5, 3, 4, 5, 3, 3, 3, 3, 3, 3, 3, 4, 3, 3, 4, 3, 3, 3, 3, 3, 3, 3, 3, 4, 3, 3, 3, 3, 3, 3, 4, 3, 3, 3, 3, 3, 5, 3, 3, 3, 3, 3, 3, 4, 3, 3, 3, 3, 3, 3, 3, 4, 3, 3, 3, 3, 3, 3, 3, 3, 3, 3, 3, 3, 3, 3, 4, 6, 3, 3, 4, 4, 3, 3, 3, 3, 3, 3, 3, 4, 3, 3, 4, 3, 3, 3, 3, 3, 3, 4, 3, 3, 3, 3, 3, 3, 3, 3, 3, 3, 4, 3, 3, 3, 4, 3, 3, 3, 3, 4, 3, 3, 3, 3, 5, 3, 3, 3, 3, 3, 3, 3, 3, 3, 4, 3, 3, 3, 3, 3, 3, 3, 3, 3, 4, 4, 3, 3, 4, 3, 5, 3, 4, 3, 4, 3, 3, 3, 3, 4, 3, 3, 3, 3, 3, 3, 3, 3, 3, 3, 3, 4, 3, 6, 5, 3, 3, 3, 4, 3, 3, 3, 3, 4, 3, 4, 3, 3, 3, 3, 3, 3, 3, 5, 3, 3, 3, 4, 3, 3, 3, 3, 3, 3, 3, 3, 4, 4, 3, 3, 3, 3, 3, 3, 3, 3, 3, 3, 5, 3, 3, 3, 3, 3, 4, 3, 3, 3, 3, 3, 6, 3, 3, 3, 3, 6, 3, 3, 3, 3, 3, 3, 3, 3, 3, 3, 3, 3, 3, 3, 3, 3, 3], "cluster_size_std_dev": 0.5874834917716658, "avg_cluster_size": 3.2433460076045626, "total_nr_of_clusters": 263, "sum_pos_deviation": 45.20061370273094, "all_pos_deviations": [0.1969430750005934, 0.09327452700148814, 0.1900997248114921, 0.18235360571253909, 0.1512000555992191, 0.23444034017715462, 0.17050013175955772, 0.17747134393021646, 0.18801385168514895, 0.19995511643426167, 0.19519025984018545, 0.162960120361733, 0.16659209637722058, 0.11352317330055613, 0.11352317330055613, 0.1936201847877841, 0.21092069252826287, 0.21016613482744662, 0.19643078997328822, 0.1458436402397485, 0.25261767501008436, 0.12939416829993217, 0.19475320500714552, 0.16458130528484297, 0.17308830714415988, 0.22735943716214205, 0.09520221751548369, 0.17505454980291346, 0.18584988643631198, 0.1945344981270356, 0.08507633505232853, 0.23184565565861281, 0.154382325501896, 0.17649109871949098, 0.19698992960255443, 0.13858902193451816, 0.1592661096725265, 0.20336460697267178, 0.15621139824803876, 0.2034185858632969, 0.09580247457338381, 0.14165746321984063, 0.19492730350976564, 0.23844267467055338, 0.19978075687831762, 0.09582510833805151, 0.1713227775270665, 0.17489912572957222, 0.11677805322194472, 0.20117165214135, 0.24664097734615023, 0.14765268389416805, 0.13521975530627628, 0.17527268624936285, 0.1793092846906135, 0.12337384255556362, 0.1998808184797225, 0.0872291970057225, 0.19969160454660617, 0.1665359518384595, 0.21846362761967827, 0.098443303432755, 0.12274526811162516, 0.2600303260266247, 0.18442598256098378, 0.17284096818747208, 0.09211797486293995, 0.1656563423040216, 0.16721137071824488, 0.14371376215830126, 0.18979770166466461, 0.24057284763959294, 0.14732212633091626, 0.13988374107430698, 0.1671743133237783, 0.15584235157734436, 0.1954986723916332, 0.13671734969335259, 0.13671734969335259, 0.1777287092984108, 0.1723030797281501, 0.058236973771338, 0.16054954582721073, 0.16024598917701435, 0.13950984134147223, 0.12114445401050189, 0.2498618167027502, 0.22584785671323088, 0.18422813767405075, 0.19107689938192376, 0.18181604778307037, 0.23785927306253996, 0.19310247970987637, 0.20201637665944247, 0.061971075508104344, 0.19288124031357634, 0.14197086323286087, 0.1285316730971723, 0.15344719955246422, 0.1888758906641169, 0.13879336525783073, 0.20088613848615577, 0.20775368445421316, 0.10420091714007873, 0.21934795622397676, 0.19183114273173718, 0.08933483595569724, 0.07862437559784742, 0.15820302936882658, 0.19946181999110654, 0.19300710943892518, 0.166380379803272, 0.2213075281386003, 0.15668307399961964, 0.15688550096088666, 0.18344868755151134, 0.1813636120578407, 0.23736953953836917, 0.09594156882369259, 0.22562846625333732, 0.16049028150724434, 0.2289509347848141, 0.2306014835483472, 0.1392790141520194, 0.2106095520443058, 0.1550358184008781, 0.20616948883501207, 0.22241133837919236, 0.10068317075529748, 0.2067724963486536, 0.09862128896673118, 0.15987508839976824, 0.0939375013523862, 0.17352201734320902, 0.12546104934979546, 0.20560987557220112, 0.09245395906215664, 0.15232973484067167, 0.23571371514390482, 0.24421082264839633, 0.1806884706955083, 0.2076915843954548, 0.02807618797018015, 0.22216235880148585, 0.239726219709568, 0.15520114751643885, 0.18244703930915493, 0.15314655722820428, 0.13335900024101083, 0.1915851351976652, 0.2114607801325652, 0.14567660257104892, 0.19772808061507918, 0.11443160271362683, 0.23000066514208337, 0.20604405706655882, 0.1288411201006596, 0.19148599242528397, 0.22467588946521466, 0.16383638082337487, 0.20497956985404767, 0.04461487458824031, 0.17214094023143212, 0.11919809185577063, 0.17502548866783316, 0.15844155454937908, 0.18000959786889448, 0.19026037176337626, 0.11852804996374278, 0.12990889764224908, 0.2302170287289901, 0.20622428313917185, 0.1586358927611946, 0.17522798143437743, 0.1606726740746096, 0.1606726740746096, 0.11221292698230156, 0.14760344112026705, 0.15927432462658012, 0.24888648656977133, 0.08270778825655915, 0.10233147587842682, 0.2021757495422185, 0.2288619980941337, 0.25960777658838197, 0.1499374057431414, 0.23908306830711293, 0.15565893923921503, 0.22671647609380094, 0.23059185815663663, 0.1872181898846874, 0.1938481713232286, 0.11212028386765556, 0.2243394029574145, 0.14020879875689438, 0.17076961179129657, 0.15898813563659567, 0.10365838669562995, 0.1271238005541339, 0.14273246331854836, 0.21540449563550376, 0.13029778454366134, 0.1407461905986457, 0.19362738185366138, 0.14379272967353654, 0.183020685152963, 0.1353327024791603, 0.21654493692544521, 0.1739492825466462, 0.20571567885938022, 0.204523443079479, 0.1967469303651329, 0.17797655782858726, 0.25576810471166533, 0.12643738687566822, 0.24007820257956816, 0.11891917355968161, 0.24780020441785855, 0.20808060729502884, 0.1709752407074239, 0.16196253352570641, 0.25535876647815264, 0.18979439646927895, 0.09905101030074694, 0.18700894795809597, 0.20172513876963172, 0.21985594323556082, 0.053543000182299155, 0.17984279039831055, 0.14424601193753375, 0.13285259351119408, 0.19902611296471925, 0.22441744753584272, 0.15174228441701373, 0.2554504983533978, 0.17490427301242648, 0.183179661162847, 0.1909773340374361, 0.1017596893202964, 0.20094707845153922, 0.262903630808804, 0.17991770463354936, 0.24912521750971808, 0.13813405138163515, 0.20415239202600535, 0.23127517279382215, 0.24972058784175932, 0.18733830947574495, 0.11536493461301818, 0.15482705125745136, 0.1754560226928333, 0.13345807084928377, 0.1916177755312889, 0.09864259760911641, 0.14508473646961714, 0.22720327512552488, 0.08386171585574642, 0.21145232697978222, 0.09136194909735441, 0.15879607160336226, 0.14732577526164967, 0.19479644284267114, 0.18565614328147328], "avg_pos_deviation": 0.17186545134118228, "pos_deviation_std_dev": 0.04626807165545161, "sum_rot_deviation": 232.28988669660677,