{"sum_size_of_clusters": 610, "all_cluster_sizes": [3, 3, 3, 3, 3, 3, 3, 3, 3, 3, 3, 4, 3, 3, 3, 3, 3, 3, 3, 3, 3, 3, 3, 3, 3, 3, 3, 3, 3, 3, 3, 3, 3, 3, 3, 3, 3, 3, 4, 3, 3, 3, 5, 3, 3, 3, 3, 3, 3, 3, 3, 3, 3, 4, 3, 4, 3, 4, 3, 3, 3, 4, 3, 3, 4, 3, 3, 3, 3, 3, 3, 4, 5, 3, 3, 3, 3, 5, 3, 3, 4, 3, 3, 4, 3, 3, 3, 4, 3, 3, 3, 3, 3, 3, 3, 3, 3, 3, 4, 3, 3, 3, 3, 3, 3, 3, 3, 3, 3, 3, 3, 3, 3, 3, 3, 3, 3, 3, 3, 3, 3, 3, 3, 3, 3, 3, 3, 3, 3, 3, 4, 3, 3, 3, 3, 5, 3, 4, 3, 3, 4, 3, 3, 4, 4, 3, 3, 3, 3, 3, 4, 3, 3, 3, 3, 4, 3, 4, 3, 3, 3, 3, 3, 3, 3, 3, 3, 3, 3, 3, 3, 3, 3, 4, 3, 3, 3, 3, 3, 3, 3, 3, 3, 3, 3, 3, 4, 3, 4, 3, 3, 3, 3], "cluster_size_std_dev": 0.4209409436793128, "avg_cluster_size": 3.160621761658031, "total_nr_of_clusters": 193, "sum_pos_deviation": 33.55189780783622, "all_pos_deviations": [0.18134498273899394, 0.18757041924856263, 0.1338047351037708, 0.22640887532987233, 0.17176972987993214, 0.18904701355385278, 0.1736050183581892, 0.18197556301047377, 0.24292631279459695, 0.22289911759161007, 0.1082539602921957, 0.26639605931971405, 0.15861110477244747, 0.15104660820583285, 0.23146233556118978, 0.16843225148242139, 0.23554507291689583, 0.1792412552606311, 0.11450004403441504, 0.12525381637682054, 0.12386727243661916, 0.16827005480558477, 0.14955857070116044, 0.12625881907818537, 0.24044191801318737, 0.1373915806964294, 0.16047269546813656, 0.23284365788961878, 0.15690537400183693, 0.22509216915707822, 0.1952722082716231, 0.16742768491570004, 0.23386216939374752, 0.24245102303793953, 0.13874136470445667, 0.21976905075160544, 0.19782849019171878, 0.1470991660921884, 0.1966437018402354, 0.11787730870656539, 0.11952694124566643, 0.16086644403494618, 0.1960849765050489, 0.179479603518128, 0.15762838235342524, 0.19900258217256606, 0.2370758468206645, 0.14956793901755716, 0.14332603523301596, 0.1272397066876643, 0.0972069250662904, 0.14173528583743802, 0.22221065174068944, 0.21613494355269958, 0.22618959243522382, 0.22819695590096992, 0.08657542682662801, 0.18222907609334305, 0.14691394699663238, 0.1954580417598426, 0.19024029872318313, 0.1700475676606985, 0.20012525799272352, 0.18576989781428146, 0.1976621210534901, 0.15222949191922577, 0.179350785913875, 0.11005543718502057, 0.20705005211654215, 0.15533084474170789, 0.17006566213875593, 0.20275775153566689, 0.2067872439006842, 0.21209864937618506, 0.1110673082909935, 0.17175072112865608, 0.23307721802404066, 0.2997370878319618, 0.17867864805245803, 0.1442130969708675, 0.17426003037236215, 0.18782545569428855, 0.14935072098219096, 0.20647039724324956, 0.1816533077570371, 0.16262218271122333, 0.15517705418927738, 0.16661606588793273, 0.21091878984398268, 0.1888879677990054, 0.1867582695351039, 0.1999924875952963, 0.23130104791680306, 0.1718894369966997, 0.08708635300946556, 0.18742717000247502, 0.13557722167598815, 0.10868979791813792, 0.21308660782513758, 0.22261575866497363, 0.15251148799837855, 0.0992539517556853, 0.16328388152584977, 0.17190888846735178, 0.20051945084044276, 0.10625684844357797, 0.2251696591376672, 0.20914692893466832, 0.19675024539265706, 0.136623423459357, 0.1574539240835206, 0.1983244842824697, 0.1566676850848706, 0.15647687003274566, 0.190907919585512, 0.07333044495363118, 0.19831005564472978, 0.10542383663235348, 0.1970100189738279, 0.20836164071835192, 0.05200230791920036, 0.21625660051078763, 0.1390197758534402, 0.2004599319866983, 0.25208758766766975, 0.1514024602379843, 0.1060327693781956, 0.1738010317002261, 0.21067300681448062, 0.1875967011999606, 0.2045489611614828, 0.2518777573576369, 0.11848538396594516, 0.062380001695677346, 0.15203438311547, 0.22048964522410616, 0.1479555839241269, 0.14498104571780213, 0.13326035784744594, 0.1484863210272991, 0.2046918454096083, 0.14938167165946517, 0.14482541513662284, 0.12498698045463115, 0.23334648605488473, 0.1717890475109409, 0.2394826314970513, 0.2308078339052881, 0.17336916642385683, 0.1722333022054046, 0.20597430175122877, 0.1868675896827169, 0.15437961807328218, 0.14952134930248498, 0.1330447966755965, 0.21664859397198807, 0.12777459782771747, 0.18301498960611473, 0.1380726854818213, 0.11934291795512057, 0.12691590846631476, 0.12716918992591456, 0.06402914385119375, 0.19163191500383456, 0.21580707239337257, 0.19132828589852305, 0.19108163156817895, 0.14978916309919563, 0.05774059801048977, 0.16505004905466508, 0.16526110177591954, 0.13061552685177832, 0.20862078841244033, 0.2386998112563701, 0.16041369229350247, 0.10730713642954749, 0.17298046602348616, 0.15297015186058904, 0.24611638224159874, 0.17123883653679497, 0.15735009142212317, 0.08353783571029945, 0.13830801144371108, 0.16979788917583005, 0.2160425648355314, 0.21679488505253877, 0.25309268524894796, 0.19201546884204335, 0.24268268373200566, 0.15497836141714785, 0.23195800432877858, 0.14867835404766422, 0.22769591501064992], "avg_pos_deviation": 0.17384403009241564, "pos_deviation_std_dev": 0.044457662705908785, "sum_rot_deviation": 175.56474821457297,