{"sum_size_of_clusters": 1093, "all_cluster_sizes": [3, 3, 3, 4, 4, 3, 3, 4, 3, 3, 3, 3, 4, 3, 3, 3, 3, 3, 4, 4, 3, 4, 3, 3, 3, 3, 3, 3, 3, 5, 4, 3, 3, 5, 3, 4, 3, 3, 3, 3, 3, 5, 3, 3, 3, 3, 3, 3, 3, 3, 3, 5, 3, 3, 4, 3, 3, 3, 3, 4, 3, 3, 4, 3, 3, 4, 3, 5, 3, 3, 3, 3, 6, 3, 3, 3, 3, 4, 3, 3, 4, 3, 3, 3, 3, 3, 3, 3, 3, 4, 4, 4, 3, 3, 3, 4, 3, 3, 4, 3, 3, 4, 4, 3, 4, 3, 3, 4, 8, 3, 4, 3, 3, 3, 3, 3, 3, 3, 6, 3, 3, 3, 3, 4, 4, 3, 3, 3, 3, 3, 3, 4, 5, 3, 3, 3, 3, 3, 3, 3, 3, 3, 3, 5, 4, 3, 3, 3, 3, 3, 3, 3, 3, 4, 3, 3, 4, 3, 3, 3, 3, 4, 3, 3, 3, 3, 3, 3, 3, 3, 6, 3, 3, 3, 3, 3, 3, 3, 3, 4, 3, 3, 3, 3, 3, 3, 3, 3, 3, 3, 3, 3, 4, 3, 3, 3, 3, 4, 3, 3, 3, 3, 4, 3, 3, 3, 3, 3, 3, 3, 3, 3, 3, 5, 3, 3, 3, 3, 4, 3, 5, 4, 3, 3, 3, 5, 3, 3, 3, 3, 3, 4, 3, 5, 3, 3, 4, 3, 3, 3, 5, 3, 3, 3, 3, 3, 3, 3, 3, 3, 4, 3, 3, 3, 3, 3, 3, 6, 3, 5, 3, 3, 3, 3, 3, 3, 5, 3, 3, 3, 3, 3, 3, 3, 4, 4, 3, 3, 3, 3, 4, 3, 3, 3, 4, 3, 4, 3, 3, 3, 4, 3, 3, 4, 4, 5, 3, 3, 3, 3, 3, 3, 4, 3, 4, 5, 3, 3, 4, 3, 3, 3, 4, 3, 3, 4, 3, 3, 4, 3, 3, 3, 3, 3, 4, 3, 4, 3, 3], "cluster_size_std_dev": 0.671383773780284, "avg_cluster_size": 3.3221884498480243, "total_nr_of_clusters": 329, "sum_pos_deviation": 54.39553715897754, "all_pos_deviations": [0.07662701658528161, 0.12267762490409474, 0.13276291860653341, 0.16604932786193552, 0.21262576086505824, 0.12795506502857995, 0.14816615192249205, 0.12641417443307318, 0.17518013600097856, 0.10666726453699506, 0.169260663464338, 0.1513879677427151, 0.2077210989639852, 0.14295392126993248, 0.055226426646253296, 0.06395006524303488, 0.13698643764204255, 0.09766574368855481, 0.18406797805135586, 0.1671280485840522, 0.15173193409600685, 0.20880439315381097, 0.16278217846835866, 0.11396050336443568, 0.07552786778112137, 0.13872103056711524, 0.20354121887910584, 0.23533921432590996, 0.17198334132107673, 0.16328075437375883, 0.12561640706144236, 0.20381065974894189, 0.1991114808866582, 0.16289913823835822, 0.1660310445296561, 0.17537606483209964, 0.20180346939418067, 0.16311639416535054, 0.2040219969603229, 0.22426390489203707, 0.2130486325553234, 0.22310827350915124, 0.21241505749017486, 0.18475724389840878, 0.14640812677201556, 0.08242383063098, 0.06142794713291275, 0.14366249229947595, 0.157624775264047, 0.14999635384166632, 0.1598917654824937, 0.25580565003683137, 0.09959578593149232, 0.18120192368085922, 0.20094271037362263, 0.14375297115713867, 0.15514828682851084, 0.1391749875105639, 0.19547583957604234, 0.23771172379226999, 0.12445594786421206, 0.19681017491723254, 0.2113702570385032, 0.23267101717593722, 0.1316509696828939, 0.24959949336344855, 0.16650404930959262, 0.23828216676912622, 0.1951175808347044, 0.17491114918677408, 0.14969334632208608, 0.16167211539688323, 0.24204663983734767, 0.17931641498825276, 0.20999968392880686, 0.15254646759693133, 0.1802350566455371, 0.17063909500939767, 0.20868159511968384, 0.1532549158697848, 0.2408003386908237, 0.22227815185270813, 0.09607205827971303, 0.15097925265250825, 0.18282755186521757, 0.14909377157703055, 0.09993194908961449, 0.10799733834396187, 0.1625978693694858, 0.23554860477636555, 0.23038182808465557, 0.22143852370013217, 0.1326697164802331, 0.11434356731259754, 0.09007668931086184, 0.15674546295572464, 0.07781501843141768, 0.1519276652707491, 0.17389270802229884, 0.22505624264391166, 0.2219462454110306, 0.16317623581507798, 0.18157306535031267, 0.1569240026073624, 0.21262223191005525, 0.17331235311632565, 0.17122045027436192, 0.23543076063961402, 0.3570436807547969, 0.14229885242250975, 0.287614888485573, 0.08973170432970241, 0.13034613408941498, 0.12368169312015777, 0.15661843472635326, 0.14381108099520226, 0.1739954524927211, 0.12692130398709592, 0.21629894141071349, 0.20356522718567038, 0.19586948553071123, 0.18724062084064977, 0.16979035570812318, 0.14716676577622378, 0.2453512064750353, 0.14457222807612316, 0.20065426122531693, 0.13691242583359997, 0.11489900546924366, 0.12710625270034526, 0.16212259309813995, 0.12239320514457826, 0.20375091077251736, 0.0873441483818433, 0.18542281417799952, 0.12626959188467227, 0.19237924547492494, 0.21113797837181703, 0.12204287901281476, 0.12797551326194137, 0.13765767995338296, 0.19982716647237622, 0.22865242035581398, 0.17874264101589113, 0.22597787639079212, 0.12360485235618794, 0.068658832872883, 0.16459121716971759, 0.14899162596428336, 0.11793018533126405, 0.05899442966586509, 0.13699911148155802, 0.13165135382564955, 0.19156219390496396, 0.18007378875908756, 0.21692485822962812, 0.2747569834143668, 0.11740830047291077, 0.17649087789514314, 0.12322085666276161, 0.15098555596904498, 0.15758308224592116, 0.16950469848389094, 0.15724989082829688, 0.12991798354001005, 0.14614971603919732, 0.1216267244196793, 0.17316028730211355, 0.17638885601054088, 0.19865719182315167, 0.23038049337939082, 0.13882136196149106, 0.1967771988933631, 0.09689242206779551, 0.21390579848390878, 0.20114507560009307, 0.12848741624985188, 0.09325755561153853, 0.14365111993718985, 0.24168987622882, 0.11938131623207755, 0.11879930261636983, 0.12917000969478712, 0.1637156501844884, 0.16644942731942527, 0.18648812328468997, 0.07319007228122099, 0.1800018630860599, 0.19307593161263625, 0.21866017929803586, 0.16277657264687329, 0.1469872301591375, 0.21529933830186895, 0.14894065858215308, 0.13301637353687712, 0.15233630446322435, 0.15473103062562024, 0.23616524254364216, 0.13303751506962094, 0.15616122627659604, 0.21457487079318385, 0.11396953656581786, 0.1679245015956342, 0.22600283747132124, 0.11417649963095684, 0.15755605292535171, 0.20276166790320135, 0.15471660213314128, 0.20911401209617955, 0.18391709009995252, 0.2130439136545256, 0.17323481432267582, 0.10994858106149269, 0.261193545392821, 0.206586345867965, 0.12929136235818936, 0.08449584515684401, 0.16493203466460865, 0.22719298593031997, 0.10256088880818802, 0.16165596094683268, 0.17394745382971377, 0.21997438534078115, 0.21092903398842125, 0.20207673867751816, 0.16489938846602098, 0.17971778827360863, 0.180310673527502, 0.08631612568005448, 0.12957656810605525, 0.1193118337226755, 0.17137922787117046, 0.20732729089649435, 0.1689996665072898, 0.1675572121242185, 0.172027415509212, 0.08794783957799425, 0.17824206981218715, 0.14929006219271246, 0.1591639712308222, 0.25082767033813946, 0.018820264772993808, 0.12623230175998046, 0.172663844415014, 0.10330073222140583, 0.11862690206513836, 0.19734620526144062, 0.12474633044764265, 0.17713794502866512, 0.1493756129396858, 0.1846829457711354, 0.1631713110635957, 0.1858889945146772, 0.15360678525410296, 0.13504030335611697, 0.09447685638616236, 0.16964303048906793, 0.30849398269351896, 0.16965923465119928, 0.13775625792170437, 0.1277761511420726, 0.16585049908920493, 0.2263669411843898, 0.13873919201137175, 0.12784340903978192, 0.21993461289614755, 0.27330355123845396, 0.13496714962861117, 0.19140698441978474, 0.19067683214466155, 0.2190234505662776, 0.17516910106286246, 0.19577612150064563, 0.07300971960484258, 0.09866717055366135, 0.2544994236633368, 0.14052799221241663, 0.17706502978179392, 0.16175497074324996, 0.15586958563449574, 0.1722964062341336, 0.1806420173934183, 0.20304372431815562, 0.21551055041737233, 0.11711828237234266, 0.17630985698984666, 0.1880657054570096, 0.07015213939089465, 0.09539072320606418, 0.12709579236903953, 0.13580625256414225, 0.1114249855953965, 0.19508897366008157, 0.18478944490599036, 0.17619732734627355, 0.15717375151376128, 0.1989576719906885, 0.21825532866105682, 0.17434699296472692, 0.19598921466581065, 0.15854872198244016, 0.07052414579929293, 0.18883848057657904, 0.1630859704279295, 0.12154459982967485, 0.151403660514683, 0.1452968672686989, 0.19223819978827286, 0.12235327416179537, 0.11615293990236662, 0.189118915314754, 0.18439713346583608, 0.1659098395249614, 0.17569783854450668, 0.2246208446185648, 0.22217639711741308, 0.06236999102500087, 0.1959437228827958, 0.197416950564657, 0.20732671905574743, 0.10989177428131335, 0.10620988464826892, 0.15794339004852928, 0.2268913595852212, 0.08758032145494164, 0.2321031152932119, 0.2212124580566789, 