{"sum_size_of_clusters": 500, "all_cluster_sizes": [4, 4, 3, 3, 3, 3, 3, 3, 3, 3, 3, 3, 3, 3, 3, 3, 3, 3, 5, 4, 3, 3, 3, 3, 3, 3, 3, 3, 3, 4, 3, 3, 3, 3, 3, 3, 3, 3, 4, 3, 3, 3, 3, 3, 3, 3, 4, 4, 3, 4, 3, 3, 3, 3, 3, 3, 3, 3, 3, 3, 3, 3, 4, 3, 5, 3, 3, 3, 3, 3, 4, 3, 3, 3, 3, 4, 4, 3, 3, 3, 3, 3, 3, 3, 3, 3, 3, 3, 3, 3, 3, 3, 3, 3, 4, 3, 3, 3, 3, 3, 4, 3, 3, 3, 3, 4, 4, 3, 3, 3, 4, 4, 4, 3, 3, 3, 3, 3, 3, 3, 3, 3, 3, 3, 3, 3, 4, 3, 5, 3, 4, 3, 3, 3, 3, 3, 3, 3, 3, 3, 4, 3, 3, 4, 3, 4, 3, 3, 3, 3, 3, 4, 4, 3, 3, 3], "cluster_size_std_dev": 0.45034680138968336, "avg_cluster_size": 3.2051282051282053, "total_nr_of_clusters": 156, "sum_pos_deviation": 26.224953612732232, "all_pos_deviations": [0.19936305266855872, 0.17532477359006313, 0.21907897612891947, 0.15171119288785942, 0.2521351269946107, 0.16060856226590672, 0.14346974857899894, 0.14316971361542044, 0.14052738063845274, 0.13120547377038605, 0.09053113358905503, 0.09816436196151561, 0.17411976671422705, 0.19993476801514162, 0.09728743016320356, 0.21648819821138113, 0.17117890201710204, 0.1582766107983327, 0.21261447020462332, 0.21720931712190095, 0.05726891760952998, 0.1702505592414357, 0.17474149278494167, 0.18862988653648602, 0.1370168171820806, 0.1763988324018603, 0.18047013850900737, 0.16535843357063648, 0.06941818222896527, 0.17975340044599086, 0.1764471267426215, 0.1832212242492738, 0.19715691634375868, 0.15378419257112438, 0.12294172397090626, 0.1609558636227235, 0.1276104791098301, 0.173833485883499, 0.11555746128372762, 0.11644959229923045, 0.19609078327844745, 0.1772391592205891, 0.16170379577405183, 0.15025293327089342, 0.1649843267429102, 0.14862461082682418, 0.1842715111357811, 0.22294038697638555, 0.044294786338496185, 0.15946636614749907, 0.16557370670458185, 0.10620393106964525, 0.17930769191112328, 0.18796560059047707, 0.22288625593186037, 0.14288678919867046, 0.20618119219542483, 0.20501309827965333, 0.19227963735188724, 0.1591366369681456, 0.2036289758236768, 0.1138817963876944, 0.21959291529520863, 0.22495059793261332, 0.27740873129338, 0.17467681675132096, 0.23449251028751758, 0.21152870370166407, 0.18621088281562018, 0.20021509978008045, 0.10074161043300504, 0.19724125681890017, 0.1790350033314665, 0.1373994486356763, 0.13393475493330362, 0.1621695771421045, 0.15838558503685798, 0.11662962460845465, 0.16144022920677978, 0.1710787066674453, 0.09543144607939796, 0.1482376428287686, 0.12704422187970776, 0.1956703441344603, 0.18042893359939657, 0.11816801532793941, 0.12086107000073987, 0.22309754453468847, 0.23775594138496844, 0.04519400116677536, 0.1780488187795449, 0.2182864997510391, 0.18796765408385185, 0.13544808822345758, 0.20536603651439897, 0.1407807639575789, 0.16407333596960655, 0.17193046763304445, 0.13913490846251786, 0.20338182324196533, 0.20410470396334723, 0.20673498927247289, 0.14456931141402626, 0.21915324033865347, 0.23213206819360196, 0.19270035689090995, 0.20560250265408522, 0.2230138992910283, 0.2008001524305952, 0.0887983086735666, 0.17955843145506326, 0.2590154534179213, 0.2033680223501472, 0.18612179916963836, 0.18769487054722392, 0.11209441666982302, 0.1286263270459138, 0.12859741134925087, 0.14681008135861442, 0.14858236910546013, 0.1512233143795537, 0.19803411006086077, 0.07141515670655695, 0.20943363805945994, 0.17005207583896031, 0.12055259231255296, 0.19556583840085698, 0.1540753111460557, 0.23564967740458584, 0.23470454085797857, 0.1681069565358053, 0.20011753320642756, 0.13912627146808298, 0.16812257190019278, 0.11433355391649451, 0.15357391522192546, 0.23056517023527398, 0.1647253429037237, 0.18065109317342784, 0.17327441403568375, 0.17476833091933278, 0.18022821653858404, 0.1776237657554339, 0.132065525584027, 0.15472970258141536, 0.2045149435494077, 0.19129488035144626, 0.18994574902624162, 0.11605661170636883, 0.16891241703243934, 0.249543733477815, 0.20003009638155053, 0.10484327943060194, 0.18027764074166844, 0.07836000019637007, 0.1324596552304835], "avg_pos_deviation": 0.16810867700469379, "pos_deviation_std_dev": 0.04326293312749714, "sum_rot_deviation": 140.8855719767339, "all_rot_deviations": [1.1163875417254423, 0.6137846942318843, 1.0549749135630033, 1.1076618780908134, 1.0441110004623915, 0.9430452892998202, 0.7581893735568223, 0.9332080732993518, 0.9919915758841165, 0.9309241491462775, 0.5893029948636922, 0.38576683120800476, 1.0041386998892765, 1.0330616884900627, 1.092020747848449, 0.6788036003075972, 0.886210258941836, 0.22794264400892716, 1.4613573080697686, 1.010027246259506, 0.4604590119881169, 1.2906972006470643, 0.8217698613438186, 0.3206561786119186, 1.1901554376410022, 1.1892307455242994, 0.6604064508430952, 0.8618404121330365, 1.0167346442984242, 0.7377997739534966, 1.1266463876003738, 1.2987148013820857, 1.2846933212667286, 0.9240227740316392, 0.9533505436583992, 1.2623373660260486, 1.0025726762599865, 1.006692102145299, 0.6650399559369522, 0.7228722249032623, 0.7228722249032623, 0.9783747328330645, 0.9820038814658428, 0.8827076933567789, 1.5229778594797263, 0.9762905696830168, 0.9322364568641045, 0.8262698047340428, 0.5059560518287588, 1.0293908876029563, 0.9051562613264789, 1.1796300106512787, 0.31101859145487426, 0.44014875439136575, 0.8708919585902392, 1.1821030501458951, 1.1237564429509646, 0.3045984795205876, 0.21252553689357376, 1.1311119015781725, 0.6363503684091467, 1.2407220275692827, 1.0953691705779736, 1.2769738523954859, 0.8808564261315915, 0.6400347031530151, 0.601124328523387, 0.9736082238107264, 0.8156312866573732, 0.7342605834603045, 1.0247839632463978, 0.850226654307233, 1.019561869064608, 0.925758649556629, 0.7304160118239548, 0.9860490880389088, 1.293774736624309, 0.6157550698141653, 0.7446604783468249, 1.0341387182608925, 1.1383467118743325, 0.6428306850418158, 0.89792664583875, 0.8760974853254769, 1.2183617305637522, 0.31581633302046885, 1.3805093108839863, 0.8220234476809117, 0.8637228987340256, 0.4855449489513563, 0.8819503711361238, 0.44225513418113316, 0.6774658030733828, 0.7373599385066781, 1.0901244442982563, 0.5489876101159709, 0.7829343820724438, 1.1815047110892067, 0.7817713274576826, 0.7381935318897429, 0.8077679472426148, 0.49452639641367463, 1.2334795104105083, 0.7720702481326306, 1.0096047003258704, 1.2686654812100162, 0.715431799087874, 0.3347379189063293, 0.9863407908826791, 1.269562874908902, 0.6274053366244794, 0.4755822192986503, 0.7522789067966903, 0.7270729622302051, 1.0008227015350117, 0.9998301734044825, 1.5390855117945648, 1.3479452772291374, 1.0231998978927141, 1.0310258778359453, 0.73453503006249, 0.8694219304537844, 0.9822584631227707, 0.7136482203730073, 1.0163557608965086, 1.3262589486986824, 1.2310972683048351, 0.788412357986461, 1.1811983141006461, 1.2808995201419149, 1.0310136722680008, 1.1367864143202258, 1.243518591443287, 1.0289555231921115, 0.1503737517994693, 1.2401411167833278, 0.3948547616347544, 0.9785215713742418, 1.2212633822766794, 0.9749606672587087, 0.7899479071143012, 0.9434907493440486, 1.138239601534959, 0.6262416434488621, 0.9753296989096368, 1.0822727953770361, 0.34912887062767134, 0.3503532219854028, 1.0034943827744442, 0.9773745042215841, 1.499259732179209, 0.7326771256540112, 0.8006205694312419, 1.104538285665763, 0.9361434312618391, 1.332140467444205], "avg_rot_deviation": 0.9031126408764993, "rot_deviation_std_dev": 0.2896228565841271, "sum_boids_eaten": 360}