{"sum_size_of_clusters": 824, "all_cluster_sizes": [3, 3, 3, 3, 3, 3, 3, 3, 3, 3, 3, 3, 3, 3, 3, 3, 3, 3, 3, 3, 3, 3, 3, 3, 3, 3, 3, 3, 3, 3, 4, 3, 4, 3, 3, 3, 3, 3, 3, 3, 3, 3, 3, 3, 3, 3, 3, 3, 5, 3, 3, 3, 3, 3, 4, 3, 3, 3, 3, 3, 3, 3, 3, 3, 3, 3, 3, 3, 3, 3, 3, 4, 3, 3, 3, 3, 3, 4, 3, 3, 3, 4, 3, 3, 3, 3, 3, 3, 3, 3, 3, 3, 3, 3, 3, 3, 4, 3, 4, 3, 4, 3, 4, 3, 3, 4, 3, 3, 3, 3, 3, 3, 3, 3, 3, 3, 3, 3, 3, 3, 3, 3, 4, 3, 3, 3, 3, 3, 3, 3, 3, 3, 3, 3, 4, 3, 3, 3, 3, 3, 3, 3, 3, 3, 3, 3, 3, 3, 4, 3, 3, 4, 3, 4, 4, 3, 3, 3, 4, 3, 4, 4, 3, 3, 3, 3, 3, 4, 3, 3, 3, 4, 4, 3, 3, 3, 3, 3, 4, 3, 3, 3, 5, 3, 3, 3, 3, 4, 5, 3, 3, 3, 6, 3, 3, 5, 3, 3, 3, 3, 4, 3, 3, 3, 3, 3, 5, 4, 3, 3, 3, 3, 3, 3, 3, 3, 3, 4, 3, 3, 3, 3, 4, 3, 3, 5, 3, 3, 3, 3, 3, 3, 3, 4, 3, 3, 4, 3, 4, 3, 3, 3, 3, 3, 3, 3, 3, 3, 3, 3, 3, 3, 3, 3, 3, 3, 3, 3, 3], "cluster_size_std_dev": 0.467846138786764, "avg_cluster_size": 3.1814671814671813, "total_nr_of_clusters": 259, "sum_pos_deviation": 43.553471102732026, "all_pos_deviations": [0.16407093262945818, 0.11898028301770636, 0.17874721033301166, 0.09966299371304699, 0.06161754714417403, 0.16250099549834932, 0.2224184908655028, 0.18644987221554687, 0.19016436238860823, 0.20419023739923547, 0.138703127894391, 0.1990640372044278, 0.23484304657540664, 0.16961208932649538, 0.14761316338121455, 0.17808585842405358, 0.18061588396040204, 0.08551930769792003, 0.1541334300390561, 0.14416103264785016, 0.13961146456656448, 0.02360951201846927, 0.1474639914298362, 0.18761930073311864, 0.1420535223521137, 0.16505129036722005, 0.10933075474830473, 0.16628867387609095, 0.17188453949595928, 0.13624002462438362, 0.23930574650920608, 0.2037468628291159, 0.23934264785994053, 0.14606103968536457, 0.1569572167614147, 0.15585719263174092, 0.05802924831775202, 0.1639305810841892, 0.17768813254766014, 0.21595915732136542, 0.21339393771407608, 0.1457572267691065, 0.11942421995860523, 0.09902559240480276, 0.11790138524008227, 0.12959254223068253, 0.24060524361454907, 0.12652823935613047, 0.23055114656957953, 0.18926331419857875, 0.16656145800740443, 0.16331721004503594, 0.15430165208619018, 0.07719489136198496, 0.1892816269791189, 0.16018756761856576, 0.16988514001381805, 0.22373110606379695, 0.22132493282613205, 0.09136084028937157, 0.1928978011855793, 0.19805291872195882, 0.1421609924429268, 0.19470302096763112, 0.17795181107204264, 0.1591664962902378, 0.12685776349268024, 0.1846874924443386, 0.12409114791274546, 0.14160337523110816, 0.09005870112220665, 0.17921101533432912, 0.09060059399781413, 0.179437505838316, 0.21878601273235243, 0.19299801195748922, 0.09688906283163558, 0.2685352540188812, 0.16076687465297812, 0.26207486690021214, 0.21793131967761892, 0.12096171739863452, 0.18182457963727827, 0.17392454429577867, 0.11123263590089703, 0.13847403750475626, 0.146466406063656, 0.2075496504913119, 0.1470802922150282, 0.08447775736406955, 0.1543297506844829, 0.1589161170351856, 0.1149452392639217, 0.13846251209396912, 0.18371229289135316, 0.09457649863536978, 0.24147309278441545, 0.0803996694130186, 0.1833632687306824, 0.13198384954113315, 0.18016985011156253, 0.12581977242968875, 0.2574603698076421, 0.1504147948530331, 0.1360784709822727, 0.18081773511659396, 0.16471629312076455, 0.21288805386270074, 0.1182322981372121, 0.146759735983896, 0.1327374640765179, 0.14718710515293723, 0.06537261698535138, 0.18112336736981405, 0.16253219776619945, 0.15153174618012044, 0.1758892666082914, 0.11706629688965274, 0.11368503604613843, 0.19429669573284822, 0.15867628479581644, 0.21019372508504044, 0.13817653593860543, 0.23419050304698572, 0.14557212610226813, 0.10235110274818028, 0.11044205296259178, 0.16765587924876238, 0.14806717953909124, 0.11829229581227958, 0.12372107942122319, 0.1670203853056037, 0.12981364936068496, 0.10849036669852082, 0.2697585686213123, 0.20482237297742434, 0.18602475907758564, 0.10537086878299791, 0.25233255002536153, 0.2175157872037277, 0.15224633575976002, 0.12812331514171535, 0.12252927506286188, 0.14696184472474852, 0.2236511270612481, 0.18988939505785984, 0.14347223333025086, 0.1974243045814652, 0.23483819822598942, 0.18548607702632178, 0.12147207786557483, 0.180849264681231, 0.22812807581737662, 0.17098196396856316, 0.1627026549893292, 0.12556132294882527, 0.08621240380954515, 0.11580580335527924, 0.2547927379096011, 0.10373689014945574, 0.2502583858819986, 0.2299621901566671, 0.14825598930442224, 0.19339943799262524, 0.09386230295827425, 0.19249557026902944, 0.10043545536961067, 0.28660969602009395, 0.22303163166119422, 0.14796476754886667, 0.10881970244019103, 0.2554920231567449, 0.17644624083161853, 0.1253780544173628, 0.21704151215423304, 0.12929373861373314, 0.060601453647086446, 0.15231361054043946, 0.21317592587041134, 0.1338567040030435, 0.16459713937934436, 0.1457837651248907, 0.32292479074660274, 0.14070689498339542, 0.1914122786352596, 0.23742042939841856, 0.12661202950284342, 0.20481406116103748, 0.1883781760451584, 0.19069772643018026, 0.18465429336376907, 0.09253383759452448, 0.24685062537399408, 0.18401342322212288, 0.14825862036718707, 0.16971939588991905, 0.20399691972262357, 0.1760441063180379, 0.19830813011352663, 0.1296829663086689, 0.20120616473196448, 0.1587333262166066, 0.17489991595825427, 0.2162659315516944, 0.15620280212938048, 0.24724523814648355, 0.23346414303801494, 0.2446537166194859, 0.15720885031458567, 0.2166496938222544, 0.1335642159049496, 0.18518809868925687, 0.20014653161950657, 0.2233144929792483, 0.14589413482553523, 0.22884730351028534, 0.16782464065632086, 0.19326039784089907, 0.2541160519235916, 0.21509460596866528, 0.264085459637654, 0.13962337234233255, 0.200095031928614, 0.05878809312618999, 0.22804981032881663, 0.19574122147012735, 0.17656961150837902, 0.14938979026603033, 0.22286408947915595, 0.22038701181470108, 0.18850537116161134, 0.16490837289837573, 0.16256383419899437, 0.20477291790369867, 0.151504406209638, 0.18156307626092139, 0.21922827083706006, 0.165945516741891, 0.23542082773776118, 0.19717335312348827, 0.1472884308855917, 0.08936244780615189, 0.19327174860044596, 0.2498217489359887, 0.21029313322227053, 0.18952635265217044, 0.11483806585685813, 0.1607367646424395, 0.18793804222964475, 0.2248473320943061, 0.06940819056917925, 0.23919517123093678, 0.14435123108546133, 0.23255299276797337, 0.1062461386443222, 0.16726727074746237, 0.13262408884250945, 0.06566403833582578, 0.18305164797329584], "avg_pos_deviation": 0.16816012008776843, "pos_deviation_std_dev": 0.04920595645839137, "sum_rot_deviation": 224.67925181199863,