{"sum_size_of_clusters": 758, "all_cluster_sizes": [3, 3, 3, 3, 3, 3, 3, 3, 3, 3, 3, 3, 3, 3, 3, 3, 3, 3, 3, 3, 3, 3, 3, 3, 5, 3, 3, 3, 3, 4, 3, 3, 3, 3, 3, 5, 3, 3, 4, 3, 3, 3, 3, 3, 3, 3, 3, 4, 3, 3, 3, 5, 3, 5, 3, 3, 4, 3, 3, 3, 3, 3, 4, 4, 3, 3, 3, 3, 4, 3, 3, 3, 3, 3, 3, 3, 3, 3, 3, 3, 3, 4, 3, 3, 3, 3, 3, 3, 5, 3, 3, 4, 3, 3, 3, 4, 4, 3, 3, 4, 3, 4, 3, 3, 3, 4, 3, 3, 3, 4, 3, 3, 3, 3, 3, 3, 4, 3, 3, 3, 3, 3, 3, 3, 3, 4, 3, 3, 3, 4, 3, 3, 3, 4, 3, 4, 3, 3, 3, 4, 3, 4, 3, 3, 3, 4, 3, 3, 3, 3, 3, 3, 3, 3, 3, 3, 3, 3, 3, 3, 3, 3, 3, 3, 3, 3, 3, 3, 3, 4, 3, 4, 3, 3, 3, 3, 4, 3, 3, 3, 3, 3, 3, 3, 3, 4, 5, 3, 3, 3, 3, 3, 3, 4, 3, 3, 3, 3, 3, 5, 3, 3, 4, 3, 3, 3, 3, 3, 3, 3, 3, 3, 3, 3, 3, 3, 3, 3, 3, 3, 4, 3, 3, 6, 3, 3, 3, 5, 3, 3, 3, 3, 3, 3, 3, 4], "cluster_size_std_dev": 0.5111804430590333, "avg_cluster_size": 3.211864406779661, "total_nr_of_clusters": 236, "sum_pos_deviation": 38.516505009294306, "all_pos_deviations": [0.16845332619097164, 0.0935517767816983, 0.20223108392179656, 0.2054366312943059, 0.17770334556131762, 0.10357044039349238, 0.1642970067041067, 0.1444241649989374, 0.1425839095779972, 0.20279709221331163, 0.1961198468375246, 0.18105894008358903, 0.18217558098085787, 0.14998378037336177, 0.13788504127388487, 0.09744966810035634, 0.12691033729775272, 0.18177310731444196, 0.15906853046775918, 0.16002561838526544, 0.11982470173830521, 0.2045699254269504, 0.24111732669013072, 0.0703867414755147, 0.15926670066748144, 0.14002972538854577, 0.13118670352079176, 0.14876183332054085, 0.2183149754358111, 0.1472404535862415, 0.19381485987437166, 0.18157905146282116, 0.16753771275409257, 0.1417514639291573, 0.12086115744000862, 0.21440889617583542, 0.19528003267612273, 0.17982590181248437, 0.1460054957409459, 0.1627063531882514, 0.17753022137244093, 0.17360983732649407, 0.2091886483066414, 0.2205608813542763, 0.20986831559192778, 0.213630254184173, 0.16236958794491277, 0.19162688563534416, 0.14726477149590675, 0.2197507074636225, 0.16304608960346614, 0.21651746487056983, 0.1900095204100135, 0.25086450041266956, 0.17584176605201463, 0.1758228804304729, 0.18621855386410827, 0.2438516996288176, 0.2087330477765912, 0.21736056029727416, 0.15598787035390949, 0.13660277554284336, 0.13315883485304728, 0.17036425333848473, 0.1767769372447775, 0.06656085036163932, 0.11451593664903033, 0.23570929073022548, 0.28651868095720817, 0.15951594363163416, 0.08947452098889323, 0.21310768484626974, 0.13539622984513602, 0.1467941027975919, 0.2372541210736209, 0.13315622863764884, 0.14115803861190088, 0.10396866892059194, 0.23819357859752519, 0.17638572598157323, 0.055697299420266605, 0.22776074443900104, 0.15497629934415852, 0.20537562870329681, 0.08478989289166648, 0.13452975129064568, 0.13691261078880676, 0.15600439170008426, 0.17378064199867388, 0.12612168922972558, 0.17818413862627022, 0.19516967804058616, 0.13381573981307693, 0.16585303520921735, 0.18505005637270575, 0.17882323855886262, 0.16631104300874117, 0.11751355112591207, 0.119243180040585, 0.24020868858889433, 0.14118936194275403, 0.1823333483258082, 0.11725516218660854, 0.18924703648993316, 0.08064736676892069, 0.13369854302547907, 0.0727569397465707, 0.17588951224012758, 0.16517939672239165, 0.21741014550400914, 0.1507604142742888, 0.12785007679851873, 0.18492052530900538, 0.1079073311832361, 0.21323340106745792, 0.2196824554737151, 0.19876487799893605, 0.1950453345066828, 0.1748856824176345, 0.15093446714279304, 0.14662347119247862, 0.1583246721612269, 0.20433557424772616, 0.1652468752109774, 0.1571588100049602, 0.1395247454261083, 0.19000676231626787, 0.10997601852616427, 0.11332333619589911, 0.08764236622966175, 0.1694372080853871, 0.1314642040264107, 0.15642548998434658, 0.1803034184382096, 0.16782840806106647, 0.11322212320102636, 0.12078290192982416, 0.12052820597646964, 0.15671970825212203, 0.2533891763849098, 0.13484012961552633, 0.24614664214112617, 0.13673209635875702, 0.14199594799804474, 0.19949436551138608, 0.1310091131541137, 0.11770762824204421, 0.13382866691690473, 0.15198179903179027, 0.2136659821805367, 0.1909218936525302, 0.1920226587297411, 0.10318899199875836, 0.15376784390517026, 0.020562919194259496, 0.1818072855247189, 0.25581475306512574, 0.236139414925484, 0.07122819459469976, 0.20515735759199905, 0.13872036761340176, 0.13828726636501207, 0.21291459759879014, 0.16751975301892094, 0.1920554132239126, 0.05945876578183835, 0.05734504823604664, 0.23484884299945655, 0.1966043062302432, 0.2085508171149115, 0.16622773620742803, 0.2162401030813347, 0.08892550169315526, 0.11323586190608464, 0.16114461382388848, 0.13046296179778083, 0.18335612549021818, 0.2197376503493296, 0.18006172184637467, 0.12956015648409872, 0.2130644406325851, 0.15716945164077692, 0.2154313799471924, 0.14813843802312368, 0.1475972471642776, 0.21792398648787717, 0.27349750745547646, 0.14879091192045402, 0.10543679438954034, 0.11124687074980599, 0.18628598654467432, 0.18552972764736497, 0.10137960287376985, 0.11794799022464747, 0.1082535927707925, 0.1984675923073612, 0.15789896509257412, 0.1986903342647474, 0.08529813259793412, 0.166712446784025, 0.17231777519878153, 0.16605618377880138, 0.1404460599716604, 0.1498072588366892, 0.11817111257366338, 0.2180445649580706, 0.15850968413275493, 0.14622795493688145, 0.1823137887671913, 0.08911407630814179, 0.1762329906169069, 0.21698938727064135, 0.12909816397612256, 0.1538588499581787, 0.10540559740527038, 0.12912573037583766, 0.190107362949121, 0.12977172091090255, 0.21254282181712106, 0.16036855658988933, 0.18289148085119442, 0.05425948962982769, 0.14970402677279257, 0.18672299156162273, 0.228891058464476, 0.1819209718336916, 0.06266158502017795, 0.17906719567032783, 0.18682458669268923, 0.17030623168056722, 0.21918787110364615, 0.13689963711408723, 0.22813070269720756, 0.13316047190574817, 0.15411865549376053, 0.21500385354616758], "avg_pos_deviation": 0.16320552970039962, "pos_deviation_std_dev": 0.04550822885393208, "sum_rot_deviation": 154.3166453512905,