{"sum_size_of_clusters": 541, "all_cluster_sizes": [3, 4, 3, 3, 3, 3, 4, 3, 3, 3, 3, 3, 3, 3, 3, 3, 3, 3, 3, 3, 3, 3, 4, 4, 3, 3, 3, 3, 3, 3, 3, 3, 3, 4, 3, 4, 3, 3, 3, 3, 3, 3, 5, 3, 3, 4, 3, 3, 3, 3, 3, 4, 4, 3, 3, 3, 4, 3, 3, 3, 3, 3, 3, 3, 3, 3, 3, 3, 3, 3, 3, 3, 3, 3, 3, 3, 3, 3, 3, 3, 3, 3, 3, 3, 3, 3, 3, 3, 3, 4, 3, 3, 3, 4, 3, 3, 3, 4, 3, 3, 3, 3, 3, 3, 3, 3, 4, 3, 3, 3, 3, 3, 3, 4, 4, 3, 3, 3, 3, 3, 3, 3, 3, 3, 4, 3, 4, 3, 3, 3, 3, 3, 3, 3, 6, 3, 3, 3, 3, 3, 3, 3, 3, 3, 3, 3, 3, 3, 3, 4, 3, 3, 3, 3, 3, 3, 3, 3, 4, 3, 3, 3, 3, 3, 3, 3, 3, 3, 3, 3, 3, 3], "cluster_size_std_dev": 0.41440635388346897, "avg_cluster_size": 3.145348837209302, "total_nr_of_clusters": 172, "sum_pos_deviation": 28.708361418061866, "all_pos_deviations": [0.21490781077404156, 0.18269115639810984, 0.0752854376582746, 0.20168898087976214, 0.17415701196031894, 0.2422224655936038, 0.19684319030216693, 0.13813559964467453, 0.16971388508455112, 0.17388957463337232, 0.08981035624057554, 0.14517094244536402, 0.13243387389991826, 0.15115573800643015, 0.09917497624440723, 0.20465639243595093, 0.12059213426399677, 0.222853386271451, 0.07348139584844895, 0.1297068857978052, 0.16687580451279796, 0.23751907727715169, 0.22041788607478296, 0.2164213498910054, 0.22202676301096866, 0.10306625138937138, 0.08484175117418787, 0.15972910215933914, 0.07508834595499751, 0.1958971483865782, 0.18037567807659918, 0.1893812509865186, 0.22056442686298586, 0.0805091084060904, 0.23510686345777776, 0.28015612255940836, 0.13391655742648576, 0.17070158399789817, 0.10183499697278235, 0.13863182092809181, 0.09013523165164632, 0.20902959895473164, 0.21611834195036708, 0.1661746071662765, 0.1799446232314926, 0.22188824168114896, 0.20435505070456503, 0.19252599497307307, 0.07798169934161099, 0.14894849800147325, 0.1589516519042782, 0.22178404811124838, 0.18991368493023872, 0.1752742205444043, 0.20033403484472778, 0.1869244899264839, 0.14216564522155234, 0.1308428865881356, 0.1687077962393899, 0.1567748721667439, 0.18333552423350308, 0.19643606451868245, 0.1502153680051516, 0.17570128402616106, 0.21098962184771633, 0.2364370717055259, 0.11621248559791549, 0.1657634507126605, 0.14092641249551552, 0.17817493736093534, 0.1431902867469591, 0.1471500924361274, 0.22144019035946064, 0.1622760857036538, 0.1490142766254877, 0.17668418614114742, 0.21770558874688437, 0.13888266409440728, 0.024035255894536783, 0.1391322610724204, 0.1874665631915113, 0.14299120643898805, 0.17353934781131597, 0.21232844364223066, 0.18665089768903642, 0.1675097341690942, 0.15059802285958648, 0.20726952067324955, 0.15748817976367666, 0.10537234860321061, 0.16469530010889516, 0.15359152124100708, 0.14916292658451022, 0.13020940977900208, 0.22893268652173657, 0.2062068166383769, 0.13711174968361095, 0.21934043673017903, 0.17281562266109243, 0.13373854148478073, 0.17127031598198192, 0.19932251133269516, 0.16386495406927434, 0.2561594723590573, 0.15761168133950654, 0.12571527139853667, 0.26992564117696805, 0.15425856874115443, 0.09058691031340227, 0.17041045638814045, 0.23844796211852093, 0.17808973426063024, 0.11762777488122396, 0.20018720672567558, 0.11574918472203606, 0.15300150516437894, 0.2065920274854118, 0.12816309214782215, 0.21635354544130528, 0.10261176007946782, 0.20409094168944075, 0.20836731632729655, 0.09553204257989896, 0.12214558221988568, 0.25409428545243595, 0.226219999333759, 0.21526783085403978, 0.07451441197517535, 0.13077511496488328, 0.1357072634305202, 0.16970066412333593, 0.11896968193159362, 0.20128618580623037, 0.18170071332523893, 0.30285348023260317, 0.18418424329920435, 0.18553862157458237, 0.18885928758860812, 0.12959795768794802, 0.04524251695595091, 0.20260030269650442, 0.19706786245713914, 0.16019856908910046, 0.19821828496450686, 0.17572942606881345, 0.14931365509629865, 0.08157260518108204, 0.2229049018729469, 0.18635140817659157, 0.170702529587937, 0.1447087601593594, 0.17628329795246656, 0.0870235439497024, 0.16715525868872283, 0.12302364206911033, 0.1453505900564941, 0.13358695421021524, 0.14167663853094617, 0.20670706999769228, 0.07084010032240845, 0.1624922225443907, 0.19879737290272145, 0.1529909988646503, 0.21595861312421538, 0.16651375432680862, 0.1818882126420368, 0.19321411236455152, 0.19549063267401942, 0.10879864212312408, 0.1753409962827052, 0.1875678392138441, 0.1865642157683565], "avg_pos_deviation": 0.1669090780119876, "pos_deviation_std_dev": 0.04703253567068207, "sum_rot_deviation": 149.52160447434446, "all_rot_deviations": [1.069339812276178, 0.6190747281239222, 0.4958088585777099, 1.2155155271927964, 1.5386684800570007, 1.0009269218175278, 1.3084447293725048, 1.0438173416272436, 1.1739817125195156, 0.11903932333447347, 0.9177212641578044, 0.9264570386578296, 0.7532170039852343, 0.6006489859504903, 0.43147463852392254, 0.9449364298607102, 0.945541479779677, 0.8175602477117622, 0.7349017375014254, 0.5859926509416417, 0.8610269643806608, 0.19750021184777258, 0.9430802280447992, 0.6879170562734387, 1.3973169023720953, 0.9520397490939266, 0.48241202255560084, 0.42587065871621865, 0.6936807321828709, 0.9930816795062684, 1.0335258553057878, 0.49372162272632797, 1.0666081314243283, 1.3796099722579485, 0.6784145463597349, 1.269911925481819, 1.0425305633727575, 0.2683989060297587, 1.069681493671488, 0.8573581576029548, 0.724096671394137, 0.5976590540816211, 0.861930936272891, 0.3191668434168337, 1.0201772219929925, 0.5249186524660374, 1.5049477167070748, 0.9579433906329112, 0.6577167775518613, 0.8915788738245327, 0.6591754565126722, 0.7551487211587644, 1.2663364344968224, 1.0005845927466228, 1.0781983060384037, 1.156880056062325, 0.8971934924710708, 1.1445272204820598, 1.0254924310400588, 1.0338420525324474, 1.1119681152287881, 0.82493408507306, 1.2498973906361506, 0.9561602442604867, 1.0158599266137887, 0.9688313542380033, 0.5151949855335164, 0.9279130622172849, 1.0877532793726397, 1.0903090303838208, 1.199375415780849, 0.5938706255201799, 1.0464223696282153, 1.4449987138563654, 0.871061430608775, 0.5776764438528049, 1.293363485444643, 1.0077362331670543, 0.5397961470320384, 0.6139852039838253, 0.5178786022149481, 1.2535245826672556, 0.9492980063035433, 0.4846524738482334, 0.8648298755526592, 1.0429076635417127, 0.8547557000063333, 1.0270891999583807, 0.6346982242291453, 1.207865436444556, 0.9635070722697732, 1.0924330331918841, 0.6369775061487202, 0.9710883293580719, 0.9889389126645162, 0.12626147118617168, 1.0446130309071127, 0.5133531763843382, 0.027799511986520347, 0.918678773881704, 0.2743160855501854, 0.932943146005099, 1.3392912836991557, 0.4153801754011936, 0.7060201143604417, 1.037779342422196, 0.8810178383251994, 0.8896453087484772, 1.0715650344893148, 0.40113989613026396, 0.13225460833974947, 0.7107919965780605, 0.9745638766371975, 1.3041555619769654, 0.6132307647091141, 0.47223361073426684, 1.035886695932458, 1.044901822737727, 0.8107705423640047, 0.32631470957074993, 1.0269365355801472, 1.0471967931068604, 1.4571038553840114, 0.9289678371119273, 1.1883412144836027, 0.8781040430228623, 0.6595651853778122, 1.109031904668483, 0.9633970906298011, 0.8564004163982298, 0.18494533007668704, 1.0595532794595608, 0.6827211757055635, 0.17432037743366205, 1.253745450052583, 0.9033519038564396, 1.0388248208036268, 0.8477158665154434, 0.966633470909038, 0.9761031280927949, 0.798915329916424, 0.270797213892231, 0.8199728702656915, 1.2878953263171675, 1.2967045059918891, 0.4451562096268064, 1.2601788490255528, 0.4013263987127968, 1.3394600567592752, 1.4893883444758007, 0.30138570845580914, 0.32107064127766405, 0.9728840580452615, 0.4928808940133867, 0.3884062051460513, 1.009175768791051, 0.4919749974034639, 0.7977716615357666, 1.2386837289010932, 0.9741156562505203, 1.2717352783441254, 1.1801314066634152, 1.1192588971807005, 0.8097273754897346, 1.4404819925168908, 0.4761945277508177, 1.0993827643318248, 0.6186905155254098, 1.2331235940133605, 1.5083603191477746, 0.6159832240676267, 1.0006987428922385], "avg_rot_deviation": 0.8693116539206073, "rot_deviation_std_dev": 0.329496311679073,