{"sum_size_of_clusters": 773, "all_cluster_sizes": [3, 3, 3, 4, 5, 3, 3, 3, 3, 4, 3, 3, 3, 3, 3, 3, 3, 3, 3, 3, 3, 4, 3, 3, 3, 3, 3, 3, 3, 3, 3, 3, 4, 3, 3, 3, 3, 3, 3, 3, 3, 4, 3, 3, 4, 3, 3, 3, 3, 3, 3, 3, 3, 3, 4, 3, 3, 3, 3, 3, 3, 4, 3, 3, 3, 3, 3, 3, 3, 3, 4, 3, 4, 3, 3, 3, 3, 3, 3, 4, 3, 3, 3, 3, 3, 3, 4, 3, 3, 4, 3, 3, 3, 3, 3, 3, 4, 3, 3, 3, 3, 3, 3, 3, 3, 4, 3, 5, 4, 4, 3, 4, 3, 3, 3, 3, 3, 3, 3, 3, 3, 3, 3, 3, 3, 3, 3, 3, 3, 3, 3, 3, 4, 3, 3, 3, 3, 3, 5, 3, 4, 3, 4, 3, 3, 3, 3, 3, 3, 3, 3, 3, 3, 3, 3, 3, 3, 3, 3, 3, 4, 4, 3, 3, 3, 3, 3, 3, 3, 3, 3, 3, 3, 3, 3, 4, 4, 3, 3, 3, 3, 3, 3, 3, 3, 3, 3, 3, 3, 4, 4, 3, 3, 4, 3, 4, 3, 5, 3, 3, 3, 3, 3, 5, 3, 4, 3, 5, 4, 3, 3, 3, 4, 3, 3, 3, 3, 3, 3, 3, 3, 3, 4, 3, 3, 3, 3, 3, 3, 3, 3, 5, 3, 3, 4, 3, 3, 3, 3, 4, 4], "cluster_size_std_dev": 0.47269861794010953, "avg_cluster_size": 3.20746887966805, "total_nr_of_clusters": 241, "sum_pos_deviation": 40.28860129247178, "all_pos_deviations": [0.08324718433682929, 0.2356485713043995, 0.23249153439870432, 0.24475590547098616, 0.24552995424145055, 0.16141072059487027, 0.12456124095852662, 0.16417399740452313, 0.1706490303254898, 0.2038867107345043, 0.18381200763861802, 0.15129572443584202, 0.17137179239173936, 0.1912031437987354, 0.16023599294579915, 0.13721133419167209, 0.14199687375583916, 0.1941064454725104, 0.19543630208632504, 0.20607697912985543, 0.1632275019807309, 0.1812750740155776, 0.12595377882318207, 0.2224424378935457, 0.14259128200915697, 0.16051225399226438, 0.22003570136407702, 0.179007890043104, 0.2307660785733567, 0.15273633137192877, 0.20078207461110295, 0.13486417249503926, 0.13475062060818885, 0.1836748574554156, 0.08819432539695256, 0.12402320762465559, 0.16765872832901577, 0.18979991486189118, 0.13045821012809092, 0.15628097026787768, 0.16063439578085595, 0.20970439774478186, 0.16742631894775387, 0.15609788586472148, 0.10625306037331612, 0.21754932058591972, 0.1557614156792655, 0.1007507782439153, 0.16791286964656757, 0.14439727811481526, 0.1701905016022208, 0.17970090876834618, 0.17891665437637505, 0.12643137424185583, 0.17793925109488082, 0.21869909873520446, 0.20286797326044906, 0.04333537046058428, 0.1387488903820304, 0.10392683764843108, 0.1698864047547122, 0.2026354205520224, 0.18638545225460434, 0.19984159656052247, 0.19531294071511537, 0.18367680785369037, 0.1963306093769582, 0.2051727117278368, 0.13922182651529744, 0.17661889976370196, 0.15351577097189364, 0.08703152459909297, 0.13796515582750346, 0.14076387447253222, 0.20656109002705925, 0.045929851099053454, 0.19358199131010448, 0.23583221894922798, 0.18316167034557143, 0.24901257927047563, 0.1678797055519923, 0.14170359869347174, 0.20814921203031567, 0.16026291698195103, 0.16806467370380132, 0.1963594194473657, 0.2194122998047813, 0.13652425876980054, 0.2306993075645405, 0.14417523741017801, 0.1363928530206282, 0.1612437195568062, 0.12518534581890778, 0.1922564070254861, 0.177988482402158, 0.15338196538565754, 0.23585897871410488, 0.15598465026468247, 0.19203342456697478, 0.13881988602654904, 0.16481009141187583, 0.1794782781493441, 0.23783584601923757, 0.20867512708389505, 0.1622893693591929, 0.17293766805410515, 0.1181346758093212, 0.19160978198309558, 0.1634828504114291, 0.20912316645852327, 0.13478765203023158, 0.13531095265893925, 0.1925154661973563, 0.138892881729044, 0.15216379059026844, 0.19796766865426707, 0.04830698914024708, 0.13246828454184534, 0.1819079821926174, 0.1579576445953835, 0.08853544578888066, 0.13932120209927737, 0.14396465357340474, 0.1974615737841631, 0.16882753732391706, 0.1799799400137738, 0.21333045946803228, 0.17299549848257065, 0.1751220637712462, 0.13859799009905982, 0.13079719623807887, 0.19236977049830187, 0.19832200558727234, 0.16322579540928897, 0.17824731905883892, 0.0540265384362833, 0.12850407767191088, 0.09623767578034474, 0.1357698216408668, 0.11474514750164687, 0.16078849662806827, 0.1289770822502822, 0.18271314567633198, 0.1483259506246135, 0.1904507339479673, 0.18295808935321192, 0.23012235841372775, 0.18743616654344256, 0.10669811803916156, 0.21447437789994697, 0.1051825383170895, 0.11735500676731254, 0.18481426288087688, 0.22850710918520287, 0.1719191084792052, 0.21869254531558946, 0.18849134955930222, 0.1454633501784548, 0.18276132900096967, 0.0867284815452967, 0.1514510139509735, 0.1275080176106237, 0.18512744992543526, 0.1060406160244869, 0.1736355755974119, 0.1712980440701146, 0.10723888808244315, 0.22607720431864778, 0.19560023848230104, 0.1591609343668044, 0.11533926498288809, 0.19873212716329194, 0.22122421632542869, 0.12902068771756373, 0.09658241886017034, 0.19928503904825087, 0.12746961363664527, 0.13918068528314748, 0.053695180886253586, 0.17821046129280615, 0.19345843042845898, 0.11379033999539793, 0.16525893039808115, 0.17767252364118435, 0.18510797314743624, 0.19587078113418213, 0.16653552270841354, 0.13603364886813005, 0.18556218287838389, 0.13571684119490593, 0.20959430577863503, 0.1708682811237571, 0.1989244603009789, 0.19343566060321452, 0.22576939381746808, 0.20782567647559227, 0.1630732172292806, 0.1670611390539072, 0.1929661653511033, 0.10986618997925969, 0.19783534873125172, 0.20314136757769122, 0.15050549301326246, 0.26565041764384756, 0.09613796119103145, 0.16923572988600633, 0.22080413186910977, 0.18186990903010744, 0.25395833881070745, 0.17826102553710896, 0.17232508784265613, 0.14664806715307896, 0.1481887612363026, 0.10520942664788684, 0.0983231114918341, 0.13613570389111293, 0.15734532611729746, 0.10651271651917422, 0.12987457143719472, 0.08498890758393857, 0.1283431357292274, 0.2286221868987933, 0.263934491338137, 0.11328038199161415, 0.18889133215193255, 0.1588636167567893, 0.17214632500054838, 0.1421186536222756, 0.1682348749410314, 0.10881049550666162, 0.19520544705301135, 0.2681557165988555, 0.11703661144195117, 0.17358473171652736, 0.2629759295696675, 0.173413625373939, 0.21697560778842973, 0.1635251636373604, 0.18350980907164918, 0.23343847156709238, 0.2682202811669901], "avg_pos_deviation": 0.16717261947083728, "pos_deviation_std_dev": 0.04316686370915638, "sum_rot_deviation": 220.27127261112236,