{"sum_size_of_clusters": 1239, "all_cluster_sizes": [4, 3, 3, 3, 3, 3, 3, 3, 5, 5, 4, 4, 3, 4, 4, 3, 4, 3, 4, 4, 3, 3, 5, 3, 4, 3, 3, 3, 3, 3, 3, 3, 3, 3, 3, 4, 4, 3, 4, 3, 3, 3, 3, 5, 4, 3, 3, 3, 4, 3, 3, 3, 3, 3, 4, 3, 3, 5, 3, 3, 6, 3, 4, 3, 3, 4, 4, 5, 3, 4, 3, 3, 5, 5, 3, 4, 4, 4, 5, 3, 3, 3, 4, 3, 3, 3, 4, 3, 6, 3, 3, 3, 3, 4, 3, 3, 5, 3, 3, 3, 3, 3, 3, 3, 3, 3, 5, 3, 3, 3, 3, 3, 4, 3, 3, 3, 3, 3, 3, 3, 3, 3, 6, 3, 3, 3, 4, 3, 3, 3, 4, 5, 4, 4, 6, 4, 3, 3, 4, 4, 3, 3, 3, 3, 3, 4, 3, 3, 3, 4, 4, 4, 3, 3, 5, 3, 3, 3, 3, 3, 3, 4, 3, 3, 4, 3, 6, 3, 3, 3, 6, 3, 3, 3, 3, 3, 3, 3, 3, 4, 3, 3, 3, 3, 3, 3, 3, 3, 3, 3, 3, 4, 3, 3, 3, 3, 3, 4, 5, 3, 3, 3, 3, 3, 4, 4, 4, 3, 3, 3, 3, 3, 3, 5, 3, 3, 3, 3, 3, 4, 3, 4, 3, 3, 3, 3, 4, 3, 3, 5, 3, 3, 3, 3, 3, 4, 4, 3, 3, 3, 3, 3, 3, 5, 3, 3, 5, 5, 5, 3, 3, 3, 5, 3, 3, 3, 3, 3, 4, 5, 4, 4, 3, 3, 4, 3, 3, 4, 4, 3, 3, 4, 3, 3, 3, 3, 5, 5, 3, 3, 3, 3, 4, 3, 3, 4, 5, 3, 3, 3, 3, 3, 3, 4, 3, 3, 3, 3, 4, 3, 3, 4, 4, 3, 3, 3, 3, 3, 3, 3, 3, 4, 3, 5, 3, 3, 4, 3, 4, 3, 3, 6, 3, 3, 4, 3, 5, 3, 3, 3, 3, 4, 3, 5, 3, 3, 3, 3, 3, 7, 3, 3, 4, 3, 3, 3, 4, 4, 3, 4, 3, 3, 3, 4, 3, 4, 4, 3, 3, 3, 3], "cluster_size_std_dev": 0.7427188372192784, "avg_cluster_size": 3.4321329639889195, "total_nr_of_clusters": 361, "sum_pos_deviation": 60.14604292139131, "all_pos_deviations": [0.21758240007573917, 0.09515064489343998, 0.11680110736256066, 0.12577147376828937, 0.02664011341414037, 0.18926167156478169, 0.19776119558888716, 0.166424116262018, 0.16261257911213697, 0.2284381217751219, 0.1546617035425432, 0.21937090203536755, 0.17527464498935905, 0.14694974538949962, 0.20067902991180328, 0.2383311680493826, 0.180352025247739, 0.15525441180305147, 0.21679139299231384, 0.13062794890884996, 0.12167823354361469, 0.18919204089206554, 0.2809092816102796, 0.1407026797191001, 0.23117595768088497, 0.16495630481403364, 0.153546223110752, 0.07060958105558694, 0.08163290686901106, 0.07113203163551479, 0.07485615031876613, 0.11278609268955075, 0.1357333649108636, 0.1546557315584642, 0.18632540551040844, 0.13151561833522468, 0.18731627796390807, 0.12329063897998264, 0.12455474626995311, 0.1921862897680926, 0.15002981604415097, 0.17966479607423072, 0.19671833709146272, 0.25882274898954605, 0.23261748017785064, 0.21794408117124822, 0.12624562975892525, 0.12155514924584816, 0.21761726963951852, 0.09075193184061904, 0.20908967853709068, 0.15491681933153337, 0.18836172004757826, 0.15489671542974795, 0.23446691494762653, 0.22618648331344574, 0.1636071944351264, 0.20963574579350525, 0.1254804982930808, 0.22823381827770006, 0.1999109137729175, 0.10349578628264884, 0.2291684810509281, 0.16076722676572122, 0.12598601396088524, 0.2834157067023045, 0.15495132510721538, 0.16211912212951252, 0.18634933374362192, 0.1709037646557312, 0.07276634465393035, 0.14265916065545284, 0.20959588539514576, 0.22710538821608242, 0.135193734424416, 0.16995457749615786, 0.17622708187777295, 0.16720185481979213, 0.17459211059130167, 0.2546467966446049, 0.16617611123125595, 0.2021732706583653, 0.14142553385130818, 0.18446211511059044, 0.18692051399384438, 0.06713016409390031, 0.187531915571729, 0.1098160080849387, 0.2042130399072559, 0.09224877015171083, 0.1520345391160355, 0.14733156777747744, 0.17092675751988237, 0.15097659258226895, 0.19761211731695574, 0.119405099853296, 0.2796176040547454, 0.05478180993789802, 0.08874484271249956, 0.18642209376269983, 0.2217150382691905, 0.17553879605190068, 0.20279184478354592, 0.1713438539526799, 0.21478827326812666, 0.14664181945601648, 0.27194892698556217, 0.16748041154491508, 0.24532472291827043, 0.12682834429597784, 0.19358983667151786, 0.15573343738370735, 0.20565232587549223, 0.23538301068585885, 0.13753378976461064, 0.17399430853332473, 0.12386986482379712, 0.12644642456715596, 0.21435290130442772, 0.18466239130846254, 0.16613632709787765, 0.1163552860475947, 0.23030557900553364, 0.1059968857808296, 0.16964539504793097, 0.1776979345683715, 0.22119959957198987, 0.16629644215619988, 0.1605749834749852, 0.1727159238222418, 0.1161196220722126, 0.19993222582869857, 0.20994758454676207, 0.16495991738846122, 0.2429508312202642, 0.10417902499268411, 0.20061325946478134, 0.1391571658967045, 0.12270712130436086, 0.16224645403582247, 0.15210241814119202, 0.12821109063048378, 0.17452888282494583, 0.14403409869043415, 0.16192991718981323, 0.20028916049733103, 0.17727298363278063, 0.11688340157064654, 0.08222995028093316, 0.23738200264487375, 0.16550802910606147, 0.17806506823424562, 0.10316701933389912, 0.20131996738815094, 0.22857535172932253, 0.1846317645374639, 0.07494750814055172, 0.10014779794190976, 0.2265095917435097, 0.17646477904272373, 0.15020596419709686, 0.15366743935525706, 0.1324002637201935, 0.15931696322822442, 0.17822700462893235, 0.19500866000357056, 0.29464268653077746, 0.19264395917754742, 0.11813964766781226, 0.18643007062316222, 0.1928883067428682, 0.18014249266530602, 0.22195029486551457, 0.17214933947058275, 0.14652666637373582, 0.10468252427059306, 0.18139258120193313, 0.1161274549608224, 0.14018274541341535, 0.2596993872348339, 0.18383088613812337, 0.10398349322539963, 0.16653366997681368, 0.21653276205426156, 0.24068659928657277, 0.2128905719269576, 0.14587182566649173, 0.21074959075566801, 0.18353616195719455, 0.12480727303692395, 0.1752265457276205, 0.15468407620408284, 0.19214247563877354, 0.1673334521356846, 0.10550032331987509, 0.11353727649254935, 0.14273959846156029, 0.16990803374738936, 0.24182771682533302, 0.13639685851539138, 0.18399344561579048, 0.11970814569189081, 0.08615489730408787, 0.19438539931314666, 0.09986933649113734, 0.20650241571786734, 0.189637996686143, 0.07157408386532617, 0.13275387339157774, 0.16918568205691473, 0.15586400393473324, 0.05680304136200718, 0.1653193151207946, 0.2653027313985371, 0.21893866017408783, 0.17930222562288367, 0.22739342721662711, 0.20944215475191297, 0.15273848673273818, 0.21131193422963412, 0.19556072375812192, 0.20475439828613365, 0.15377693943045193, 0.1852534641698618, 0.0904775229703068, 0.14528366052955688, 0.1815757089951399, 0.1013290365797741, 0.13518131022484306, 0.24530575168767724, 0.17595111813469097, 0.19949179060458347, 0.10606766908509722, 0.14723181168888108, 0.17203551144485632, 0.13618920221141304, 0.2349490204475977, 0.1825044794677996, 0.15260506593238474, 0.16574768304961313, 0.14973103158223455, 0.2092847924437309, 0.17280092595646424, 0.16960010101500003, 0.2144491807042392, 0.23666440799503788, 0.1558595876667434, 0.1306968166944112, 0.25768504514986823, 0.2043496732168226, 0.14117867844480464, 0.09193185791472312, 0.1843203415187341, 0.1350047132895655, 0.11360683909568149, 0.14692205509437287, 0.07871501325412839, 0.21783455605147972, 0.245389251906832, 0.24113599352388465, 0.11279382113251185, 0.11795118645494651, 0.19599340569823223, 0.16750707885681404, 0.19757075800235738, 0.15728448050762972, 0.16745894948128856, 0.17904891113973806, 0.15529599752381598, 0.17752581984368088, 0.20800976943949434, 0.18871673549112225, 0.128085561574474, 0.2218618218734345, 0.15054887987216717, 0.15880057893489077, 0.27430316170592145, 0.20940923186417226, 0.06866573620520323, 0.1550680438801418, 0.22934556063295078, 0.1439032457033814, 0.1487304530732202, 0.10831048519844678, 0.08859415542737692, 0.14599017770792225, 0.16963862291556647, 0.16171975868861874, 0.08559153615345959, 0.10296926417045137, 0.08369706844559739, 0.06556610305143112, 0.22815580607960487, 0.13335043506910405, 0.1312249305871752, 0.127734898121571, 0.2040147986358601, 0.15654518406068682, 0.16860351774001806, 0.13284540793202324, 0.2234761489462199, 0.1493247954099791, 0.17524177925787862, 0.1626144556264956, 0.1358975687997556, 0.2178206506055785, 0.15352368956136123, 0.07055360259050014, 0.20576118078107442, 0.10013864493078099, 0.17868344931410543, 0.1553366682878725, 0.1322781606119436, 0.18931503240336695, 0.19594678675177113, 0.11104296423857675, 0.1929545287174583, 0.21952942502135173, 0.1614011635287754, 0.13246079922225362, 0.12869589925798025, 0.18806086972899105, 