{"sum_size_of_clusters": 879, "all_cluster_sizes": [4, 3, 3, 4, 3, 3, 3, 3, 4, 5, 3, 3, 4, 3, 4, 4, 3, 4, 3, 3, 4, 3, 3, 3, 4, 3, 3, 4, 3, 4, 3, 3, 3, 5, 3, 4, 3, 3, 3, 4, 3, 3, 3, 4, 4, 3, 4, 3, 3, 3, 3, 3, 3, 3, 3, 3, 3, 3, 3, 4, 3, 3, 3, 3, 3, 3, 3, 3, 3, 4, 3, 3, 4, 3, 3, 3, 3, 3, 3, 3, 3, 3, 3, 4, 3, 3, 3, 5, 3, 3, 3, 3, 3, 3, 3, 4, 3, 4, 3, 4, 3, 3, 3, 3, 3, 3, 3, 3, 3, 5, 3, 3, 4, 3, 3, 3, 3, 3, 4, 3, 3, 3, 3, 3, 4, 3, 3, 3, 3, 3, 3, 3, 4, 3, 3, 3, 3, 3, 3, 3, 3, 3, 3, 3, 4, 3, 3, 3, 4, 3, 3, 4, 4, 3, 3, 3, 3, 3, 3, 3, 3, 4, 4, 4, 3, 4, 3, 4, 3, 3, 3, 3, 3, 3, 3, 3, 4, 3, 4, 3, 3, 3, 3, 3, 3, 3, 3, 3, 3, 4, 3, 3, 3, 3, 3, 3, 4, 5, 5, 3, 3, 3, 3, 3, 3, 4, 3, 3, 3, 3, 3, 3, 3, 3, 3, 3, 3, 4, 3, 3, 3, 3, 3, 4, 3, 3, 4, 4, 3, 3, 4, 3, 4, 3, 3, 3, 4, 3, 3, 3, 3, 3, 3, 3, 3, 3, 3, 4, 4, 3, 4, 3, 3, 3, 4, 3, 3, 3, 3, 3, 3, 3, 3, 5, 3, 3, 3, 3, 3, 3, 3], "cluster_size_std_dev": 0.486583703971211, "avg_cluster_size": 3.243542435424354, "total_nr_of_clusters": 271, "sum_pos_deviation": 45.664993412184614, "all_pos_deviations": [0.20055336882850258, 0.11027310570714306, 0.14632184246304583, 0.23592613964873818, 0.15587389204970345, 0.09846547010898392, 0.17417034163692757, 0.09992645454773957, 0.13692572556969254, 0.15224487686676974, 0.17849349031805795, 0.18765253021585304, 0.2123935672167562, 0.18472595427612426, 0.14183408629715333, 0.17098666164374, 0.19900993348057902, 0.2413063676835118, 0.14730841883982856, 0.1750989498735546, 0.09883281192932357, 0.1701825844854387, 0.13012137679964167, 0.18705581356050252, 0.16305563166601597, 0.15536781167625754, 0.14168889181426103, 0.21117683007163812, 0.2107999526237236, 0.1557770504325994, 0.20321868006655253, 0.20645863970253917, 0.19121660567352014, 0.2581487989148547, 0.11392159052433078, 0.10882446714615739, 0.19247141686975563, 0.16463471548716793, 0.1574848931009031, 0.2228581133319251, 0.12495109155369309, 0.19961652472382665, 0.19700069155851652, 0.17796889547153485, 0.21601493693889426, 0.12046019671098558, 0.15680384790709387, 0.1793981376240663, 0.22216553085602886, 0.22683468086965428, 0.18899038507200872, 0.12223872059006896, 0.14296142617146454, 0.11252333430456213, 0.12165154977683107, 0.18805176465011172, 0.1507959590935701, 0.2086086856859581, 0.14309973310827082, 0.2027084450705171, 0.18470815700181484, 0.23349649475196801, 0.185575790232777, 0.11925780971212208, 0.06635569622255787, 0.15485399966087335, 0.2241431906731144, 0.16634484757195786, 0.1363875080413299, 0.13924343568799147, 0.2084421226418854, 0.142982400270414, 0.13765572756016597, 0.11512536806853295, 0.1341243732409987, 0.16008680025482455, 0.2064022234188975, 0.19424951756163703, 0.09910844778687344, 0.11833896583654806, 0.12851610305699832, 0.21920733746071108, 0.1495476903607702, 0.18592452486233746, 0.10173136668428306, 0.1927123170013901, 0.14590838752218258, 0.22614842444854427, 0.19530118325105525, 0.185867607896297, 0.18917016422719557, 0.17401921963079217, 0.1788819178199372, 0.17205740314528264, 0.2128500021200864, 0.16141524795769846, 0.1526101807941177, 0.14773515365385612, 0.19407996583959686, 0.16388898196023416, 0.15446545284980498, 0.17480279501510443, 0.23219131604351506, 0.18131509678449023, 0.20145432819906064, 0.08850271110997747, 0.2174042998959652, 0.2073431883541557, 0.1418143819526568, 0.2652014791042495, 0.22814105430697026, 0.16885215096297637, 0.16527551864075593, 0.15680047300715103, 0.11196194885054833, 0.15238758988753467, 0.1588972896873875, 0.1928025510715772, 0.2325499053999577, 0.10949441624898988, 0.23261510599689458, 0.13220583104302266, 0.21145648782402607, 0.1316480870216268, 0.1693994960733803, 0.1361078895132102, 0.16069319888161052, 0.11103155534471411, 0.14741492308386137, 0.17508606665055362, 0.0981182147998114, 0.16045806104257662, 0.20192862146840787, 0.18356932232622078, 0.11314176499116108, 0.18697195991566437, 0.16057813056480882, 0.1771990328477404, 0.12257429385669642, 0.1834419866275497, 0.12432578624930006, 0.24950861918286493, 0.14998696130384628, 0.240624299529976, 0.1317622957762504, 0.1025181907314185, 0.19831145174922638, 0.14492544844234082, 0.20832333393362792, 0.1291304302553226, 0.12552831122169186, 0.26210296269504996, 0.18204455965519248, 0.18804618242254192, 0.19834081071257711, 0.13185284502496, 0.26032064661374926, 0.1715707828002384, 0.08516315927456346, 0.1855542145146559, 0.18771529314416377, 0.17190390218195695, 0.1555474873096589, 0.19387960952379543, 0.19253429413975864, 0.2656168446119704, 0.1564211830815566, 0.18221535192567576, 0.11411755307655135, 0.11386482616340554, 0.205128815903965, 0.1950890391895809, 0.19098274205809454, 0.1934036330351833, 0.21241507074406674, 0.15788781373365993, 0.21211988327477235, 0.18919769035684667, 0.14809584181972466, 0.21686811052996333, 0.21197506893221116, 0.1877298185498244, 0.14599801241028929, 0.12030424441376208, 0.12809568725240883, 0.04461090774712409, 0.23046258284464352, 0.18008143688420156, 0.11543017391573392, 0.23588941307719044, 0.20048496884221986, 0.1977198082058005, 0.1411035075705602, 0.2150281724982155, 0.15884417649083613, 0.1328021258608095, 0.23380464350864225, 0.20097057233239407, 0.2842401798222204, 0.1121789281664698, 0.048720887197358786, 0.22278646134204885, 0.14623120266325043, 0.22367745540911524, 0.17902217064514392, 0.17579603998433757, 0.1369523506538363, 0.10967598283490498, 0.10821081807468863, 0.2241863046327686, 0.16258866020573345, 0.16357012828505021, 0.08403345587457756, 0.1833121819000606, 0.19603723964280864, 0.11322615642820279, 0.116584783012309, 0.21519290083113526, 0.15157856464370825, 0.1735402062270772, 0.15971399558449806, 0.2021111386085042, 0.1431161631915148, 0.190232208454755, 0.07539255698536007, 0.08590656348058995, 0.1822775005114378, 0.21788884131187733, 0.15446232038312177, 0.22787045825558724, 0.18035566319957616, 0.19376099468873667, 0.21496200652184982, 0.1418969902122041, 0.21132831318411138, 0.20657733317621027, 0.13701043983273845, 0.13289061839272823, 0.21074419043360806, 0.15743606626297704, 0.18441038263941237, 0.22140604844563894, 0.18624428693690986, 0.18522113946235017, 0.05279910518138925, 0.052667866497481626, 0.13832592677353184, 0.1363012053262885, 0.18584505260637754, 0.15854267080254578, 0.20321530634685125, 0.22537129748043572, 0.12362884854287064, 0.1953405364800285, 0.18387464492732974, 0.19211328707370892, 0.11649257715279489, 0.1527424479355154, 0.16917247342898634, 0.12247556739189092, 0.1792606221515736, 0.15414495074342316, 0.16373448890420808, 0.20757835189126345, 0.11176933159903014, 0.1450289580065673, 0.14235456988316722, 0.153976042396841, 0.22038674892325036, 0.11344331851134258, 0.18617991333801379], "avg_pos_deviation": 0.16850551074606868, "pos_deviation_std_dev": 0.04308377444231621, "sum_rot_deviation": 209.77330046689553,