{"sum_size_of_clusters": 799, "all_cluster_sizes": [4, 3, 4, 3, 4, 3, 3, 3, 3, 3, 3, 3, 3, 3, 4, 3, 4, 3, 6, 3, 4, 3, 4, 4, 4, 3, 4, 3, 3, 3, 4, 3, 3, 3, 3, 3, 3, 3, 3, 3, 3, 3, 3, 3, 3, 4, 3, 4, 3, 3, 3, 3, 3, 4, 3, 3, 3, 3, 3, 5, 3, 3, 5, 3, 5, 4, 3, 3, 4, 4, 3, 3, 3, 3, 3, 3, 3, 3, 3, 5, 3, 3, 3, 3, 3, 4, 3, 3, 3, 3, 3, 4, 4, 3, 3, 3, 3, 3, 4, 3, 3, 3, 3, 3, 3, 3, 3, 4, 3, 3, 4, 3, 3, 3, 4, 3, 3, 3, 3, 4, 3, 3, 3, 3, 3, 4, 3, 4, 3, 3, 3, 3, 3, 3, 5, 3, 3, 3, 3, 3, 4, 3, 3, 3, 3, 3, 3, 3, 3, 3, 3, 3, 4, 4, 3, 3, 3, 3, 4, 3, 4, 4, 3, 3, 3, 3, 3, 3, 3, 3, 3, 5, 3, 4, 3, 3, 4, 3, 3, 3, 3, 3, 3, 3, 4, 3, 3, 4, 3, 4, 4, 3, 3, 3, 3, 4, 3, 3, 3, 4, 3, 3, 3, 3, 4, 3, 3, 3, 3, 3, 3, 3, 3, 3, 3, 4, 3, 3, 6, 3, 3, 3, 3, 3, 3, 4, 3, 3, 4, 3, 3, 3, 3, 3, 3, 3, 3, 3, 3, 3, 3, 3, 4, 3, 3], "cluster_size_std_dev": 0.5404977694145039, "avg_cluster_size": 3.2612244897959184, "total_nr_of_clusters": 245, "sum_pos_deviation": 40.639712048991726, "all_pos_deviations": [0.16093223854655236, 0.1328472164307238, 0.21221105688631128, 0.12382695802068429, 0.17655138854188523, 0.17504669457473457, 0.14279297646207975, 0.16392660014015098, 0.19963326246069424, 0.24613418745491014, 0.12429162679581553, 0.19930105067089934, 0.18455560348679137, 0.13907129682850705, 0.19311662582534558, 0.13377413708462207, 0.11470672031919454, 0.19833514526023546, 0.23094603720816137, 0.16809999864292302, 0.18431188374904703, 0.12175347766557663, 0.10718916684501874, 0.07558187843643259, 0.21619446520929828, 0.19575362334995614, 0.23217506086590087, 0.14571972143466247, 0.1939677744087612, 0.1728546397471162, 0.16077357854151517, 0.12407675862820407, 0.0949300768455283, 0.142592083623479, 0.17538733205227353, 0.07805112816225108, 0.14069742226052903, 0.1232410358142707, 0.1874499632890009, 0.07383145473714768, 0.23064171711964634, 0.07628565694023082, 0.11159214592269316, 0.16728788175693698, 0.14630600448858097, 0.2463431603333367, 0.07011036227977459, 0.14959640662427418, 0.20859427237908235, 0.17995336571344436, 0.1449034868113585, 0.07225054172459365, 0.1819223216856054, 0.10914470192814256, 0.2038975634623442, 0.11510074464069946, 0.23551504142787127, 0.22307342773421815, 0.12897364978093953, 0.20108431672526295, 0.048163987662398565, 0.18324089551641162, 0.20487300841354045, 0.2167676014277442, 0.2643464079809762, 0.19620936672598507, 0.20250007452389174, 0.12987568618597575, 0.22222680388931962, 0.19251195745786845, 0.13537682002934437, 0.21772172677987778, 0.18634110351968122, 0.18029637207994478, 0.21673190443972376, 0.16448834275302707, 0.19397298091077655, 0.08388107056310408, 0.1894282186093069, 0.15540375288709546, 0.21847736573123547, 0.1071949503915226, 0.23550846358462083, 0.08876212168108806, 0.23206345491427957, 0.16836778220019552, 0.1795990740341873, 0.09953227695763626, 0.1933304166977994, 0.12463943893789282, 0.20396095811833734, 0.11727192694641499, 0.24742305353148294, 0.1473905989348177, 0.14220876353186698, 0.17428771028323187, 0.13672748195265494, 0.07073940726960384, 0.18956389298307583, 0.19709685044521316, 0.17641138285078395, 0.0780074430268109, 0.0972919243771025, 0.12400150663364777, 0.1311213153696723, 0.16061577883942987, 0.05892055153823709, 0.2245696650194249, 0.09194805896292034, 0.18202112187331979, 0.18282216466702114, 0.19015939264681073, 0.2514326141170747, 0.1495888509314991, 0.17868397680460835, 0.18163311759435521, 0.14645704339333102, 0.1913234881350361, 0.20678297865997333, 0.24410098640083042, 0.19605548156374733, 0.22070592789953633, 0.2288534063291219, 0.20803500215269735, 0.11342283755890116, 0.1328034090757988, 0.1764057830148702, 0.1312327842785775, 0.08893648354766591, 0.16258908774400466, 0.17674331968155818, 0.1668553720296675, 0.13868015729301394, 0.20116021935026743, 0.21349767847739978, 0.12670868819013384, 0.12806072455774992, 0.2199875055743757, 0.1506864955517059, 0.19743315302991638, 0.21545409512576763, 0.17579953722813005, 0.18053136930139188, 0.16597986146807847, 0.17451456258892184, 0.21127881889063085, 0.13950707801578793, 0.186610052956416, 0.21948694092338863, 0.18606569432567666, 0.12841057495394873, 0.1278727364134937, 0.18652409204271422, 0.15660499031397065, 0.13862854033091856, 0.12514568955953323, 0.12195237505987706, 0.1277613083748382, 0.20449262811517757, 0.22974918102427402, 0.20359873921036842, 0.20555937161553775, 0.220113802028467, 0.14621873486069834, 0.12853538355195082, 0.09171452288694565, 0.14580215847968844, 0.19933233627930227, 0.1907398316437857, 0.19886633283018754, 0.17920224836209342, 0.22327823615011316, 0.07461251665011763, 0.2184058532757642, 0.1629878189536472, 0.13445337752045752, 0.19021668802948313, 0.11726600994566716, 0.14607088024456938, 0.10316234500318712, 0.17162922336509526, 0.17084941086874547, 0.12389373387255509, 0.14508980290901932, 0.14846398604045852, 0.17680167285293805, 0.09638395067274752, 0.1593421320351768, 0.1519679049617039, 0.22360678670620235, 0.24860437046507386, 0.12656223807187952, 0.16926938158344307, 0.20473741091476585, 0.17813717950567812, 0.2161546772692131, 0.18843198100512648, 0.13077206473067185, 0.19969749644815363, 0.2577165037677843, 0.17603126690099158, 0.19109391653426075, 0.17411462946228753, 0.21330863545862266, 0.22592791535246634, 0.20603173495982785, 0.1519206186242694, 0.21473721306410154, 0.12725989221198772, 0.20875577844198423, 0.0939708691627311, 0.2222555362736632, 0.14732326451789918, 0.14503322361859658, 0.16603540837005634, 0.20959509266435558, 0.13384202472671095, 0.06273413348132297, 0.22178213944008396, 0.2051975795667698, 0.12903264859564986, 0.22642441248169246, 0.18637252902260093, 0.1572424231938457, 0.22410142467979643, 0.10411292251030141, 0.18904209417035633, 0.25001690609337796, 0.09016187020444698, 0.1475247654155573, 0.05386113322093514, 0.18263132030220539, 0.18446629421505467, 0.1599973112314669, 0.04118925094373193, 0.12273611051241397, 0.09425062861994883, 0.13198838332140753, 0.12665861596009473, 0.20586467831245833, 0.2425070982218732, 0.11385758554881704, 0.19302431636657294, 0.17393088122034847, 0.1866852822004087], "avg_pos_deviation": 0.1658763757101703, "pos_deviation_std_dev": 0.04709825099407579, "sum_rot_deviation": 151.08449393039817,