{"sum_size_of_clusters": 834, "all_cluster_sizes": [6, 3, 3, 3, 3, 3, 3, 3, 4, 3, 3, 3, 3, 3, 3, 3, 3, 3, 3, 4, 5, 3, 3, 3, 4, 3, 3, 3, 3, 4, 3, 3, 3, 3, 3, 4, 3, 4, 3, 3, 3, 4, 3, 3, 3, 3, 3, 4, 3, 3, 3, 3, 4, 5, 3, 3, 3, 4, 4, 3, 3, 4, 4, 5, 3, 3, 3, 3, 3, 4, 3, 3, 3, 3, 3, 4, 3, 3, 3, 3, 3, 3, 3, 4, 3, 3, 3, 3, 3, 3, 3, 3, 3, 3, 4, 3, 3, 3, 4, 3, 3, 3, 3, 3, 3, 3, 3, 3, 3, 3, 3, 3, 3, 3, 3, 3, 3, 3, 5, 3, 5, 3, 5, 4, 4, 3, 4, 4, 3, 3, 3, 3, 4, 3, 3, 4, 5, 3, 3, 3, 3, 3, 3, 3, 4, 4, 3, 3, 3, 3, 4, 3, 3, 3, 3, 3, 3, 3, 4, 6, 5, 3, 3, 3, 3, 3, 3, 3, 3, 3, 3, 3, 4, 5, 3, 3, 3, 3, 3, 3, 3, 3, 3, 4, 3, 4, 3, 3, 3, 3, 3, 3, 3, 3, 3, 4, 4, 3, 4, 3, 3, 3, 4, 3, 3, 3, 4, 3, 3, 3, 3, 3, 3, 3, 4, 3, 3, 3, 5, 3, 3, 3, 4, 3, 3, 3, 4, 4, 3, 3, 3, 4, 3, 3, 3, 3, 3, 3, 3, 3, 3, 4, 3, 3, 3, 3, 3, 3, 3, 3, 3, 3, 3, 4, 3], "cluster_size_std_dev": 0.5693255153080106, "avg_cluster_size": 3.2705882352941176, "total_nr_of_clusters": 255, "sum_pos_deviation": 42.339411770806585, "all_pos_deviations": [0.2100423750831425, 0.19624352500789663, 0.11607585935968634, 0.22842216753177258, 0.15858585981324352, 0.17833281048113922, 0.18503817779073192, 0.1260664044445359, 0.16230855649906134, 0.11444637700614398, 0.1993186719942469, 0.18197076061129866, 0.12047609016392426, 0.10952401457872958, 0.1172500831559498, 0.15448090633277342, 0.23109929891344305, 0.15158263993218327, 0.16046648785384418, 0.1620935166849146, 0.16497377015806608, 0.1074521095993645, 0.1557733999059369, 0.1711158119374057, 0.21205720271705764, 0.24767517203296643, 0.11485459510714872, 0.18879943416457526, 0.1727055284384316, 0.18933150636101256, 0.1272686919247517, 0.22032217102129015, 0.142880036079129, 0.1802796210229637, 0.07103986179726524, 0.21628720390511003, 0.13891323036319117, 0.19547262199673307, 0.07080758450073386, 0.12301854335955704, 0.1365994755509973, 0.07117810832177449, 0.13336239173904585, 0.1457274661146619, 0.1772033636081507, 0.2301107286732941, 0.18804830914155837, 0.27751805311033795, 0.22171466512824348, 0.19777301773843248, 0.19849293662034473, 0.19412950489256195, 0.2205478752856139, 0.16452834736105476, 0.06420331173972166, 0.17120585957588208, 0.24044534761559602, 0.15298001778983147, 0.19356910925094709, 0.09412232081559814, 0.16264098846948627, 0.18829360861208508, 0.19188888735958276, 0.19223190123180722, 0.1505452133893386, 0.19124400968978117, 0.21061082336823408, 0.1735347724600832, 0.14764985554901058, 0.13779582875892663, 0.2080194580285257, 0.1600054611405255, 0.1358042701238128, 0.25156915351887127, 0.17743885665695425, 0.12571082113919138, 0.14551043303339534, 0.14668504638027832, 0.13099499036850365, 0.18272974783927398, 0.08213281309360848, 0.1767982365273274, 0.21609840215220144, 0.1911301606526933, 0.2130661460097785, 0.1371920000082432, 0.16139413332555824, 0.14451882757217752, 0.22266388595742312, 0.16087703425662517, 0.194243177202739, 0.13156274795770642, 0.18736116269560818, 0.19863355695678053, 0.25099575790407086, 0.14657225585741643, 0.15634196684780735, 0.18856160330515123, 0.2703196484164145, 0.22232139312450658, 0.10228845624028089, 0.16241480476516623, 0.12942798815066212, 0.06702968990513455, 0.16731696947493477, 0.19254652653945534, 0.11773817169104599, 0.12303586262285486, 0.12055761232665822, 0.12632736378526668, 0.10863004259203017, 0.18367587742602476, 0.1472312080014345, 0.19725656242702905, 0.13689564749315167, 0.16325477610181185, 0.08034438367226875, 0.16860413583428116, 0.19055712827824028, 0.20487199109161672, 0.17939672557970027, 0.06590518958091235, 0.24519655670488016, 0.2293917533216048, 0.22159997529313025, 0.19922614866739652, 0.1262431657161821, 0.23508279539760976, 0.21736612230662788, 0.07828702077894352, 0.20006973449155008, 0.14994311509530736, 0.12662313026788577, 0.2220055582894557, 0.2028978528851496, 0.2114418787628025, 0.18916016828867221, 0.12251204759344292, 0.18671401666549833, 0.11766259974887062, 0.18004095281727886, 0.1737871525839423, 0.18066781914434915, 0.1258043524759325, 0.21863741490173783, 0.14932960658519806, 0.16921417926314897, 0.20352839176435034, 0.1777019577862771, 0.14720610822973448, 0.2048386463954873, 0.10791834721789588, 0.21576913692698563, 0.18087226446097107, 0.1409653610001489, 0.18466232584498868, 0.14841281166975548, 0.22058090843694309, 0.251460125837672, 0.21494598405735918, 0.2445104955902858, 0.16502925472237392, 0.10286452412161373, 0.1756060658923068, 0.11861602125602373, 0.11121119458280597, 0.17908356594557928, 0.22482643038225744, 0.09979094531934767, 0.13902988009543113, 0.23673639137108035, 0.11815023370146538, 0.18483995710808773, 0.2914086519752041, 0.10521737033670002, 0.10119870526581339, 0.13174810516984273, 0.21708456945781052, 0.1297791486784932, 0.1647944374932957, 0.14922261830036035, 0.047095429271185575, 0.19521381287697448, 0.16598571086317154, 0.1770504392827984, 0.23061334210413476, 0.12990119811888304, 0.19763629583956857, 0.1545437442723048, 0.10672802255980096, 0.08181405773362556, 0.18665421033294582, 0.10110421291908528, 0.1560076326896531, 0.10341527449148813, 0.16948570327819792, 0.21572366308486765, 0.08292436842815859, 0.2216380021415192, 0.11275250405132699, 0.14836341202599804, 0.18893544340251597, 0.15504280362499887, 0.19657702278720537, 0.19877982703895133, 0.09737749057416341, 0.1473343123896091, 0.17174751662370766, 0.1204672769814887, 0.12494268614847187, 0.10374187859999517, 0.1882740653524847, 0.11076885527510093, 0.21154104744033506, 0.20452519454598792, 0.18014454344083095, 0.13666948464976217, 0.0939901565192236, 0.23264134634929032, 0.11971697149494247, 0.12422418527053582, 0.16212367263712166, 0.2260540748559237, 0.15242727429580402, 0.22428890816602107, 0.18878744546008197, 0.20385593149515982, 0.20818040219720424, 0.12101937977372418, 0.1302671092877825, 0.09429511684461157, 0.25958670767217357, 0.19250689460949247, 0.22568765009036526, 0.1344364526547259, 0.23066678891181688, 0.14431490926074228, 0.14238108603205854, 0.12288692585913906, 0.1859543951782026, 0.045969747771060436, 0.20775057259468488, 0.1730836859217132, 0.2103189109427227, 0.08718876023508722, 0.14101607337117758, 0.11236999259862222, 0.17682933543267487, 0.17496083983380986, 0.20724238474156323, 0.2119835421182725, 0.1720117973627466, 0.15744140309530755, 0.1673584340275879, 0.23624692593425586], "avg_pos_deviation": 0.16603690890512388, "pos_deviation_std_dev": 0.04658898991214658, "sum_rot_deviation": 204.5417895797378,