{"sum_size_of_clusters": 1030, "all_cluster_sizes": [3, 3, 3, 3, 3, 5, 4, 5, 3, 3, 3, 4, 4, 4, 3, 3, 4, 4, 3, 3, 4, 3, 3, 3, 3, 3, 3, 3, 3, 4, 3, 3, 3, 3, 3, 3, 3, 3, 4, 3, 4, 3, 5, 3, 3, 3, 5, 3, 3, 3, 3, 3, 3, 3, 3, 3, 3, 3, 5, 3, 3, 3, 3, 3, 3, 3, 5, 3, 3, 3, 3, 3, 4, 3, 3, 3, 5, 3, 3, 3, 4, 3, 4, 3, 3, 3, 4, 4, 4, 3, 3, 3, 3, 3, 3, 3, 3, 3, 4, 3, 3, 4, 3, 5, 3, 4, 3, 3, 3, 3, 5, 3, 5, 3, 3, 3, 3, 4, 4, 4, 3, 3, 3, 4, 3, 3, 7, 4, 3, 3, 4, 3, 3, 3, 4, 3, 4, 3, 3, 3, 5, 3, 3, 3, 3, 3, 3, 3, 4, 3, 4, 3, 3, 3, 3, 5, 3, 3, 3, 3, 3, 4, 3, 3, 3, 3, 3, 3, 3, 4, 6, 3, 3, 4, 3, 3, 3, 3, 3, 3, 3, 3, 3, 3, 3, 3, 3, 3, 4, 3, 3, 3, 3, 3, 3, 4, 3, 3, 3, 3, 3, 4, 3, 3, 3, 4, 3, 3, 3, 3, 3, 3, 3, 3, 3, 3, 3, 5, 3, 3, 3, 4, 3, 3, 4, 3, 3, 3, 3, 3, 3, 3, 4, 3, 3, 3, 3, 4, 3, 3, 3, 3, 4, 4, 3, 3, 3, 3, 3, 6, 3, 3, 5, 4, 3, 3, 3, 3, 4, 3, 3, 3, 3, 5, 3, 3, 3, 3, 3, 3, 3, 3, 4, 3, 4, 3, 3, 3, 3, 3, 3, 4, 3, 3, 3, 5, 3, 3, 3, 3, 3, 3, 4, 3, 3, 5, 4, 3, 3, 3, 4, 3, 3, 3, 3, 4, 3, 3, 3, 4, 4], "cluster_size_std_dev": 0.6343550972276452, "avg_cluster_size": 3.311897106109325, "total_nr_of_clusters": 311, "sum_pos_deviation": 52.27510817810912, "all_pos_deviations": [0.20046765303267533, 0.13572958261544574, 0.19819531054592213, 0.12857409202229356, 0.11765656490186106, 0.22682003493918063, 0.1978167913576984, 0.19099266753128627, 0.22181840368213981, 0.19959756811428106, 0.12627710033458603, 0.2237313206485478, 0.16500367473333383, 0.13593456694215608, 0.20003392392277264, 0.13788323990409426, 0.14235362024522646, 0.21451733742930437, 0.14973723969076555, 0.05812281874582544, 0.21721066695715327, 0.15437928827643063, 0.17936065088036213, 0.15570194796969605, 0.09249427919913783, 0.1914899153337203, 0.13910290267490288, 0.18819344596763032, 0.13959062655695922, 0.12566137922594106, 0.22501624557002906, 0.1348487227880507, 0.17264345291088276, 0.14655513431131975, 0.08188677136744271, 0.23797399644381464, 0.10735674661809859, 0.18168516892801082, 0.19582649889598647, 0.2525865260728731, 0.2216261862709661, 0.08697872420758491, 0.15609454246914647, 0.12409963881146037, 0.22144970602354716, 0.09115463624952297, 0.2333629485720483, 0.22101079709306848, 0.13359021243202168, 0.1687081306912298, 0.23449382148200118, 0.16942102271248882, 0.16671745654868494, 0.1936406317911701, 0.09586969288006446, 0.22544491037041006, 0.13256432557657252, 0.1681584558194725, 0.18052928372426538, 0.17965087199563431, 0.17960907991098715, 0.1863695430210064, 0.1321934178001797, 0.1765995045029236, 0.19511476345313003, 0.24526146514037528, 0.24584051603572843, 0.1599623643078011, 0.1098097161546631, 0.1637940945711213, 0.15596135228093036, 0.16449375729943777, 0.1685825854602101, 0.12051397801274993, 0.15852743689660523, 0.15620837629195133, 0.24975368308643286, 0.17930987799266185, 0.1668855117908532, 0.07229143540842897, 0.16930599326557258, 0.13335956814486924, 0.24792216129913858, 0.23937748129308686, 0.1660893127974197, 0.18899606488180323, 0.21025480285032336, 0.16539218537590097, 0.07349715256056401, 0.1519127292505322, 0.2417029947131907, 0.1729618783986795, 0.21282277509218092, 0.07808152874402013, 0.16864885552244338, 0.16913903340097156, 0.09834943495249641, 0.16646550282106995, 0.23105317680883067, 0.15280142310703015, 0.18297821624064733, 0.19853538035571308, 0.11755163068852431, 0.17784167627429345, 0.24771365569043494, 0.2218568836061199, 0.16451721821474838, 0.1520515912893935, 0.0976556114055271, 0.13052853564324152, 0.12726812609573795, 0.10101611533110529, 0.18789813565700625, 0.11342492673947696, 0.09329542232848421, 0.21407771731430703, 0.13586707135687087, 0.2750278948538159, 0.18410691301036744, 0.20218421792376148, 0.17035836134089347, 0.16318373480519335, 0.18237890979923235, 0.13277656084557254, 0.20233599161644603, 0.10090271119500492, 0.35759710237257764, 0.19874267086601802, 0.20746897060440284, 0.11981662194594579, 0.2569910427066913, 0.0970397950472548, 0.11360626176655308, 0.09967290587682003, 0.2696032765218578, 0.19998603581985797, 0.1569654586101363, 0.1448702740936204, 0.21627459732509788, 0.1500472379054253, 0.21707147574485766, 0.19455193093116316, 0.1913464849321842, 0.16564735808687178, 0.1946220406801398, 0.0990231721292887, 0.13835278703516207, 0.14436321847077385, 0.15673981566260062, 0.14101586919544293, 0.13928988001463985, 0.14336152783353748, 0.12102364487868594, 0.17411691946658578, 0.18889701401146788, 0.19331772161010144, 0.18521433774946536, 0.16902604243866304, 0.2213436995157646, 0.1787760152543707, 0.21673686851200022, 0.05647354487823423, 0.15149019617799694, 0.16277951922083203, 0.12915992403440038, 0.12371318056744672, 0.15169177849235105, 0.18245360714236405, 0.16418913988955566, 0.22029624103144888, 0.23637084415050297, 0.17810213465562977, 0.20685626104128432, 0.180411856024813, 0.15184818345955775, 0.11688600713734494, 0.10795624667208764, 0.22950770282197083, 0.2222616419115774, 0.08114922228648809, 0.21137738564749345, 0.17570734136853147, 0.22237083908443575, 0.15226393108848146, 0.19751433133268856, 0.17068812335501823, 0.17441776576918802, 0.1661379176472305, 0.18691463101012473, 0.1893050436023451, 0.16419259655631765, 0.19445165174146714, 0.22646506676209646, 0.2240898268606435, 0.17491916481558292, 0.2153512845334078, 0.21645852453166103, 0.047340753974956934, 0.12916775140889122, 0.21239363535681302, 0.15497562251199276, 0.10276942923163303, 0.21072710937322178, 0.1655382346102323, 0.21525354953692724, 0.1612725060754109, 0.1600726298020925, 0.17362037830210217, 0.12003363897303548, 0.06979237195792319, 0.16900263022977488, 0.1416960047077871, 0.21556654953895996, 0.24049077793591464, 0.21120947701097237, 0.13705882848002396, 0.06849517618029981, 0.24252840557293093, 0.1848073663408175, 0.18740005636138143, 0.08956381404735779, 0.20289627269855773, 0.13220235668707184, 0.14572464780893865, 0.15812261557998852, 0.1239328407791944, 0.15869308060690793, 0.1593890501828307, 0.1590994027519331, 0.08729524426982184, 0.22154646960451618, 0.16356486811158877, 0.19259595016231726, 0.1642545738966316, 0.08022450342028643, 0.12748542332579482, 0.23545497217269984, 0.22518358899572008, 0.2119421716014032, 0.13037026632800505, 0.15867407404707268, 0.25359945849792437, 0.22174943325675067, 0.15135114519688875, 0.20432867943118468, 0.16594121554776067, 0.09833847450468713, 0.23164525922391263, 0.19485981320328408, 0.22410655424159015, 0.1942718082770121, 0.1943135049898385, 0.19244789846742288, 0.12177392044837691, 0.1598393028235586, 0.17810647405386928, 0.13307606974149236, 0.18292451050514147, 0.21433482864283895, 0.1673961497646269, 0.14738720275428166, 0.17648480811910125, 0.06738371845094115, 0.14330633060407416, 0.17694344007140803, 0.16438287725224862, 0.1273308600346834, 0.09182521381226981, 0.11888654042882803, 0.15109281766346885, 0.17706764268624012, 0.11782778085515912, 0.2283205371143243, 0.11452009178565076, 0.22178099115942793, 0.15421031342355998, 0.1700950294766006, 0.1297449672000802, 0.08378837701795154, 0.17378817721015358, 0.16257531597607225, 0.18928737708751756, 0.136721245415817, 0.15086428233439755, 0.1652993310446206, 0.17338645736017594, 0.20150134547672927, 0.12411267688206724, 0.18868546512496023, 0.10615092944427364, 0.1564126458706638, 0.09515821941730868, 0.24306150066943324, 0.1622267109691189, 0.1804206874497903, 0.22764003227418347, 0.21267139191365667, 0.1627614838142152, 0.24275452368423545, 0.18498787484658585, 0.1901620903900585, 0.1192548480814421, 0.20153780091494453, 0.09581788901122207, 0.16137346321830442, 0.1607447068565176, 0.15906857820769277, 0.11240054532393778, 0.1592476147788838, 0.15476424409111153, 0.14736928043977085], "avg_pos_deviation": 0.1680871645598364, "pos_deviation_std_dev": 0.046092196646625144, "sum_rot_deviation": 266.1959813593549,