{"sum_size_of_clusters": 893, "all_cluster_sizes": [3, 3, 3, 4, 3, 3, 3, 3, 4, 3, 3, 3, 3, 3, 3, 3, 3, 3, 3, 4, 3, 3, 3, 3, 3, 3, 3, 3, 3, 3, 3, 3, 4, 3, 3, 5, 3, 4, 3, 3, 3, 4, 4, 4, 3, 4, 3, 3, 3, 3, 3, 3, 3, 3, 5, 3, 3, 3, 3, 3, 3, 4, 3, 4, 3, 5, 3, 3, 3, 3, 3, 3, 3, 3, 3, 3, 4, 4, 3, 3, 3, 3, 3, 3, 3, 3, 4, 5, 3, 3, 3, 3, 3, 3, 3, 3, 4, 3, 3, 3, 3, 3, 5, 4, 3, 3, 4, 3, 3, 3, 3, 5, 3, 3, 4, 4, 3, 3, 3, 4, 4, 3, 3, 3, 3, 3, 3, 3, 4, 3, 4, 4, 3, 4, 3, 3, 3, 4, 3, 3, 3, 3, 3, 3, 3, 5, 3, 3, 3, 3, 3, 3, 3, 4, 4, 3, 3, 3, 3, 3, 3, 3, 4, 3, 3, 3, 4, 3, 3, 3, 3, 4, 3, 4, 3, 4, 3, 4, 3, 3, 3, 3, 3, 3, 5, 3, 3, 5, 3, 3, 3, 3, 3, 3, 3, 3, 3, 3, 3, 3, 3, 4, 3, 3, 3, 4, 4, 3, 3, 3, 3, 3, 3, 4, 3, 4, 3, 3, 3, 4, 3, 3, 4, 4, 3, 4, 4, 3, 3, 4, 3, 3, 3, 3, 3, 3, 3, 3, 3, 5, 3, 3, 3, 3, 4, 3, 4, 3, 3, 3, 3, 3, 3, 3, 3, 3, 3, 3, 3, 3, 3, 3, 3, 3, 4, 3, 3, 3, 4, 5, 3, 3, 3, 3], "cluster_size_std_dev": 0.5227505087859577, "avg_cluster_size": 3.259124087591241, "total_nr_of_clusters": 274, "sum_pos_deviation": 44.815037796349074, "all_pos_deviations": [0.15242930245109668, 0.11764141394750921, 0.18037958635413207, 0.19534729429579256, 0.18985685937950036, 0.18727031832096233, 0.10773583720148873, 0.17447727647635658, 0.23613460485833415, 0.07629880960833267, 0.22375837432391096, 0.08793313698747278, 0.16321653236566314, 0.15180469151424048, 0.1802767173946346, 0.13527917115844876, 0.14359812564582328, 0.23423167015816002, 0.15080504715487794, 0.24442119686807143, 0.2288493307888675, 0.14573043121125423, 0.1523956666450652, 0.2078731752026124, 0.176870748356606, 0.1768707483566072, 0.14325541298742012, 0.11842280520471916, 0.13019399287306754, 0.12597253061529942, 0.14907321596664241, 0.07548140280878367, 0.19619117168817665, 0.1684179361834921, 0.14250830231218783, 0.2312583767362398, 0.1834052121244253, 0.19851847359914487, 0.16438153703541375, 0.11691515083339422, 0.15079747162943155, 0.208541019641048, 0.19969755269618203, 0.09900207483923552, 0.19796252101332415, 0.15476555163400282, 0.24733025107800696, 0.216010446870629, 0.11811869501593227, 0.12281129450553342, 0.15546241581679282, 0.2039602967683415, 0.20270168590943757, 0.1893642138473841, 0.20183682080991475, 0.09412105792043553, 0.22034484080354658, 0.1803932161630554, 0.19823645919709607, 0.17271474602159356, 0.17798035768335194, 0.22005956970657167, 0.17661162229047758, 0.12193326121508301, 0.14300925831116992, 0.23447510601339286, 0.1530874800749052, 0.15870185600566392, 0.20138645291155619, 0.2037176057461191, 0.10501596062687509, 0.16667016526409664, 0.19446943006407147, 0.11482020810482944, 0.16639999343249154, 0.18597416694691735, 0.22033291332620675, 0.15395484999584275, 0.08937009025839365, 0.13901594521433838, 0.17932658267947577, 0.17881710954751137, 0.1208380321439337, 0.1751720424129262, 0.22340828246763667, 0.16186941693899523, 0.09943710576765454, 0.2702106328717981, 0.10157250702852676, 0.2337208865488769, 0.19595712638529347, 0.14958794951388624, 0.17662351868609852, 0.200165508551534, 0.16835758492283992, 0.12512170498998865, 0.11461025595686937, 0.13630732521875374, 0.15711334276916025, 0.1815422885674627, 0.21924071737172343, 0.19245618318286514, 0.21377569391741763, 0.14793626770875362, 0.18810755400639767, 0.11291154401694785, 0.11878324835432748, 0.14724116580309018, 0.11009180923098143, 0.14263333360833022, 0.08232142209135045, 0.2193525120533176, 0.08116799341522708, 0.22887078150528803, 0.1910565944729414, 0.14679994838953567, 0.13201138138645893, 0.1805802153678222, 0.19763526785554428, 0.22841941725202675, 0.08417255512006665, 0.2193284504630817, 0.17039855562033823, 0.19812912529631718, 0.16490143620737777, 0.22059909895894794, 0.1923417407868804, 0.18953497566180863, 0.18682538893381537, 0.15103910733240378, 0.1637868648194142, 0.1280131295209996, 0.16102864961917285, 0.14009392935117923, 0.15856029995766774, 0.18730276978539895, 0.13988227157874203, 0.236026979355311, 0.12878074358295696, 0.16550916518549383, 0.1381380706148842, 0.16189546680655334, 0.2034705933910015, 0.1514400751034812, 0.15005754303890054, 0.22335656773637375, 0.1987137972323052, 0.17835822101525733, 0.1403106365562248, 0.09050026482699895, 0.1910233381651586, 0.10775931399323191, 0.18681287686599046, 0.21665425228467702, 0.15341736146276932, 0.19581334347402388, 0.14838885733265647, 0.08333669668358633, 0.18941774309945378, 0.11717726552538003, 0.18182053453546163, 0.17105321785135597, 0.2640659789788234, 0.17535868138781321, 0.12179199887729025, 0.1941100615733976, 0.20452124008624492, 0.17829148339017808, 0.11342981877062634, 0.21563424915404297, 0.05006518368752338, 0.18335982501517264, 0.17318974833581546, 0.1715489883297523, 0.198223176525314, 0.14919417940962187, 0.16757962639861648, 0.20155476330129182, 0.10522818488115628, 0.08465492606478513, 0.1915233144921302, 0.08485380421358213, 0.11263185959727551, 0.22632209337533551, 0.21906701319338903, 0.16083391066049182, 0.12245014119251624, 0.2484800763976191, 0.10807767954422315, 0.18374384455281922, 0.15784493690108292, 0.07489458167905827, 0.21261909339191254, 0.0825396240879027, 0.1441576402275078, 0.1582140526336701, 0.2042877889401146, 0.15619301551920536, 0.1652875892224513, 0.19528844843396378, 0.1700426428864756, 0.1252645192567778, 0.22255456991231334, 0.18341553151768908, 0.16849723770926386, 0.16205803140914884, 0.1750167186152455, 0.11986013272099287, 0.08606591141665591, 0.13354482847778226, 0.16485937048547694, 0.19123721499478238, 0.17034369499427382, 0.22818150114048033, 0.194885935099957, 0.07338191224520955, 0.055727860182722265, 0.1458171368684219, 0.10370995507556664, 0.13816767277587827, 0.1491796116480729, 0.08059551100888125, 0.20551318183138, 0.19257955305003271, 0.18224547155610704, 0.21838680618946094, 0.18011576383418482, 0.17522330178537018, 0.17965393134129434, 0.2160252970728392, 0.17029733416926518, 0.14242547046456908, 0.10958099689525302, 0.2488367000174224, 0.2052400854075047, 0.11194224474310806, 0.14827677631913455, 0.1930124527159751, 0.12277435232025313, 0.18622219395999823, 0.1258719494204413, 0.12283844858533505, 0.0913820591400822, 0.1633974004142743, 0.15387193001667285, 0.1157391148847351, 0.16770130688977478, 0.15106109352350924, 0.21113375543878588, 0.09591548843530784, 0.15877365789509298, 0.14019564001443532, 0.20287912189064575, 0.15445118712413872, 0.1445687138997025, 0.13431907773679969, 0.08932684580018813, 0.1775192410060481, 0.19647682478060824, 0.14566449198773354, 0.11562486651755711, 0.15603314827124493, 0.19214786317419166, 0.06757111271207275, 0.17382253155724547, 0.2051638328562678, 0.21813202386600242, 0.18263730388215874, 0.10337872019927936, 0.18265214420942316, 0.1740231219718971, 0.17070370948896682, 0.15883458028210504, 0.1563894088772492], "avg_pos_deviation": 0.16355853210346377, "pos_deviation_std_dev": 0.04301105211256278, "sum_rot_deviation": 243.25916255617483,