{"sum_size_of_clusters": 551, "all_cluster_sizes": [3, 3, 3, 3, 3, 3, 3, 6, 3, 3, 3, 3, 3, 3, 3, 3, 3, 3, 4, 3, 4, 4, 3, 3, 3, 3, 3, 3, 3, 3, 3, 3, 3, 3, 3, 3, 3, 3, 3, 3, 3, 3, 3, 3, 3, 3, 4, 3, 3, 3, 3, 3, 3, 3, 3, 4, 3, 3, 3, 3, 4, 3, 3, 3, 3, 3, 3, 3, 3, 3, 3, 3, 3, 3, 4, 3, 3, 4, 3, 4, 3, 3, 3, 3, 3, 5, 3, 3, 3, 4, 3, 3, 3, 4, 3, 3, 4, 3, 3, 3, 3, 3, 3, 3, 3, 3, 3, 3, 3, 3, 3, 3, 3, 3, 3, 3, 3, 3, 3, 3, 3, 3, 3, 3, 3, 3, 3, 3, 3, 3, 3, 3, 4, 3, 3, 3, 3, 3, 3, 3, 3, 3, 3, 3, 3, 4, 3, 3, 3, 3, 3, 3, 4, 3, 3, 5, 3, 3, 3, 3, 3, 3, 3, 3, 3, 3, 3, 4, 3, 3, 3, 3, 3, 3, 3, 3], "cluster_size_std_dev": 0.4140001254783673, "avg_cluster_size": 3.1306818181818183, "total_nr_of_clusters": 176, "sum_pos_deviation": 29.296685714655162, "all_pos_deviations": [0.0897418449350235, 0.19287496673744683, 0.08534444291780324, 0.20896563375782282, 0.1801156639673274, 0.0719109742976853, 0.17447509834364253, 0.3202949892790594, 0.16453530911103156, 0.15819391098392227, 0.1047696129504722, 0.17587292147172542, 0.0541855804624695, 0.10058607981438228, 0.1897088781579053, 0.17969244035110776, 0.22733286496074967, 0.1927638168866024, 0.15060936825644264, 0.12031356702412822, 0.16314127301221237, 0.19584460236485768, 0.16478883847737105, 0.13237314702229197, 0.2030324544209733, 0.11472970704770824, 0.17397461459076355, 0.1918642290593909, 0.20907173969141654, 0.16017937725460415, 0.07676291120525289, 0.15869973567804752, 0.22511858704949447, 0.2330416279705049, 0.12152662987494435, 0.0671487125993225, 0.1061213472033762, 0.13273667925982777, 0.20303470187965514, 0.12481033893924676, 0.23093104539551945, 0.24944286873591562, 0.1910813557304091, 0.10899922293673926, 0.16024075800205814, 0.164996349701232, 0.2594912315895214, 0.19027086769015267, 0.21903593651596617, 0.1543673371786931, 0.21508715687658572, 0.08477788760002603, 0.18860578878983172, 0.2553649751467371, 0.15906139753774087, 0.15092753786762003, 0.15598955193153963, 0.14657023955004198, 0.20605602451252814, 0.24012069153821514, 0.24958139637518828, 0.17992823005780825, 0.1085200748229956, 0.1488006300954834, 0.09316661674956271, 0.11203204394663833, 0.160669283035725, 0.23807075824731064, 0.10032947165217648, 0.2555365167627093, 0.2032932156175462, 0.17181904043140647, 0.1281127127049265, 0.07943965973797999, 0.1760467644750295, 0.13042741849873005, 0.24848982716567544, 0.19739810076324404, 0.12000162582359597, 0.07624454320478279, 0.17722037693329096, 0.16879248348932843, 0.1453497112591854, 0.08278733230515037, 0.13868878380864277, 0.2404496155225618, 0.199008926444201, 0.10353938709323751, 0.1630237081873263, 0.2110013848133693, 0.13057713768033344, 0.16497465517665377, 0.21963831762427777, 0.12893117559217646, 0.17460155410548062, 0.20789738629044505, 0.1336016776997479, 0.23413210772132353, 0.18907621659886584, 0.18220306479792112, 0.17163124947015965, 0.22077441034931647, 0.13561184483980995, 0.16990582358011644, 0.11752912638774753, 0.17203568326477747, 0.11185051528028166, 0.14132197158779233, 0.07021009267166937, 0.23904317138617645, 0.19677534565447366, 0.09678872413263488, 0.16734821141725753, 0.188754832206438, 0.07199511443609685, 0.190841113417154, 0.14637373025351488, 0.11749901463891367, 0.14896110530941423, 0.1577291052052452, 0.18507856644166162, 0.15816866629415147, 0.15537246315533446, 0.13238589097283102, 0.14746940825977212, 0.1271084653770923, 0.2234478101097862, 0.17313246757328704, 0.13229124117106156, 0.23733325122743146, 0.20815272994335268, 0.1761332866729328, 0.14359238356961349, 0.20385288589782982, 0.09746312213480755, 0.23754918710726117, 0.18836247773693793, 0.23310939011490583, 0.14974366827988075, 0.17575109260827282, 0.1232150408729669, 0.07653511210090481, 0.1340954584294818, 0.1601290696111197, 0.14265659275976206, 0.1788169948104926, 0.11195032351003809, 0.19296832182472715, 0.15388106770016716, 0.11998513808189222, 0.24100623976609312, 0.203520758443501, 0.23676191202687824, 0.19688697364658994, 0.20247836122799825, 0.23454046834344294, 0.15248201869942288, 0.17697984743095133, 0.1528581119371478, 0.1888741317736716, 0.1635759272848891, 0.13876207224427853, 0.18720757634426596, 0.15259754959216482, 0.21559401910047807, 0.16020368344283478, 0.16825988708583836, 0.18834760160362543, 0.21108508938612505, 0.10479087723932357, 0.20822626396527863, 0.1561260495533445, 0.11642981895226867, 0.1584126911488929, 0.25585751229307346, 0.2069981348769112], "avg_pos_deviation": 0.16645844156054068, "pos_deviation_std_dev": 0.04845709115447287, "sum_rot_deviation": 153.47380229860272,