{"sum_size_of_clusters": 511, "all_cluster_sizes": [3, 3, 4, 3, 3, 3, 4, 3, 3, 4, 4, 3, 3, 3, 5, 3, 3, 3, 3, 3, 3, 3, 4, 3, 4, 3, 3, 3, 3, 3, 3, 3, 3, 3, 3, 3, 3, 3, 3, 3, 3, 3, 4, 3, 3, 3, 3, 3, 4, 3, 3, 3, 3, 3, 3, 3, 3, 3, 4, 3, 3, 3, 3, 3, 3, 3, 3, 3, 3, 3, 3, 3, 3, 3, 3, 3, 3, 3, 4, 3, 3, 3, 3, 3, 3, 3, 3, 3, 3, 3, 3, 3, 3, 4, 3, 3, 3, 3, 3, 3, 3, 3, 3, 3, 3, 3, 3, 3, 3, 3, 3, 3, 3, 4, 4, 3, 3, 3, 3, 3, 3, 3, 3, 3, 3, 3, 4, 3, 3, 3, 3, 3, 3, 3, 3, 3, 3, 3, 4, 3, 3, 3, 3, 3, 3, 3, 3, 3, 3, 5, 4, 3, 3, 4, 3, 3, 3, 4, 3, 3, 3, 3, 3], "cluster_size_std_dev": 0.37704729086292693, "avg_cluster_size": 3.1349693251533743, "total_nr_of_clusters": 163, "sum_pos_deviation": 27.989628023847086, "all_pos_deviations": [0.13416286335026503, 0.05157633372823659, 0.21385355063743142, 0.12156925279208637, 0.09193558823982272, 0.16010800202924522, 0.2360629070439634, 0.18771061203331832, 0.14835176093293204, 0.1502492523690563, 0.17672525049468438, 0.2373208471780014, 0.2485389599250336, 0.08483911364878273, 0.21666103786115923, 0.25912747283377047, 0.1600070876728635, 0.20749732225788364, 0.17668530418298, 0.19534671031323458, 0.14961269616638936, 0.13639322873060836, 0.22115019268583458, 0.12946550775529844, 0.1562800862406132, 0.20738248489368374, 0.1456078911575722, 0.2407534717888804, 0.1668555883826067, 0.14138331296299286, 0.17939565192379692, 0.23590231823202323, 0.18531148004406894, 0.15882748928338677, 0.12478881475137592, 0.11110715600503003, 0.12246533339384265, 0.17863023055958493, 0.1618598728307853, 0.13987117985714323, 0.1747239776181537, 0.20876628242319983, 0.2570758605159315, 0.1747996645487957, 0.18358050234966394, 0.16841011609615367, 0.18987122498766476, 0.10293187247401814, 0.2952228753169434, 0.19218835326620096, 0.1222489395592436, 0.1473219934867262, 0.2263185918661028, 0.15879245638182063, 0.17437268753524057, 0.20430219519436568, 0.17221977720734913, 0.22990744345786948, 0.21921940587433428, 0.15175873139165208, 0.15291711150882545, 0.12417776100450434, 0.1658820591946323, 0.18542811880006135, 0.17964295289310475, 0.16198095834937098, 0.14103957833157332, 0.11473662295499253, 0.1307684351498567, 0.213416848365395, 0.16778149252870225, 0.11917212971733694, 0.12849077853806976, 0.13159063138966062, 0.18454507466960016, 0.1191599567506132, 0.12323405598144382, 0.15931313435772362, 0.25414158705182344, 0.22383549917964338, 0.184681501605388, 0.21285994573143083, 0.15090563876009636, 0.08560038881960064, 0.12160738815382964, 0.1770707214322668, 0.15768704913766815, 0.14935032563412556, 0.18223367966749623, 0.18206842500500311, 0.1617309878399905, 0.20209223820896008, 0.22813748222076666, 0.24788850381627073, 0.18232928133435622, 0.16094087183979613, 0.09192711336611457, 0.1759285460258948, 0.21223042972012493, 0.18691755061116522, 0.148960958405223, 0.2220796690516873, 0.2418750824583652, 0.08372024507691228, 0.2157084395886039, 0.19626905147057017, 0.21921834346552602, 0.16859316728961948, 0.11358808182750806, 0.2181836050377428, 0.16191569448142476, 0.1434610403260699, 0.11815764370496472, 0.15172747605230233, 0.0934372642637869, 0.23289817679374433, 0.2032304254874817, 0.11470555401738235, 0.11183827949115811, 0.23962679991597158, 0.06524382071714997, 0.11016510694984283, 0.19713684936660222, 0.1825942532859738, 0.18074168862934872, 0.18141767579778412, 0.21479278486269107, 0.2190968658627482, 0.12262446723617826, 0.18470515876809204, 0.20085982567855143, 0.230443875011473, 0.13659242485810594, 0.17798497957775217, 0.15677111656675116, 0.16171360425366244, 0.12803336849952132, 0.2107470815275717, 0.16897162458410406, 0.16690877436387927, 0.09467162639949826, 0.1918409362227059, 0.15328048815850046, 0.1544105018834486, 0.14298818156454743, 0.18782897696096948, 0.21008059631137824, 0.1806065372890506, 0.19115553873134697, 0.2197233567147014, 0.14103557418897958, 0.20388160874066755, 0.18974078518083584, 0.15544073198075256, 0.16386200753964794, 0.15262468360492223, 0.21120407580111325, 0.17928715595183795, 0.23388662775504002, 0.1286375282304124, 0.12759802941293863, 0.20361540561352667, 0.23463770063744627], "avg_pos_deviation": 0.17171550934875512, "pos_deviation_std_dev": 0.04373293105776009, "sum_rot_deviation": 140.66201249285726, "all_rot_deviations": [0.3369240177626658, 0.17171282562894982, 1.020919643244086, 0.9558351196242826, 1.1502763459808036, 0.5266297427321762, 0.5801846590172504, 1.3629554673188196, 0.7727180120362371, 0.8088957865889076, 0.6297695496768154, 0.9927382476334237, 0.8800051006692707, 0.7095993094272636, 0.6591739747525868, 0.8968938576184206, 0.7719186143984437, 0.8796245282313532, 0.7343831056349622, 0.9991555102536912, 1.3352438499311816, 0.8876464776171374, 0.8169017500815069, 1.1733177556114815, 0.7149553089982374, 0.6372299735573176, 1.1587446053108839, 1.029877944162406, 0.9772307168761988, 1.1975388145657757, 1.1772989438068098, 0.9791396324553879, 1.0471229865745215, 0.7878315210472433, 0.6052539808914645, 0.5400895384188041, 0.9881750260875508, 0.19863472185369893, 0.6598187065404371, 0.7484534910494473, 0.6713765836667139, 1.3283462031041517, 0.4909982301120327, 0.6222339592162262, 0.6843425616981637, 0.42969621575178013, 0.44510868890749683, 1.2794756001993814, 1.1507757029294452, 0.88287568070129, 0.2581872047051856, 0.6947997426372812, 1.0583535028500493, 0.20420907315141212, 1.1063602744076855, 1.0923932696815417, 0.9402346705261636, 0.9237116995133222, 1.12676528730982, 0.5880093173425517, 0.6576169909188249, 0.7238817312345659, 1.5204903370948246, 0.770510466463122, 0.9111747713753306, 1.0445301882368703, 1.2435692830115694, 0.38382217746489483, 0.939874565431464, 1.2918182160774185, 0.6665010884633586, 1.124480521403925, 0.9204263979440749, 1.0686402205816794, 1.0309480582254142, 0.8371118699047656, 0.44421065711748337, 0.5274579703034311, 1.1442771901269149, 0.2606353741658136, 1.0080709838555613, 0.3404142033349251, 0.9638097215983344, 1.244619609380334, 0.9529248066549135, 1.0335660268524094, 1.462009751234368, 1.1625231304511134, 0.8941160871552755, 1.1593409478683325, 1.0408071232326062, 0.4980986545831949, 0.8866324846116239, 0.9954712109881568, 0.6461646335469481, 1.0699097222712297, 0.9294071393371818, 1.4494449448426285, 0.7090203694583502, 1.1530023924673862, 0.4642199321667631, 0.9189119003200809, 0.3423139968181128, 0.46302417410653174, 1.040614077349898, 1.0443565481792234, 0.982685053102132, 0.3132705169555898, 1.0373580542390062, 0.8936540574641479, 1.1890178685017176, 1.2237697856733958, 1.1279044047346631, 0.9896273459137686, 0.6069082442917504, 0.07553067599826324, 0.555002696047019, 0.9776639241516204, 1.1048133458512777, 1.49521671632603, 0.9292287686526096, 0.8687324501396602, 1.6621033647648675, 0.8610787361193508, 1.2766649153739527, 1.117324027232934, 0.21218262101310836, 0.9615740405666248, 1.0194035644801633, 0.9392346551264547, 1.0186403601199625, 0.5862522073834923, 0.7603379708936933, 0.8974339525030052, 0.2735213825989004, 1.3238052582622732, 1.2427472555600436, 0.3085440882421529, 1.3092112729748373, 0.37031206059399674, 0.7266097749907917, 0.6684128051867305, 0.9740188768450929, 0.5328922376931094, 0.38886350023194655, 0.9693405782256481, 0.772235195332594, 1.0300067854375703, 1.4669911269949532, 1.0034458799107675, 0.9187717896814662, 0.33023694645644613, 1.048718123203448, 0.8137034313167231, 0.31368772252529514, 1.2780582699068985, 0.34834495056229703, 0.9389543459508163, 1.033088876810217, 1.039109424711629, 1.0106983890820882, 0.8121451575380728, 0.8690773821193418], "avg_rot_deviation": 0.86295713185802, "rot_deviation_std_dev": 0.3186705921446672, "sum_boids_eaten": 428}