{"sum_size_of_clusters": 534, "all_cluster_sizes": [3, 3, 4, 4, 3, 3, 3, 3, 3, 3, 3, 3, 3, 3, 3, 3, 3, 3, 3, 3, 3, 3, 3, 3, 3, 3, 3, 3, 3, 3, 3, 4, 3, 3, 3, 3, 3, 3, 3, 3, 4, 3, 3, 3, 3, 3, 3, 3, 3, 3, 4, 3, 4, 3, 3, 3, 3, 3, 3, 3, 4, 3, 3, 3, 4, 3, 3, 3, 4, 3, 3, 4, 3, 3, 3, 3, 3, 3, 3, 4, 3, 3, 3, 3, 3, 3, 4, 3, 6, 3, 3, 3, 3, 3, 3, 3, 3, 3, 3, 3, 3, 3, 3, 3, 3, 3, 3, 3, 4, 3, 3, 3, 4, 5, 3, 3, 3, 3, 3, 3, 3, 3, 3, 3, 3, 3, 3, 4, 3, 3, 3, 4, 3, 3, 3, 3, 3, 3, 3, 3, 3, 3, 3, 5, 3, 3, 3, 3, 3, 3, 4, 4, 3, 3, 3, 3, 3, 3, 3, 3, 3, 3, 4, 3, 3, 3, 3, 3, 4], "cluster_size_std_dev": 0.44109165533707656, "avg_cluster_size": 3.1597633136094676, "total_nr_of_clusters": 169, "sum_pos_deviation": 28.495558467124336, "all_pos_deviations": [0.1872642505817753, 0.237722660371966, 0.25295640729726565, 0.18789509994917905, 0.22970099158154653, 0.19064582950053297, 0.10948011896404125, 0.1776046250541333, 0.11427784952821014, 0.1660758599627443, 0.14009203088201236, 0.09367053352248515, 0.16158585638954903, 0.08535123159883141, 0.08082028687894104, 0.20618821188867587, 0.20575464428057497, 0.1907630953059899, 0.19307806651038675, 0.225071093776493, 0.1016006093189498, 0.1418244272150876, 0.16265467904460026, 0.1752727800766737, 0.15422782033980617, 0.19068730235202705, 0.20249775176975862, 0.15976197093551595, 0.118266330460008, 0.13713162352528682, 0.1066153553081385, 0.22425488435225246, 0.19078354909866768, 0.16171708902554066, 0.19282582190858277, 0.1399887115710688, 0.09880245881536431, 0.22406343469382317, 0.1372743421314522, 0.1406586760390455, 0.16713838503236253, 0.1457952871293738, 0.1689413911429293, 0.14914564700627128, 0.1177275850660795, 0.24627492973819828, 0.05293092285973208, 0.13064194041838662, 0.1408766866890046, 0.0878488272844692, 0.18342771730375582, 0.22799873610097823, 0.22603885691416714, 0.1535858509736462, 0.22225466897538185, 0.19096867098011586, 0.20357453643548842, 0.11524718111167283, 0.16500013665572263, 0.15929553352101, 0.21292363709617212, 0.2246966815772161, 0.22586043957813318, 0.215282011418675, 0.19061817636080594, 0.24998122520618868, 0.19124220905842457, 0.1085277755678743, 0.22675527811982854, 0.18285045659390797, 0.17114016468077797, 0.24465284273590218, 0.1964482673742135, 0.19615680560026882, 0.15828282195640028, 0.1068854281001863, 0.1032451381435046, 0.16373316641499405, 0.04960870669488735, 0.17477144492620209, 0.16241336750695157, 0.18232827306559507, 0.19329849029963478, 0.1590680856899538, 0.20515791699854205, 0.1551398374665513, 0.13430297466084548, 0.06121772450074369, 0.31390791809931234, 0.23349568651756122, 0.12965972962208275, 0.13790821078522156, 0.2158008406071162, 0.10701408764103992, 0.1505203561439686, 0.2286537340776774, 0.18210978089489915, 0.1952780946539762, 0.1531944733942764, 0.16198712137955895, 0.17809133504873745, 0.16168832552630288, 0.12730344101483423, 0.21618899263841987, 0.13700573706646543, 0.14374738870394532, 0.1562003067983898, 0.19905226478973215, 0.3122620194112327, 0.13345017058645758, 0.1632424041020736, 0.11437663006199443, 0.2108949150569899, 0.18058411304230831, 0.11770074244073984, 0.15529718990131486, 0.1436146723173905, 0.18774019783403798, 0.05579649351525843, 0.1334600226019785, 0.217709170794015, 0.15190243873070938, 0.2064853153558455, 0.12266615371546868, 0.19946250847151795, 0.0861082768407942, 0.15092565901276067, 0.19510741216333263, 0.21605990719993642, 0.1835727141840743, 0.13094124667316995, 0.1482732128150015, 0.20979235909013796, 0.13980009028559806, 0.1274084092335894, 0.22688870091855784, 0.09833436041913661, 0.17154220666617634, 0.1579944578531923, 0.10975255950795482, 0.12197020457792052, 0.21362834353479687, 0.15828514431178128, 0.20741552147312087, 0.06618729384316015, 0.1328116093794788, 0.19799320619219637, 0.2084056661700684, 0.1651980123618573, 0.1776941745777646, 0.18688792502571897, 0.25106803498425906, 0.13863724444779246, 0.21560359791917638, 0.21853909455176912, 0.22551483026079935, 0.19359374472340854, 0.15791351292256692, 0.19238746100090084, 0.1782778638885291, 0.15153119078383745, 0.19962535009121316, 0.15282971110425347, 0.10382466050193302, 0.14457969802363557, 0.08348442208134525, 0.22043212519294178, 0.1651692160815752, 0.2799038503711606], "avg_pos_deviation": 0.16861277199481856, "pos_deviation_std_dev": 0.04814269891691802, "sum_rot_deviation": 152.22000234251902, "all_rot_deviations": [1.0407768238355295, 1.1524219992977907, 0.6546037923772412, 1.440834149274017, 0.9933414114503237, 1.392703226866212, 0.1912942144307864, 1.009154911081918, 0.9905634104533901, 0.4213353437543293, 0.6308963147521162, 0.5215625489720254, 0.9459496552701664, 1.0152398782328633, 0.4132159402183344, 0.9674024087106562, 0.9335370445819953, 0.8648764826627281, 0.8904291676884234, 1.2492291165717202, 0.23169986268154727, 0.46028802696312626, 0.8958662962534035, 1.5071988715197149, 0.9822092243466646, 0.9234435345473374, 0.8592275640801393, 0.48672091046226634, 1.1659822864845684, 0.8224935200502234, 0.8224935200502234, 1.260784617680697, 0.9813684076874134, 1.046751405972239, 1.0969032950067532, 0.5434550195622837, 1.0154657637403426, 0.9336350607568814, 0.918991055936527, 1.1463266302924981, 1.1691532948034955, 0.49664448235905906, 0.9129208770535495, 0.947867280780489, 0.29840905743434104, 0.5634248778663289, 0.10827097009897309, 0.9726848796788604, 0.5512424139184958, 1.044193908767534, 1.0495295067348158, 0.6825206730735714, 0.9847666177694182, 1.153089479420722, 0.7953895788793198, 1.363380943995357, 0.6119988894700862, 0.9963053940208396, 0.9538817696835239, 0.9279410241625653, 1.1110011992391091, 0.7926956461428197, 0.9868060710113059, 1.208649652265284, 0.903714078688441, 0.9319851778695463, 0.7944565641089772, 1.0436993532077308, 1.186959159860146, 0.820958432100142, 0.8547152140832323, 1.0275253366235773, 1.0439743937853934, 0.6308152542824925, 1.0008759117901926, 0.9467011017171, 0.9933657455463346, 1.0011272813726997, 0.750140354366445, 0.9490072238237179, 1.0721404301882067, 1.2979493409278067, 0.48876132727039323, 0.6338991765390075, 0.9044754168425632, 0.5212042262349622, 0.9144949870834255, 0.9576199915848785, 1.1045774810621616, 1.103251274359505, 1.0931705837895953, 0.6782810965438948, 0.9730392859109974, 0.08229806190250792, 0.44808436756039355, 0.9282707259927964, 0.3116970211908959, 0.8744436174669392, 1.0338992293929576, 0.7281150314647563, 0.7190218864901295, 0.8180787573306882, 1.015654159084395, 1.153303585911891, 0.6975830015794804, 0.23692756242741178, 0.5508153986554924, 1.0131248166615423, 1.2133434132738188, 1.0393765969732507, 1.2885949566158565, 0.5618663142397035, 1.0214154653244432, 1.2752237720490207, 0.522903696106, 1.0399463704530805, 0.9797923605526249, 0.6326239047532848, 1.0440513336857995, 0.9612548929869743, 1.0106794058094666, 0.4375440177427517, 1.017830466210281, 1.013350193664729, 1.1316233710131165, 1.4849725430382505, 0.7920074025786451, 1.1241651897763072, 1.260885560999414, 0.5066060300257664, 1.1744024063531118, 0.8919460144562873, 0.7632604575644236, 0.9224895969839091, 0.5114128259826591, 1.332130973255478, 1.276269350847227, 0.3220262577980402, 0.46248222768112046, 1.0417198469767157, 0.601013636310345, 1.5335412501120451, 1.3417073777434025, 1.3767915884413622, 1.069722881485286, 1.0760842907958506, 1.4319503695107094, 1.2859826606759241, 0.46353702949763126, 0.8312080702703999, 1.0376977360602808, 0.8429432139740602, 0.6066765311729748, 1.0435526765192205, 0.14580011263425963, 1.1465320799298364, 1.1499434370485846, 1.0471359714210828, 1.045092421973566, 1.0056551519515362, 0.582118602791282, 1.0459602514848036, 1.000734706002175, 0.713760313289954, 1.3166142302400343, 0.19630956623291615, 1.2920324419169087, 1.0201866678770202, 1.173876231520869], "avg_rot_deviation": 0.9007100730326569, "rot_deviation_std_dev": 0.3020431536813308, "sum_boids_eaten": 391}