{"sum_size_of_clusters": 954, "all_cluster_sizes": [3, 3, 3, 3, 4, 3, 3, 3, 3, 3, 3, 3, 4, 3, 4, 3, 4, 3, 3, 3, 3, 4, 3, 3, 3, 3, 3, 3, 3, 5, 5, 3, 3, 4, 3, 3, 3, 3, 3, 4, 5, 3, 3, 3, 3, 4, 3, 3, 3, 3, 3, 3, 4, 4, 3, 3, 3, 3, 3, 3, 3, 3, 3, 4, 3, 4, 3, 4, 4, 3, 3, 3, 3, 3, 3, 3, 3, 3, 3, 4, 4, 4, 4, 3, 3, 3, 3, 4, 3, 3, 3, 3, 4, 3, 3, 3, 4, 3, 3, 4, 3, 3, 3, 3, 3, 3, 3, 3, 3, 3, 3, 3, 3, 3, 3, 3, 4, 3, 4, 3, 4, 3, 3, 4, 3, 3, 4, 3, 3, 3, 4, 4, 5, 3, 3, 3, 3, 3, 3, 3, 3, 3, 3, 3, 3, 3, 3, 3, 3, 3, 3, 3, 3, 3, 3, 3, 3, 3, 3, 3, 3, 3, 4, 3, 7, 4, 3, 3, 3, 3, 3, 3, 3, 3, 3, 3, 3, 3, 3, 3, 3, 3, 3, 3, 4, 3, 3, 3, 3, 3, 3, 3, 3, 3, 3, 4, 3, 3, 3, 3, 3, 3, 3, 3, 3, 3, 6, 3, 4, 3, 3, 5, 4, 3, 3, 3, 3, 3, 3, 4, 3, 5, 3, 3, 3, 3, 3, 3, 3, 3, 4, 3, 3, 3, 3, 3, 5, 5, 3, 3, 3, 3, 3, 3, 3, 3, 4, 5, 4, 5, 3, 3, 3, 7, 3, 3, 3, 3, 5, 3, 3, 3, 4, 3, 3, 4, 3, 3, 3, 3, 3, 3, 3, 3, 4, 3, 4, 3, 3, 3, 3, 3, 3, 3, 3, 4, 3, 3, 3, 3, 4, 3], "cluster_size_std_dev": 0.6124829293129784, "avg_cluster_size": 3.267123287671233, "total_nr_of_clusters": 292, "sum_pos_deviation": 49.48709889976839, "all_pos_deviations": [0.13227302757969076, 0.1768282866708835, 0.17947920423205255, 0.12471034041626607, 0.16713487971157856, 0.1431415945559841, 0.1696456134354113, 0.2031093057342437, 0.09775648402311314, 0.14896963527523086, 0.13739196478439955, 0.20120416191453097, 0.2144878368489732, 0.0732501915877116, 0.12214747633103477, 0.10287653928208192, 0.14174693245704942, 0.17398196592575274, 0.18607671549001947, 0.22340518618931138, 0.12635100497318044, 0.16251936496018246, 0.08038932843102471, 0.07261536993103736, 0.08293996692416612, 0.09204781239997051, 0.15569162966377262, 0.144022696178533, 0.20383759223487188, 0.15403946521840903, 0.1692835896179732, 0.2057024856998851, 0.22756611927196238, 0.2038130078980798, 0.1682161808041407, 0.11964785364372332, 0.13635442261577174, 0.15816373250326984, 0.21129202411870476, 0.21852330143536333, 0.21421969028931015, 0.12990050386057841, 0.14979834901145792, 0.17757226576205953, 0.18156672656198425, 0.1528331741375051, 0.19877458051173455, 0.0793251345414573, 0.16226633274576127, 0.13498310834446917, 0.16163274445306264, 0.2157512634410045, 0.25014407789182486, 0.20854447696645528, 0.20991662631381522, 0.10830123714533912, 0.1795902387150886, 0.14182810245684807, 0.19488578478284269, 0.2226901615103012, 0.12944026249902318, 0.16424894846258983, 0.14510616556483094, 0.17329119476810817, 0.16373119621846127, 0.20359770828172416, 0.079443188832141, 0.16117018134904618, 0.21028673067628212, 0.22837401808747057, 0.16977747513363237, 0.1479866072194363, 0.20844909167996875, 0.21794176031287457, 0.14372607126439121, 0.2140710959208835, 0.22166229737540755, 0.17925732220743104, 0.14346527869161774, 0.21723884710640595, 0.2484970529206919, 0.20532236078008273, 0.250790066742867, 0.20503897507101118, 0.24737044924074017, 0.10327591813788721, 0.18847003286236405, 0.22610565803922456, 0.24785758215914713, 0.09444279434522034, 0.05066410683487132, 0.15011909888191435, 0.26560156466389734, 0.153825648828937, 0.20413715616394867, 0.17501662769618023, 0.23882565165120617, 0.1778665597836375, 0.1276067024105603, 0.17760977133481728, 0.15080134395561887, 0.22729962066797646, 0.14333818830342174, 0.2063699047800879, 0.1871332961043863, 0.182193317879211, 0.12409170926922815, 0.19589772112874015, 0.10334621523590304, 0.12904081723000696, 0.1421607262892052, 0.16297644312156426, 0.16539554400578335, 0.19768903652106662, 0.12824965981677477, 0.052889686983662414, 0.1895998140875589, 0.06555625522453944, 0.20055044257828403, 0.13469409868093543, 0.23935757323000073, 0.13517807533546997, 0.2080185901468853, 0.18008713109901822, 0.1376499289879065, 0.19891748082714722, 0.167957693013007, 0.18638659683604397, 0.20504660494122615, 0.10973499122386099, 0.2060522351608268, 0.2417129528787613, 0.25867962842915965, 0.2374822904802106, 0.1943690001699793, 0.22471914584011113, 0.11375912388810748, 0.12598938128673107, 0.1559785892511281, 0.10760033806073278, 0.10451814690451122, 0.2108266652860847, 0.09649069802506237, 0.07379782913772313, 0.2018071568921627, 0.1231321525076139, 0.22428181061564603, 0.1799856914787493, 0.21603334928272575, 0.14991192335498085, 0.160863357774221, 0.19839068371289895, 0.12774429647452487, 0.18521689949119977, 0.19524192999413356, 0.18465527109760305, 0.16763348569320966, 0.13586199840228488, 0.12196400385176513, 0.16392003890379112, 0.2348007132878446, 0.2500805505681671, 0.0649587431559197, 0.13625891645407773, 0.18469609879298643, 0.1357224372213781, 0.19369029604486734, 0.18995841074095143, 0.1465887307188587, 0.11981909756910303, 0.22150318197204708, 0.24270697497511226, 0.16107661931694087, 0.20278147090974685, 0.172208884316169, 0.23468943306588816, 0.16906069032224155, 0.2213848434327744, 0.20560081392443194, 0.19344705067762383, 0.13701040815668733, 0.11390819129967589, 0.20577027745207918, 0.19478053769091042, 0.20727221550285577, 0.09793984529100191, 0.12793388665458064, 0.17474440246052195, 0.22960124172749471, 0.2106713341812481, 0.20002368998060852, 0.2252827691593499, 0.20966020368187085, 0.23753035422122848, 0.18565329145373796, 0.17736089190935175, 0.16897080870341433, 0.17279429209867456, 0.14055574279336677, 0.05578047055706988, 0.19321163878139858, 0.23598763771713802, 0.21925043172193479, 0.0853512215136679, 0.1654314256911847, 0.2012005129330242, 0.2149558300006431, 0.18143654108633886, 0.18044718527399073, 0.2135206927369846, 0.17857368171965474, 0.22096825069027023, 0.10332887886335085, 0.1186840938518608, 0.14394841709751358, 0.1214195720367477, 0.1716458603480835, 0.18437190504294185, 0.1826598352396128, 0.24260449928887587, 0.1635505933947732, 0.14982333831887715, 0.20924962881386613, 0.19247980062701284, 0.10710929935728077, 0.21652872349091357, 0.1531853715905177, 0.14972613409962443, 0.11739541737693843, 0.19253105289406613, 0.24816864501727184, 0.20191323191905133, 0.16582277986256622, 0.1365598007684711, 0.1498817062775907, 0.18606449861540364, 0.16563927033418135, 0.2186380480938847, 0.1621721275272133, 0.12144195933178759, 0.05162841081910833, 0.1522448415948852, 0.060749614751749524, 0.24529127575614193, 0.13413880145913495, 0.14256957929931505, 0.20279150525568065, 0.21987826999331372, 0.12023883493068098, 0.25916701363619765, 0.1978616323219068, 0.16599989247937535, 0.05659031347249551, 0.275445594653472, 0.16010705486219606, 0.14160301756874077, 0.09986924110739116, 0.1134001572224423, 0.2973381864243722, 0.12971527559580662, 0.08702224796523735, 0.16543941358000827, 0.15251104231760085, 0.15812185438308599, 0.09880493557747543, 0.23703135585614424, 0.08178215742754048, 0.17803701730868793, 0.24414905014927815, 0.23126944822339993, 0.11888944250305226, 0.08105107242561992, 0.18001552463773143, 0.17798701615253007, 0.22006750287522714, 0.16515321547546372, 0.2511778726984339, 0.14602132065595583, 0.12514685958228086, 0.19051286791815014, 0.126088404747468, 0.1673199321698375, 0.119654371215409, 0.222062129242411, 0.14560154633400538, 0.18412666088613752, 0.15800117187500437, 0.2154422043539971, 0.10854459490783049, 0.15915027724805894, 0.2330136852450311, 0.11601916639218597], "avg_pos_deviation": 0.16947636609509723, "pos_deviation_std_dev": 0.04837484913469175, "sum_rot_deviation": 261.7627355644251,