{"sum_size_of_clusters": 1140, "all_cluster_sizes": [3, 3, 3, 3, 3, 3, 3, 3, 3, 3, 3, 3, 4, 3, 3, 3, 3, 3, 4, 5, 3, 4, 4, 3, 4, 3, 3, 3, 3, 3, 3, 3, 3, 3, 3, 3, 3, 3, 3, 5, 4, 3, 4, 3, 3, 3, 4, 3, 3, 4, 3, 4, 3, 3, 3, 5, 4, 3, 4, 4, 3, 3, 3, 7, 3, 3, 3, 3, 3, 4, 4, 4, 4, 6, 4, 3, 4, 3, 3, 5, 3, 5, 3, 4, 3, 3, 3, 3, 3, 3, 3, 3, 3, 3, 3, 3, 4, 4, 3, 3, 3, 3, 3, 3, 3, 3, 4, 3, 3, 3, 3, 3, 3, 3, 4, 3, 3, 3, 3, 4, 3, 4, 3, 3, 3, 3, 3, 4, 3, 3, 3, 3, 3, 3, 3, 3, 3, 3, 8, 4, 3, 3, 3, 3, 6, 3, 3, 3, 3, 3, 3, 3, 3, 3, 3, 4, 4, 6, 3, 3, 3, 3, 3, 3, 3, 3, 3, 3, 3, 3, 3, 3, 3, 3, 3, 5, 3, 3, 3, 4, 5, 3, 3, 3, 4, 3, 6, 3, 4, 3, 3, 3, 3, 3, 3, 3, 3, 6, 7, 3, 3, 3, 3, 3, 3, 3, 3, 3, 4, 3, 3, 4, 5, 3, 3, 3, 3, 3, 3, 4, 3, 4, 3, 3, 3, 3, 3, 3, 3, 3, 3, 3, 3, 5, 3, 3, 3, 3, 4, 4, 3, 3, 3, 3, 4, 3, 3, 3, 3, 3, 3, 4, 3, 3, 4, 3, 4, 3, 6, 3, 3, 4, 3, 3, 3, 3, 3, 3, 3, 3, 3, 4, 3, 3, 5, 3, 4, 5, 3, 3, 3, 3, 3, 3, 3, 3, 4, 3, 3, 3, 3, 3, 3, 4, 4, 4, 4, 3, 3, 3, 3, 3, 3, 4, 4, 3, 4, 4, 5, 3, 3, 3, 3, 3, 3, 3, 3, 3, 6, 4, 4, 3, 3, 3, 3, 3, 3, 3, 3, 3, 3, 3, 3, 3, 3, 3, 3, 3, 5, 3, 3], "cluster_size_std_dev": 0.7452917016478243, "avg_cluster_size": 3.343108504398827, "total_nr_of_clusters": 341, "sum_pos_deviation": 54.27269135963299, "all_pos_deviations": [0.07261098593174725, 0.1146506181098897, 0.23891033642836845, 0.18534009578794144, 0.15039103645584656, 0.15568113575922546, 0.15613469871254515, 0.12622314144569638, 0.09928775026892933, 0.14863141372562425, 0.22017661129992452, 0.17718910866654466, 0.15760360270962284, 0.13657585235865863, 0.11406715249961476, 0.16866744678743362, 0.10884764921782915, 0.23973318835553892, 0.19511565364149377, 0.10855711103600467, 0.1375780732525015, 0.16987886615586886, 0.12210734394795893, 0.19179364641560334, 0.21411247880317982, 0.09611252224271565, 0.2281000009918838, 0.08295883620914861, 0.1279115064017273, 0.1769736328729097, 0.1558788756743388, 0.1952395050729869, 0.14776833008579218, 0.09555496321748974, 0.17410376117366513, 0.1865824943874377, 0.14541328753447857, 0.20432477278915892, 0.09573515417621503, 0.25561094707000753, 0.24907889605262204, 0.12025139793383631, 0.2572807416447624, 0.05251094109589075, 0.21334145571454002, 0.22092782560662735, 0.16448552922281023, 0.13509486548576075, 0.18231341223602238, 0.1737792775474087, 0.2182720931223899, 0.21960969699360136, 0.19085467775584156, 0.15067651688363193, 0.2429100243013389, 0.19181502020099078, 0.08247728322248461, 0.19266666771720375, 0.1418861258180419, 0.12666135893421235, 0.18868859287875164, 0.2069047829052317, 0.1569449194079444, 0.22426514320798205, 0.20322661304069237, 0.1420939874974345, 0.159036825660812, 0.1690437541165101, 0.15442539224796195, 0.30208747867190916, 0.06078548210039834, 0.195620188383673, 0.15608555063373034, 0.27871238701970136, 0.01887097434396069, 0.14994138776160915, 0.09967479168156292, 0.19034326428482876, 0.207666163605978, 0.10273356768311077, 0.2353952552950761, 0.17658980702307497, 0.1951715528729503, 0.19025409717318764, 0.13620264723470873, 0.03770105153048873, 0.14206609128904477, 0.1383262780644921, 0.1979592649971906, 0.14272005030745818, 0.22032770094295073, 0.14095628965645296, 0.20039531028898927, 0.21260301816585658, 0.10571426207739203, 0.21511781345363842, 0.17590553604430417, 0.23407674782275922, 0.1786320712576747, 0.18538445179561566, 0.15679402795583286, 0.10062308699931287, 0.061595810778315004, 0.1957831411201548, 0.1703377580373958, 0.1671268060270602, 0.1774698952260592, 0.16043714460532219, 0.16480359714711204, 0.16334842645862233, 0.16945700947730588, 0.1453213465573435, 0.07608860659568635, 0.20429170592890536, 0.21902964616753695, 0.09735316559682466, 0.15247177134290882, 0.18958955835473348, 0.1461947761936466, 0.10979957299340105, 0.16957187587755748, 0.12480894821224038, 0.1989918797806731, 0.18084698945526775, 0.1935317967307663, 0.23551669420333612, 0.08584889455913865, 0.13263187092922826, 0.1145517586433694, 0.0516105838836377, 0.18334081138328293, 0.1470709963425592, 0.15308488924315813, 0.09503217174483729, 0.1596807671485286, 0.15184219689157474, 0.21314457250397456, 0.1925724055162444, 0.2733365550644243, 0.21841529938441664, 0.18291602167610602, 0.10310541323020055, 0.13449429730843743, 0.23091157094540868, 0.15268574932936746, 0.1372024934795164, 0.17267519884369242, 0.1590192472198596, 0.07961429033392384, 0.18968691624899414, 0.16685151339034898, 0.18676695244786787, 0.14069913617731866, 0.13320058895908402, 0.11158592025959806, 0.12578471766252586, 0.1878406565424019, 0.1604511514643626, 0.06511115819699527, 0.17526135685408017, 0.11015900679630336, 0.1557461243322842, 0.0554023481130838, 0.19178259929191302, 0.16651602560391876, 0.18662889720305756, 0.11855105627930967, 0.20932750439196302, 0.08909120611190381, 0.12930510128902375, 0.1815764175705942, 0.17228456842226617, 0.168255629387254, 0.1490668623457776, 0.11559758487801976, 0.17831620852700786, 0.15266538128203724, 0.07381623178329777, 0.13507574528318803, 0.16743836195540154, 0.16330843933261985, 0.1288826955647703, 0.13152418524178314, 0.06299095394942138, 0.09653330687816997, 0.13542973571049122, 0.22628333864726446, 0.22778673501881938, 0.09894808510664066, 0.1298030882968884, 0.06183442790192347, 0.12112679037231683, 0.22478397285669216, 0.1860880843952867, 0.17995729684202735, 0.14123216587640963, 0.160300898202675, 0.13649878547139244, 0.22363791851294232, 0.17192377935768743, 0.19522402287211735, 0.0953966566070616, 0.11561278183658535, 0.23398132410651562, 0.15806678308251995, 0.1898611356642019, 0.16354239368453144, 0.2069926206328255, 0.13012796719223385, 0.1394912557014134, 0.20517259194547002, 0.18398923668790867, 0.2492987939027816, 0.09405337755870281, 0.1606077757937794, 0.16874883295281304, 0.12973222814354657, 0.15980097122981463, 0.15030515677036624, 0.21513052599096086, 0.21538758083548762, 0.10955475836853047, 0.16532253724897775, 0.20150388438346734, 0.14654455928126617, 0.17190346991517158, 0.18610394764278926, 0.16749326083394553, 0.22023892107116394, 0.14313810235143534, 0.1617740199911556, 0.18399746656786284, 0.1594115391847688, 0.18518069241265295, 0.06435774381648997, 0.15234328769605163, 0.14435441460692847, 0.23553022102792967, 0.20201249566671864, 0.1363963213975722, 0.14386496805301596, 0.11117744259664451, 0.1248912658630803, 0.09760056728333012, 0.1789383919001574, 0.13418637310855397, 0.09155064817093704, 0.08510522224138685, 0.18097353209129194, 0.10708549890965224, 0.1010729611421311, 0.23307142201597522, 0.15475643618132992, 0.1426630447228112, 0.2554489900424405, 0.1742040780045315, 0.11930381236901794, 0.06841224894837634, 0.13289651432346286, 0.20712401482410514, 0.2212131499104779, 0.2024954239618526, 0.09643271645812362, 0.15135863235675986, 0.17215185509369754, 0.23258678633135918, 0.13074912375458764, 0.09784733392074103, 0.1829551726859353, 0.12922336520554986, 0.1656211196727873, 0.16020785698116044, 0.2011471787905219, 0.21366665091226833, 0.14543282933958873, 0.1613687055098861, 0.1965154696286188, 0.15347598999048256, 0.11675293743570449, 0.19187503697925848, 0.20599854202911264, 0.23249155653793552, 0.21204218403757666, 0.21958855808739086, 0.1441674110065275, 0.034957867623547904, 0.22655771609893718, 0.14305901428747406, 0.06952891279437208, 0.2065135646308112, 0.13904302349199218, 0.18023201488207885, 0.12576985787632153, 0.1564285117044977, 0.1038383442563281, 0.14090042156603688, 0.1817074423313713, 0.15097305340846884, 0.09642419356525565, 0.145695701804339, 0.1847898147668927, 0.14722496685957134, 0.10597090987895764, 0.2849565356634535, 0.1714814552141117, 0.1909049303855028, 0.17701868916418909, 0.16808256123279908, 0.2019460695871586, 0.17960661608432174, 0.17776150514566855, 0.042881615691693124, 0.1565273223074123, 0.14670391708251698, 0.2407951215057784, 0.12730235104654614, 0.15387377850179318, 0.11408022839542166, 0.18307446408250092, 0.1893766118105696, 0.22892311237423132, 0.13691019849528752, 0.13506819234257075, 0.12171640455107668, 0.10794934796538747, 