{"sum_size_of_clusters": 796, "all_cluster_sizes": [3, 3, 3, 3, 3, 3, 4, 3, 3, 3, 3, 3, 3, 3, 3, 3, 4, 3, 4, 4, 4, 3, 3, 3, 3, 3, 4, 3, 4, 4, 3, 3, 3, 4, 3, 3, 3, 3, 3, 3, 3, 3, 3, 4, 3, 3, 3, 3, 4, 3, 3, 3, 3, 3, 3, 4, 3, 4, 3, 4, 3, 3, 3, 3, 3, 3, 4, 3, 4, 3, 3, 3, 3, 3, 3, 3, 3, 3, 3, 4, 3, 3, 3, 3, 3, 4, 4, 3, 3, 3, 3, 3, 3, 3, 3, 3, 3, 3, 4, 4, 5, 3, 3, 3, 3, 3, 4, 5, 3, 3, 4, 3, 3, 3, 4, 3, 3, 3, 3, 3, 3, 4, 3, 3, 3, 4, 3, 4, 3, 3, 3, 3, 3, 3, 3, 3, 3, 3, 3, 3, 3, 3, 3, 4, 3, 3, 3, 3, 3, 3, 3, 3, 4, 4, 3, 3, 3, 3, 3, 3, 3, 5, 3, 3, 4, 5, 3, 3, 3, 3, 3, 3, 3, 3, 3, 3, 4, 3, 3, 3, 3, 3, 4, 3, 4, 3, 3, 3, 3, 3, 3, 3, 3, 3, 3, 3, 3, 3, 4, 3, 4, 3, 3, 5, 4, 3, 3, 3, 3, 3, 3, 4, 3, 3, 3, 3, 3, 3, 3, 3, 3, 3, 3, 3, 4, 4, 3, 3, 4, 3, 3, 4, 3, 3, 3, 3, 3, 3, 3, 3, 3, 3, 3, 3, 3, 3, 3, 3], "cluster_size_std_dev": 0.454829123020909, "avg_cluster_size": 3.2096774193548385, "total_nr_of_clusters": 248, "sum_pos_deviation": 40.9457658312021, "all_pos_deviations": [0.19419664910008363, 0.1890756926309036, 0.17295421981885642, 0.11746712391903442, 0.11005228563404235, 0.15774916342468662, 0.23846890355187833, 0.14370082902856654, 0.1725394122074646, 0.07938727537944967, 0.1817377482586944, 0.19658538898740718, 0.19768822100946082, 0.16080798200653384, 0.1945442468272526, 0.2065688445084419, 0.20557319628894785, 0.12416566438679222, 0.2523296727601128, 0.18778872341064803, 0.17134700295752828, 0.22465309313594584, 0.15655582106475682, 0.13249517363836763, 0.1385939780374763, 0.19889227890631825, 0.23917518253248762, 0.059009392828035585, 0.15370053940425255, 0.16727577647293757, 0.19872795244423588, 0.14683000355020978, 0.1488102631153368, 0.12594706952352608, 0.16582264036169028, 0.18249490494287868, 0.13196560328502385, 0.1914758525115081, 0.1486091007309071, 0.21492705694132486, 0.16537106521655073, 0.17021966251691426, 0.12092529009081947, 0.172777500193941, 0.14521015583930205, 0.13950526101294905, 0.16006105337504872, 0.2276772995419747, 0.20135722197098502, 0.2139302302123225, 0.135723550371695, 0.18599837667248556, 0.0743776982517775, 0.16289956401962238, 0.11384910853474912, 0.22625104041951105, 0.20603539217425468, 0.23544479793735684, 0.1929454321407427, 0.13857911037889056, 0.056030723578375664, 0.18862917666428158, 0.15960237266607066, 0.20295227884764178, 0.08878781260755668, 0.1318564723672872, 0.11461392184196272, 0.10387778856829155, 0.17802796514536753, 0.15934462577616884, 0.17822499713536955, 0.2039048125708153, 0.18034331309252097, 0.14189281325369843, 0.11986459890966387, 0.1506738253644924, 0.061046568862141604, 0.19417721118429312, 0.14899147414438055, 0.21710660526389472, 0.09795308554447953, 0.08918581062916024, 0.09882295048270175, 0.1998586795021654, 0.15837631537172325, 0.11178677421814144, 0.10964091940565274, 0.19758712096698197, 0.16659884336679948, 0.16773377084329097, 0.177801188559656, 0.08273908221063253, 0.1704353017185282, 0.06674107114792895, 0.15843135721807167, 0.1651449696537671, 0.1323907956265818, 0.19344493138590643, 0.25969198669636656, 0.18034335119411934, 0.16409149032846587, 0.16741545431797866, 0.2173271780229076, 0.17233114620194065, 0.210898401858833, 0.18160604738278252, 0.2439622763554655, 0.2492089562338462, 0.1483306777463107, 0.2072278987232196, 0.24318677400610675, 0.1328939290482829, 0.11245058485341546, 0.13004533403143065, 0.167130504611671, 0.15051775797783032, 0.12836778753067732, 0.16658729228689073, 0.15298484848774388, 0.18440126133593196, 0.1894917433297123, 0.30998260746986545, 0.16626735762577474, 0.22092480086992364, 0.16038821093881786, 0.14378453500032173, 0.18011026438046604, 0.17572390619864317, 0.23322441049215792, 0.12322020382580191, 0.12490264395129859, 0.19105077511141222, 0.16268185524196369, 0.1924576733454092, 0.16378064540546752, 0.17506750646447222, 0.14819457630887387, 0.17966852071721037, 0.15708848722039156, 0.16512001818909164, 0.09211239681150558, 0.2012648134296875, 0.1918686279661949, 0.19831149542105164, 0.21942669860409428, 0.19060792384939293, 0.1115788032639663, 0.11452392401185495, 0.19487053698189552, 0.15750804014839306, 0.12218420694723602, 0.15988554094743193, 0.13612250523849442, 0.19229261142919563, 0.20800005242290667, 0.16062653260846835, 0.20425299912105147, 0.0804295707428241, 0.13233827233722842, 0.0793256820899691, 0.20082893072634225, 0.18134310031502482, 0.15754934597410894, 0.16680473872108756, 0.22050313253347234, 0.17484795419233193, 0.1371574271488424, 0.10310772487932583, 0.2158730221448332, 0.19532163568422908, 0.187768771125605, 0.049210372335744344, 0.21722741585405195, 0.17008108102571176, 0.17175467089990018, 0.12288648499934686, 0.21521482178592874, 0.16184986971772158, 0.13907418957867793, 0.17960824234256645, 0.11043687106570994, 0.13033989269050486, 0.21726887021293717, 0.16671551687864383, 0.19876701580749875, 0.20940611285812502, 0.10729631852269679, 0.2229163281614006, 0.06541943089304982, 0.15261637572628597, 0.24746591295606013, 0.1445246165381708, 0.209427494920959, 0.22622690653645217, 0.18597315675612425, 0.19537742496937713, 0.11158447318770752, 0.17202039073467482, 0.131815434824222, 0.11534670566696442, 0.19817375164151552, 0.1423763844499211, 0.15081596098953998, 0.19500238170187156, 0.18639169347274534, 0.13531840267603978, 0.21162067160815623, 0.18826042822828648, 0.16736373926367384, 0.21878862581957173, 0.20968685976745063, 0.20553961815273644, 0.20325627619388298, 0.15229757168540928, 0.13748453145050313, 0.12803109811733135, 0.12902918170047253, 0.1772656292063066, 0.15439578235614462, 0.18753429182870704, 0.12484335793502904, 0.16500748902551857, 0.08594351133755963, 0.1328119279263166, 0.12226157000646216, 0.1845918632692395, 0.24658556618124972, 0.15584904234877345, 0.1665930127045486, 0.1795064468379577, 0.10217112414928625, 0.20025533200561255, 0.1312096449666668, 0.11702315815685, 0.16680657080239716, 0.17105839622124153, 0.1648336208047775, 0.15476374456033962, 0.18984714830398752, 0.16867065385457622, 0.15501446240317726, 0.19071977208208446, 0.16883748629211573, 0.1326362789468675, 0.11109064424739927, 0.20510311177725107, 0.18224696058619472, 0.125778889481463], "avg_pos_deviation": 0.16510389448065363, "pos_deviation_std_dev": 0.04255995681846134, "sum_rot_deviation": 224.99138975703832,