{"sum_size_of_clusters": 569, "all_cluster_sizes": [4, 3, 3, 3, 3, 3, 3, 3, 4, 3, 3, 3, 3, 4, 3, 3, 3, 3, 3, 4, 3, 3, 3, 3, 3, 5, 3, 3, 3, 3, 4, 3, 3, 3, 4, 3, 3, 3, 3, 3, 3, 3, 3, 3, 3, 3, 3, 3, 3, 3, 3, 3, 3, 3, 4, 3, 3, 3, 3, 3, 3, 3, 4, 3, 3, 3, 3, 3, 3, 3, 4, 3, 5, 3, 3, 3, 3, 4, 4, 3, 3, 3, 3, 4, 4, 3, 3, 3, 3, 3, 3, 3, 4, 3, 4, 3, 4, 4, 3, 4, 3, 3, 3, 3, 3, 3, 3, 3, 3, 3, 4, 3, 4, 3, 3, 3, 4, 3, 4, 3, 3, 4, 3, 3, 4, 4, 3, 3, 3, 3, 3, 3, 3, 3, 3, 3, 5, 4, 3, 3, 4, 3, 5, 4, 3, 3, 3, 3, 4, 5, 3, 3, 3, 3, 3, 3, 3, 3, 3, 3, 3, 3, 3, 3, 3, 3, 3, 4, 3, 5, 3, 3, 4, 4, 3], "cluster_size_std_dev": 0.5081923274782073, "avg_cluster_size": 3.2514285714285713, "total_nr_of_clusters": 175, "sum_pos_deviation": 29.521559755183553, "all_pos_deviations": [0.2288024938290458, 0.20368311900940608, 0.13850069851178953, 0.07862801367750162, 0.19284198246896342, 0.1555019196656534, 0.1414707569155649, 0.10477201001494617, 0.1293274029006428, 0.17626581096437002, 0.1841635162000099, 0.13824747505610138, 0.09905630026869937, 0.09878553756112098, 0.1728302662292643, 0.26332513627900905, 0.20025663313929423, 0.23166880210755667, 0.19297826262191956, 0.1592631957227342, 0.19167627570801057, 0.1602359033017017, 0.18972999921786002, 0.0763640310414878, 0.17190739573268402, 0.21463928815554692, 0.1644133983862512, 0.13058262059041992, 0.20310215458406164, 0.07373280494104535, 0.18867251552138606, 0.20233414451301815, 0.15528461939479268, 0.1841031356500357, 0.19625181533935535, 0.1718638010272551, 0.18231902765973199, 0.11978765553983611, 0.1022328433078099, 0.16881725677209847, 0.13775279482622663, 0.20261284524938808, 0.21422018970917242, 0.22467143768656603, 0.14380834060572567, 0.14512417218330484, 0.1269736795915024, 0.1999755766671383, 0.24102714244450518, 0.19009155824005466, 0.20582766585750176, 0.11736947597590286, 0.17027902838791584, 0.17828220952109045, 0.07259232601538392, 0.09178172532834909, 0.13176901129909732, 0.22195448724767994, 0.1951910434848898, 0.16263868390319544, 0.17759959858395988, 0.09791002866377065, 0.20692004856760735, 0.16210771186793374, 0.21365669646011773, 0.20707893619639384, 0.2045809434241782, 0.1998422890732273, 0.11407870812032123, 0.14271761933609342, 0.13531986819743785, 0.20401098162660633, 0.13326916777798675, 0.08334256648253106, 0.15198126275858612, 0.1343817240445703, 0.21016312184822705, 0.2999335436498934, 0.1778765861075192, 0.15945254068045858, 0.18826878592316834, 0.19630980221549174, 0.16482048495601856, 0.26002058443186177, 0.23921677335894784, 0.151178893227474, 0.2052825294938897, 0.14243265456540088, 0.21786441604851733, 0.1570744134592867, 0.17395219473151424, 0.10265171704037344, 0.21511079047048784, 0.13765943815467876, 0.16382970620956297, 0.19156543777447146, 0.07705039608692126, 0.0957580247993076, 0.1911079370456046, 0.1408366471841134, 0.09902680965211769, 0.1921851062636548, 0.11663445345025857, 0.1982315986567006, 0.2171227574549914, 0.13658685244938892, 0.14183273081700556, 0.08363852758345709, 0.17415799522211184, 0.19575922210372543, 0.13671543590694749, 0.15978321286576147, 0.16604502680591857, 0.2326819612032441, 0.16618788737483137, 0.04588176988199472, 0.2012085813330775, 0.18684823982662188, 0.22028369037730497, 0.16204267823621477, 0.1810310344121426, 0.1337848139373293, 0.2503773049329621, 0.21839385809193712, 0.15391778477102366, 0.14208894730580193, 0.17944463676294795, 0.10806481960520041, 0.1554393211276628, 0.13320924068446907, 0.16915630704192042, 0.13542276546651996, 0.09464742731605745, 0.18441246162825783, 0.1759929984524443, 0.15091482757447514, 0.30165935962762463, 0.1552954383786768, 0.16748775241864358, 0.15181647006255344, 0.25032916816034007, 0.15805347336031575, 0.20386746307785691, 0.18645838470980988, 0.04904328418384143, 0.22192959993636152, 0.07474043248279234, 0.1743034415614536, 0.26608297879323034, 0.1437121450371867, 0.15250327239340655, 0.1613413605550216, 0.13647825582638176, 0.20671686240916723, 0.16608850737275158, 0.16288409006398222, 0.22278886066902773, 0.12896397442145702, 0.1764007961783204, 0.12643781026702583, 0.1942708851126215, 0.16120784993409368, 0.2181926955140231, 0.1620525366603249, 0.18614824928990967, 0.10428610988666522, 0.22189060083536938, 0.2402938636577894, 0.18620073758485603, 0.22118439132162698, 0.16758701013427468, 0.20506167024795033, 0.1697806692433698, 0.209034665269766, 0.1892525675701372], "avg_pos_deviation": 0.16869462717247743, "pos_deviation_std_dev": 0.04634943645089394, "sum_rot_deviation": 150.18723264812323,