{"sum_size_of_clusters": 577, "all_cluster_sizes": [3, 3, 3, 3, 4, 3, 3, 3, 3, 3, 3, 3, 4, 3, 3, 3, 3, 3, 3, 3, 4, 3, 3, 5, 4, 3, 3, 3, 4, 3, 3, 3, 3, 4, 3, 4, 4, 3, 3, 3, 3, 3, 3, 4, 3, 3, 3, 3, 4, 3, 3, 4, 3, 3, 3, 3, 3, 3, 4, 3, 4, 3, 4, 3, 3, 3, 4, 3, 3, 4, 4, 3, 3, 3, 3, 3, 3, 3, 3, 3, 3, 3, 4, 4, 3, 3, 3, 3, 3, 3, 3, 3, 3, 3, 3, 4, 3, 4, 4, 3, 3, 3, 4, 3, 3, 3, 3, 3, 3, 3, 4, 3, 3, 3, 3, 3, 3, 5, 3, 3, 3, 3, 4, 3, 3, 3, 3, 3, 3, 3, 3, 3, 3, 3, 3, 3, 3, 3, 3, 3, 3, 4, 3, 5, 3, 3, 3, 3, 3, 3, 3, 3, 3, 3, 5, 4, 3, 4, 3, 4, 5, 3, 3, 3, 3, 4, 3, 3, 3, 3, 3, 3, 6, 3, 3, 3, 3, 3], "cluster_size_std_dev": 0.5240668842387548, "avg_cluster_size": 3.241573033707865, "total_nr_of_clusters": 178, "sum_pos_deviation": 30.530295984974096, "all_pos_deviations": [0.09975856167811124, 0.2414395853357235, 0.1543241654689962, 0.18057579313895455, 0.22561856806537398, 0.20895371507595273, 0.16796848188803462, 0.18137468159684014, 0.15129521955662098, 0.19259346664964794, 0.22554162535591885, 0.1331189252750956, 0.1842405696687548, 0.1284166460495063, 0.1139058713661432, 0.2204086820648057, 0.1936741302139572, 0.19178971310439766, 0.19920346263479408, 0.1595051988515737, 0.24204097426021834, 0.19871556754261469, 0.1351272308262597, 0.25688290800338237, 0.14403694905903924, 0.1639168682721139, 0.08016100403863691, 0.22746230695561132, 0.14573749214770032, 0.10651667090535455, 0.15288923148323671, 0.1583858237006381, 0.2146290729745524, 0.20195622443112846, 0.15674063371926716, 0.2210786876247113, 0.15531277340203314, 0.20855927577963915, 0.16219890354777386, 0.24212516589968958, 0.11946680640264755, 0.11092758966270799, 0.19538216042904302, 0.21292884945260193, 0.21257315109879804, 0.1157919634864479, 0.15243658083956743, 0.184343441388838, 0.09598603585015954, 0.12894058579018303, 0.23319952387587198, 0.26058934682736606, 0.1881815008269219, 0.15734165319176863, 0.12173309513449382, 0.16455124576469515, 0.21394819401891763, 0.07392531120189341, 0.21035040496651822, 0.16830132666057154, 0.15808430930266917, 0.10811376694604412, 0.1634382400491586, 0.14364934152364836, 0.21187837000892282, 0.19094364917889461, 0.13228643884015606, 0.22248292331356903, 0.2289370354519192, 0.18186133494252288, 0.20860086672246628, 0.16490708279676372, 0.18403553986317522, 0.1488206141284392, 0.13731356589744775, 0.22227239830351755, 0.126263560718284, 0.18530453852424597, 0.14209110614880097, 0.12532743168423513, 0.14189030327248964, 0.20549107962499158, 0.20549172896331513, 0.20145187344335505, 0.1530351466172565, 0.1540972316266557, 0.21961365260910673, 0.1485879167880408, 0.10092731474647909, 0.11876244736991833, 0.16616151825361106, 0.2274418308049332, 0.08689973471891888, 0.15266339433911225, 0.11073377379798476, 0.1791317613297715, 0.12878338122588956, 0.19619926122044462, 0.1317124222963569, 0.18814377668542018, 0.14554249860874752, 0.23383879688161543, 0.1583844339090906, 0.23009640201390838, 0.10667569741879653, 0.22433023032564325, 0.16097322209388998, 0.18565013737788724, 0.17619835438228001, 0.20206194750372877, 0.21289386136940314, 0.22726036227323698, 0.15849460314899144, 0.1959328730721603, 0.17946999726319246, 0.15854582783751936, 0.15791585342984554, 0.22457885776106998, 0.1862015686459483, 0.0419637144364608, 0.12155226371042732, 0.19615677808195967, 0.1697254289449888, 0.13559887112560143, 0.16826419687867625, 0.14696456975188768, 0.20790271450769335, 0.19298329830937455, 0.1727861982943343, 0.1605073203639822, 0.12886683781985922, 0.1707771020211433, 0.04915857544524366, 0.0995647646186927, 0.22408637749271465, 0.179943438584054, 0.14943197668767816, 0.182261818830432, 0.12208022755036001, 0.13330304061404874, 0.11668313719494934, 0.21998138152104604, 0.2288434594676365, 0.13746232927102858, 0.17266306345931226, 0.19479474389265658, 0.21443694737062222, 0.1453684843446721, 0.20268495019641283, 0.1831512358062175, 0.20729518442396447, 0.14024970789258806, 0.2347298249476261, 0.06789981746276696, 0.20834343644603392, 0.14733159808668841, 0.18972150703647983, 0.20840988051927745, 0.16687351649198948, 0.1410910702522141, 0.29084945448797483, 0.1129742958635117, 0.2434982800201008, 0.21730130401976042, 0.17308021241758498, 0.16376909643842505, 0.1089603082418575, 0.1501716813184936, 0.18623149533229888, 0.15985439142344843, 0.22572955507182546, 0.14604986365818787, 0.25431603853043433, 0.2055764358573927, 0.1596037740520771, 0.20353264140463392, 0.16395742135210808, 0.1049881614514601], "avg_pos_deviation": 0.1715185167695174, "pos_deviation_std_dev": 0.04406180916089122, "sum_rot_deviation": 158.0263990117503,