{"sum_size_of_clusters": 610, "all_cluster_sizes": [3, 3, 3, 4, 3, 3, 3, 3, 3, 3, 3, 3, 3, 3, 3, 3, 3, 3, 4, 3, 3, 3, 3, 3, 3, 3, 3, 3, 3, 3, 4, 3, 3, 3, 3, 3, 3, 3, 3, 3, 3, 3, 3, 3, 3, 3, 3, 3, 3, 3, 4, 3, 3, 3, 3, 3, 3, 3, 4, 3, 3, 3, 3, 3, 3, 3, 3, 3, 3, 3, 3, 3, 4, 3, 3, 3, 3, 3, 3, 3, 3, 3, 3, 3, 3, 3, 3, 3, 4, 3, 3, 3, 3, 3, 3, 3, 3, 3, 3, 3, 3, 3, 3, 3, 3, 3, 4, 4, 3, 3, 3, 4, 3, 3, 3, 4, 4, 3, 3, 3, 3, 3, 3, 4, 3, 3, 3, 4, 3, 3, 3, 4, 3, 3, 4, 3, 4, 3, 3, 3, 3, 3, 3, 4, 3, 3, 3, 3, 3, 4, 3, 3, 3, 4, 3, 3, 3, 3, 3, 3, 3, 3, 3, 4, 3, 3, 3, 3, 3, 3, 4, 4, 5, 4, 3, 3, 3, 3, 3, 3, 3, 3, 3, 3, 3, 3, 3, 4, 4, 3, 3, 3, 3, 3], "cluster_size_std_dev": 0.36674427344775956, "avg_cluster_size": 3.1443298969072164, "total_nr_of_clusters": 194, "sum_pos_deviation": 32.7233685702813, "all_pos_deviations": [0.1543613145632947, 0.11857944235227236, 0.1673980401315276, 0.18977340336782345, 0.18427874198028935, 0.18278708597250748, 0.16136926966252432, 0.19691391936531968, 0.2128921750670311, 0.17609758650254115, 0.14333151324921606, 0.15748290267598639, 0.1339632220539546, 0.09841810883511992, 0.15490025718111425, 0.23333491665450187, 0.1885688773289241, 0.16073960668891463, 0.20282024334852977, 0.1691887306087101, 0.11661785100940099, 0.1615558950522827, 0.20801054670956778, 0.19649315976439277, 0.20341562964717608, 0.17887903109750428, 0.1708562897814885, 0.1328076233990149, 0.194840066001815, 0.0483513554949786, 0.11687690902718151, 0.21052689225133714, 0.1906698723545135, 0.12430941107401078, 0.16582995637040301, 0.1083465181435855, 0.2187573248898417, 0.12235091888150633, 0.16950769168548938, 0.1975087678073871, 0.15675172874308693, 0.12453678337406955, 0.19988061547740474, 0.156969927750601, 0.15422526694907535, 0.1797562828159813, 0.15666828274432767, 0.2450598213793523, 0.18470229724915188, 0.12184428407259486, 0.17752910792890333, 0.20073286647368369, 0.2094239580280388, 0.15456411766362668, 0.1193360025204286, 0.16521793969601517, 0.19880381056470295, 0.1962906078371507, 0.18225873732899578, 0.1815944761850352, 0.050104310350387725, 0.21311820701011708, 0.17932801278222846, 0.24069142590251866, 0.18789012895234306, 0.20012450627165787, 0.16898552909175477, 0.12366449499456726, 0.13264233148843277, 0.11807672215730265, 0.17881777447250657, 0.17800223769091264, 0.1168780444151372, 0.1479788205253366, 0.19593568097829692, 0.14760032692439432, 0.1954433337619963, 0.20548792975832922, 0.21741508600299989, 0.13370448874990967, 0.12779505177773143, 0.23752995445428127, 0.12247969314917902, 0.21207020157087073, 0.2212516670424741, 0.10693318502016762, 0.11328635361883559, 0.08563585545683522, 0.16628602500882328, 0.11085364076031645, 0.10845684769157922, 0.18615578105963157, 0.19279104334905672, 0.11515959818552103, 0.10544935040996416, 0.23285413565415455, 0.08481464938711487, 0.16475803703607456, 0.14749106578432306, 0.12401380549141022, 0.18575371889979955, 0.22264229283752646, 0.19477264628178934, 0.18996548051666748, 0.1735585639565019, 0.16786460129378478, 0.17406661573052354, 0.12185874752509308, 0.18308413040113156, 0.11953680151623704, 0.162364930020482, 0.239270605491986, 0.20425079918269365, 0.1773916839417884, 0.18980203778156235, 0.17992412736357055, 0.1794203910311527, 0.1547879932947413, 0.13150823625953037, 0.08690147298746181, 0.20852102047287435, 0.20238439283568854, 0.19167485659016056, 0.2259409487938392, 0.12097116553117289, 0.12786987850381448, 0.09823442384817732, 0.25469897090808896, 0.17847382685763513, 0.19619861285099405, 0.22859261868816017, 0.16333771615433287, 0.06641791891751099, 0.16966464312872406, 0.23665560773513597, 0.18924917389205018, 0.1833031982698883, 0.11922014073441238, 0.07568014130360709, 0.16275808082283935, 0.16023435427685023, 0.15914756111744227, 0.1264951393992968, 0.1868119209861605, 0.18001180035768294, 0.1904356219865686, 0.18405042535247673, 0.19207606656396006, 0.19522049430389973, 0.26248911002652153, 0.08689737956006427, 0.1769267734765673, 0.048288218843651975, 0.19565590050891193, 0.14961043995381665, 0.16757387619947597, 0.1967407424880335, 0.14896160871229147, 0.13067280401654865, 0.20774310508300112, 0.09819096687480033, 0.15669996388955407, 0.19239180188232496, 0.17893399285833958, 0.12963862745546303, 0.1315915545264302, 0.225662258092457, 0.22900599617570694, 0.13857870886191312, 0.20168135213064933, 0.17959334502832766, 0.23560996994765107, 0.2830505688456868, 0.2087118160760751, 0.14856166633217244, 0.14776204343854724, 0.20622042509044045, 0.1694611311569317, 0.18067612254589727, 0.03573937375457959, 0.19086417328299402, 0.20230993580243925, 0.22085279282607018, 0.21791580092563048, 0.20000597447252955, 0.1900489664686689, 0.22170225974586621, 0.19943806482778068, 0.13608821055090736, 0.18049282058186553, 0.12711650200066946, 0.23068278933078126, 0.22852308738079197, 0.127135633749316], "avg_pos_deviation": 0.1686771575787696, "pos_deviation_std_dev": 0.04384112244520545, "sum_rot_deviation": 168.43065013760142,