{"sum_size_of_clusters": 623, "all_cluster_sizes": [3, 3, 3, 3, 4, 3, 3, 3, 3, 3, 3, 3, 3, 5, 4, 3, 3, 4, 3, 3, 3, 3, 3, 3, 3, 3, 4, 3, 4, 3, 3, 3, 3, 3, 3, 4, 3, 3, 3, 3, 3, 3, 6, 3, 3, 3, 3, 3, 3, 4, 3, 3, 3, 3, 3, 3, 3, 3, 3, 3, 3, 3, 3, 3, 3, 3, 3, 4, 4, 3, 3, 3, 3, 3, 4, 3, 3, 3, 3, 3, 3, 3, 3, 3, 3, 3, 3, 3, 3, 3, 3, 3, 3, 3, 3, 3, 3, 4, 3, 3, 3, 3, 4, 3, 3, 3, 4, 3, 3, 3, 3, 3, 3, 3, 3, 3, 3, 3, 3, 3, 3, 3, 3, 3, 3, 3, 3, 3, 4, 3, 3, 3, 3, 3, 3, 3, 3, 3, 3, 3, 3, 4, 3, 4, 4, 3, 3, 3, 3, 3, 3, 3, 3, 3, 3, 3, 3, 3, 3, 3, 3, 5, 3, 3, 3, 3, 4, 3, 3, 4, 3, 4, 3, 4, 3, 3, 4, 3, 3, 3, 3, 3, 4, 3, 3, 3, 3, 3, 3, 5, 3, 3, 3, 3, 3, 3, 3], "cluster_size_std_dev": 0.4449376845662863, "avg_cluster_size": 3.1624365482233503, "total_nr_of_clusters": 197, "sum_pos_deviation": 34.42983752252427, "all_pos_deviations": [0.1521655421999614, 0.1272557515058338, 0.1694101176470798, 0.21599736025213612, 0.21871010458260795, 0.19985814111369393, 0.21531000092147345, 0.1528138401576676, 0.11295330890352041, 0.18102038555549338, 0.13553932312640804, 0.14221034544462685, 0.17911473448978432, 0.2127220386853481, 0.12838950538369762, 0.26490030964247363, 0.1775835640203709, 0.2233574983607446, 0.14074160271012534, 0.11972941687567912, 0.1371031592729443, 0.17175933013381953, 0.1409749177644616, 0.2355926888671446, 0.113015459354675, 0.13403195397190076, 0.14344375784636773, 0.1669993407943505, 0.25932677694266804, 0.21608194342458353, 0.24006998706245397, 0.16018166992940533, 0.14912753334087514, 0.1792726728998861, 0.17340557935017006, 0.26579588236936347, 0.19140765005482172, 0.1635941578169525, 0.21478230578709853, 0.2448293674908022, 0.2536415509033268, 0.21739753353822597, 0.3408471147101559, 0.1371388274104097, 0.06734361042245805, 0.21666846629731498, 0.19092211726683037, 0.1682730015082454, 0.19014267337997892, 0.17626995886557084, 0.12967381767321728, 0.17003380031558613, 0.1695598813052844, 0.193008972073794, 0.18942160306049272, 0.2231594364556331, 0.16029236444037742, 0.14996960207575907, 0.10618562424487675, 0.17467588426960015, 0.19398693212090992, 0.14482032539799114, 0.07975724124219805, 0.15984288986711961, 0.20961034969459605, 0.09152213410401294, 0.191332447476839, 0.23609961860914133, 0.22575025700957393, 0.18530294994303162, 0.14519797505025972, 0.10273373701012929, 0.15547207108447061, 0.1761314354561292, 0.11965468103376427, 0.201654680722834, 0.18144590933571933, 0.15786730009807695, 0.19327490063779199, 0.2338070445179153, 0.1902292349395053, 0.2048450742791524, 0.20430017142597845, 0.1929367116748408, 0.14215075796621635, 0.1908308119047896, 0.23651336054329167, 0.13192071958563897, 0.168032844633188, 0.14556020224222935, 0.18163651953101848, 0.22590708907305526, 0.13694824070666886, 0.14866636913095244, 0.12121487738649772, 0.20048059769842996, 0.17066213660069673, 0.27237121072381876, 0.11846450582745766, 0.09627032998352998, 0.1672450275091383, 0.1571614887359745, 0.23703445935203238, 0.13074082817585994, 0.22320350322827806, 0.18537898914325823, 0.18839173658108452, 0.1750428764996077, 0.1884311250769931, 0.12844639674045819, 0.16106439619773158, 0.1752501662673306, 0.16515416828833093, 0.14918218060832997, 0.23242391363096782, 0.21232887060038053, 0.17376642756612015, 0.2318989227311684, 0.17415628601589417, 0.1478874531530517, 0.19916541293902623, 0.1790205349454362, 0.19965894780918114, 0.1941733835132776, 0.15701606827335846, 0.23540068688778482, 0.1948146864522348, 0.2172566706228666, 0.22586568797812032, 0.12325259217115997, 0.04992588525049766, 0.18079670990274552, 0.16546075839392504, 0.1722822731203744, 0.2229789001861806, 0.16391658427758996, 0.14412953357096125, 0.1882271782348237, 0.11723377617091198, 0.19053719977739833, 0.18451157796603734, 0.24063719754028254, 0.1670271232362298, 0.17172321090867038, 0.23052175203678296, 0.11566720057985203, 0.1261535439314032, 0.2400670842557134, 0.13594220757030254, 0.21014345332644777, 0.19816213046886175, 0.11978157784904596, 0.1914263726785966, 0.0718614954826906, 0.2193212461919024, 0.1777289802545772, 0.2177518330343331, 0.10702122318453368, 0.1794449269380971, 0.22277792204341773, 0.12549729626789272, 0.2567701251288415, 0.21601037015489963, 0.18140366196603028, 0.10641817654063129, 0.24341497941437118, 0.14929945556872073, 0.17262464052128568, 0.14276508754724634, 0.19919432727465006, 0.11946629932875691, 0.12486465732221762, 0.14730567069861653, 0.21939404334914378, 0.11229153522689576, 0.17410938972328413, 0.1935081130698273, 0.21405083116372006, 0.15093815243940403, 0.19872290353827085, 0.1743191093503684, 0.09807332506918916, 0.22231936968757335, 0.18281029346456637, 0.1775963624257136, 0.06537281090064911, 0.12122371090916689, 0.0742059513449033, 0.1445841169768447, 0.2472948716253506, 0.18113046019587498, 0.19287919907102624, 0.10427548754898743, 0.11891654710748562, 0.18643496838632656, 0.20660686879814535, 0.1703580948196676], "avg_pos_deviation": 0.17477074884530083, "pos_deviation_std_dev": 0.04537922218924849, "sum_rot_deviation": 159.79039684812957,