{"sum_size_of_clusters": 536, "all_cluster_sizes": [3, 3, 3, 3, 3, 3, 3, 3, 4, 4, 3, 4, 3, 3, 3, 3, 3, 3, 3, 3, 3, 3, 3, 3, 3, 4, 3, 4, 4, 4, 3, 3, 4, 3, 3, 3, 3, 3, 3, 3, 3, 3, 3, 3, 3, 3, 3, 3, 3, 3, 4, 3, 3, 4, 3, 3, 3, 3, 3, 3, 3, 3, 3, 3, 3, 3, 3, 3, 3, 3, 3, 3, 3, 3, 3, 3, 3, 3, 3, 3, 3, 3, 3, 3, 3, 3, 3, 3, 3, 3, 3, 3, 3, 6, 3, 4, 3, 3, 3, 3, 3, 4, 3, 3, 3, 3, 7, 3, 3, 3, 3, 3, 3, 3, 4, 3, 3, 3, 3, 3, 3, 4, 3, 3, 3, 3, 3, 4, 5, 3, 3, 3, 3, 3, 3, 3, 4, 3, 3, 3, 4, 3, 3, 3, 3, 3, 3, 3, 3, 3, 4, 4, 3, 3, 3, 3, 3, 3, 3, 3, 3, 3, 3, 4, 3, 3, 3, 3, 3], "cluster_size_std_dev": 0.5119039428066865, "avg_cluster_size": 3.171597633136095, "total_nr_of_clusters": 169, "sum_pos_deviation": 28.298123835686006, "all_pos_deviations": [0.12365950739096647, 0.14340907771105665, 0.18860382291021247, 0.15721403294988756, 0.15439200918269033, 0.06861890166146035, 0.12053603832362932, 0.2101962777436387, 0.24042360187320377, 0.1916586786175051, 0.2318646479039234, 0.1965138596598948, 0.229373427869023, 0.16501586691683676, 0.1826703343631063, 0.19140391766507572, 0.13564315552961106, 0.11096573806292538, 0.19862167041290654, 0.16767083919868117, 0.23976770618059706, 0.14423323997160917, 0.22492646289495224, 0.13405794889360817, 0.2011779670114029, 0.11099070301959224, 0.20669081081551685, 0.2889918634405126, 0.2614003494531832, 0.18127469545492128, 0.1650751827238421, 0.13556493247761636, 0.19320374610692462, 0.12454684176185031, 0.17073012224248174, 0.17038438162958056, 0.1813318865317686, 0.21761740760676496, 0.13970291086561318, 0.21856534465071195, 0.10729023543413435, 0.1910699528925931, 0.1719726574777484, 0.15178493450331834, 0.21317922350192622, 0.1195958590273775, 0.0849966059618283, 0.1630039463466557, 0.17780694601598812, 0.13456603232311692, 0.22608672281822625, 0.20193932122745276, 0.11870385012991325, 0.2324536241917625, 0.1829826892093124, 0.1583424147129551, 0.18013369488443512, 0.1911313295171991, 0.1429946183436878, 0.1973243639546675, 0.12442668577160632, 0.19619649713877607, 0.17733645396979383, 0.1684958925963244, 0.2560359811062597, 0.16304732407867248, 0.1513158958242166, 0.21334838580381935, 0.14403855952317365, 0.18255171058929218, 0.12634693225891727, 0.08483654838239908, 0.14425776278482458, 0.10082797566954516, 0.15179977459940527, 0.1621079379179016, 0.10790186648799627, 0.15760891616689712, 0.118421808619118, 0.1453262537593432, 0.16976417417361367, 0.08198721167251248, 0.14641718274604956, 0.14399259715204848, 0.1525936259615885, 0.18808265133666624, 0.12453629053873538, 0.1453621514379976, 0.19497519231334162, 0.1436170390288573, 0.15293449833796682, 0.11745293641284893, 0.22593972299107454, 0.23272778140873313, 0.12395227918848621, 0.14404426058502978, 0.18455246416832824, 0.19663969886557753, 0.1675369105904382, 0.15500003919710667, 0.24234784139483648, 0.1671151024998306, 0.17307522224932717, 0.12957572947825005, 0.1640297081877701, 0.17743543424863836, 0.20816139759386973, 0.16159542885238826, 0.24260230597656998, 0.12727550477436753, 0.13211741627949924, 0.10231517748014007, 0.16595502878044618, 0.11404012838336879, 0.2674849495628737, 0.19919479207545532, 0.1029956308209075, 0.19514773230952534, 0.16700106737028167, 0.21107325848628125, 0.22163927125094227, 0.19857145682979582, 0.11377915683279176, 0.235945410088617, 0.12978598848917627, 0.21816747698188524, 0.17004946353301678, 0.14167911431987099, 0.2695350838160101, 0.08982549180875625, 0.12243483884286216, 0.153779807177421, 0.14845255289251058, 0.13096365598944967, 0.18385335446065942, 0.17098929120175407, 0.1902679549611197, 0.17639979522728264, 0.2080436340870442, 0.12258687771537112, 0.20192702424346543, 0.20661649406262458, 0.21801571572464407, 0.22080364970748068, 0.2103990872805508, 0.12280237959645075, 0.15529781030189055, 0.12031770699410664, 0.16801929196643392, 0.1231545460289936, 0.19971573281218857, 0.23442097073964005, 0.09420406421770981, 0.16461571539035227, 0.1857888260592596, 0.18258389356417193, 0.14190240877361113, 0.1998115221905469, 0.1174645884729165, 0.08782743753334593, 0.22233384239521484, 0.18650962028817086, 0.15826919309377022, 0.14643006552821045, 0.10353769339440787, 0.17433876024238337, 0.07936732417718749, 0.1607356670555849, 0.12923746723086618], "avg_pos_deviation": 0.167444519737787, "pos_deviation_std_dev": 0.043479259062005886, "sum_rot_deviation": 148.0170819508508, "all_rot_deviations": [0.30547177595072966, 0.893229689339838, 1.0329692388922602, 1.0442642443366534, 0.9657065637622795, 0.45446428436787917, 0.8196553190950624, 1.2692072731566393, 1.3105359991387415, 0.4635505907960298, 0.4588075410681953, 1.3757927706141135, 1.2072133603417197, 1.0359896222113834, 1.1149935878434123, 1.0292087638394287, 0.9772021156315002, 1.0377113261826656, 1.0262061127066824, 1.0445582860018985, 0.6822156484679951, 0.8728726743514311, 1.2390311278941002, 0.8466103620920404, 0.9423488570888727, 1.4203480517323999, 0.40269290561687526, 1.0430883008194758, 0.7985286834089345, 0.764816051048733, 0.5568604616583158, 1.0090953775274525, 1.422304036485934, 1.0376454903830825, 1.2055124440860252, 0.478918441104633, 1.261979756390824, 1.0176183612867398, 0.9687115607513638, 1.0242209750021871, 1.488030347183391, 0.9835459709622073, 0.9614559256100218, 0.7899407741217863, 0.2956560085728566, 1.0470004558690273, 1.010465891433017, 0.5411044978078632, 1.18839440647006, 1.2345096355267047, 0.8552184537648926, 1.036564454858608, 1.077116793595068, 0.9528825016006437, 0.44239144249997825, 1.3188265860876713, 0.11125039646112882, 0.6088422828791634, 0.1313877557483271, 0.9880012218832723, 1.0789789171832578, 0.4620134888833271, 0.998377552312311, 0.657385396846621, 0.12105386863066059, 1.0371661792608926, 0.3424800748461621, 1.664481459963153, 0.5010100782071227, 0.4246936388337191, 0.9103342586744171, 1.037240753218058, 0.8053138167780891, 0.9301921517471445, 1.226608740608862, 1.25073510551451, 0.5415570066041554, 0.9627018773874468, 1.1038304210454983, 0.7582931976425771, 0.6279640414719666, 0.3071035895960959, 1.033207206286505, 0.5227701724821996, 0.9549465585795791, 0.9315038572473547, 1.0240244862090135, 0.8249122127746104, 0.857158126511728, 0.9942598241553157, 0.31556179255790173, 1.0463814369727598, 1.1495730229558825, 1.1023083904667674, 0.9596618789405332, 0.8407072565353071, 0.5098908565419075, 0.9626750416016251, 0.9277840314401417, 0.7488698029793772, 1.116617394154109, 0.6758587972140213, 0.25002259180231273, 0.9861261891058707, 0.6141797700253285, 0.25713350523073175, 0.9383468132094747, 1.077664296086229, 1.0512782832196426, 0.7377284448642042, 1.2070493733646368, 0.6307265419045791, 0.9016580230542348, 0.3237658359239172, 1.1713129802177196, 1.0773726602900562, 0.9640701010063952, 0.6456010318431437, 0.4946902408369162, 1.2556272747656758, 0.32148306012540334, 0.7711460534113928, 0.32509802130023413, 0.7240167220649143, 0.9030741111781956, 0.9932887351705398, 1.0144065164586962, 1.3941962413429043, 0.9956334037403515, 0.5756708730554552, 0.5687550343452549, 1.0446552272349332, 1.2730895468203451, 1.112137698194964, 0.5724009655988356, 0.8647330337268985, 0.774329779628895, 1.0367468592838627, 1.0244529225118024, 1.2180849736419261, 0.9615248343868934, 0.8575787711872893, 0.6940289617800275, 0.058351681965579015, 0.8827435534595297, 1.07811359922697, 0.6403382163980758, 1.0280121424461994, 1.1174880076054559, 1.1539690380812233, 1.111673550503169, 0.7556964266247017, 1.4521864392985142, 0.7205484402401704, 1.1373293392701613, 1.3282940767822666, 0.6969164379333312, 0.3637591814184584, 1.1445742144744404, 0.9573716019767365, 1.011045227244862, 0.828037775677342, 1.1154476512977862, 0.6881640467351626, 1.0045077448392103, 1.0278968008437577, 0.42146613179467235, 0.4944127978855004, 1.0209199266135425], "avg_rot_deviation": 0.8758407216026675, "rot_deviation_std_dev": 0.31156680932010244, "sum_boids_eaten": 476}