{"sum_size_of_clusters": 574, "all_cluster_sizes": [4, 3, 3, 3, 5, 3, 3, 3, 4, 3, 3, 3, 5, 3, 3, 3, 3, 3, 3, 4, 3, 3, 3, 3, 3, 3, 3, 3, 3, 3, 3, 4, 3, 3, 3, 3, 3, 3, 3, 3, 3, 3, 3, 3, 3, 3, 3, 3, 4, 3, 3, 3, 3, 3, 3, 4, 3, 7, 3, 3, 3, 3, 3, 3, 4, 3, 3, 3, 3, 3, 3, 3, 3, 3, 3, 3, 3, 3, 3, 3, 3, 3, 3, 3, 3, 3, 3, 3, 5, 3, 3, 3, 4, 3, 4, 4, 3, 3, 3, 3, 4, 3, 3, 4, 3, 3, 3, 3, 3, 3, 3, 4, 3, 4, 3, 3, 3, 3, 3, 3, 3, 3, 4, 5, 3, 3, 4, 3, 3, 3, 4, 4, 3, 3, 4, 4, 3, 3, 3, 5, 3, 3, 3, 3, 3, 3, 4, 3, 3, 3, 3, 3, 3, 3, 3, 5, 3, 3, 3, 4, 3, 3, 3, 3, 3, 3, 3, 3, 3, 3, 4, 3, 3, 3, 3, 3, 3, 4], "cluster_size_std_dev": 0.5574925499492392, "avg_cluster_size": 3.2247191011235956, "total_nr_of_clusters": 178, "sum_pos_deviation": 30.54920950054599, "all_pos_deviations": [0.21506713623216508, 0.15061683312196386, 0.16203211774968468, 0.12043415496282829, 0.18042613849165867, 0.09192049869041995, 0.13985153916322687, 0.22114378195752118, 0.1370435450891834, 0.21627511843249622, 0.15983968029161258, 0.2016252209808703, 0.16480212574997294, 0.229223606522753, 0.16693210883150333, 0.1883685996652543, 0.21435784997750232, 0.20761144503934217, 0.22451430702046904, 0.20859975468199662, 0.17938631638703453, 0.23266856965352675, 0.1395416758895103, 0.07383325925449052, 0.14404836826479386, 0.167816640164974, 0.17410682524441068, 0.1388151379538253, 0.23951462245592495, 0.14428185837011978, 0.21947103259157774, 0.20331317929708992, 0.19953392744918885, 0.171243136325394, 0.2184777533963633, 0.20241870910290805, 0.22733304632714532, 0.07930311329721372, 0.14635533250664043, 0.15789629182837053, 0.12078258565943757, 0.048364769244724826, 0.14216887103930867, 0.1716692496725357, 0.13168042202706723, 0.15669858055394725, 0.15535393653942547, 0.08432676165346602, 0.12824316844190486, 0.07990721140883196, 0.15338805398808686, 0.16855773535823326, 0.1631273913259157, 0.1664405221253519, 0.1716983252770066, 0.16993246449558677, 0.1471742559168475, 0.3298334585136414, 0.15141017048981834, 0.12165509904467943, 0.22434442529467927, 0.20885298181206544, 0.15046994245877962, 0.13459586839705512, 0.2327472826765945, 0.12075787616493432, 0.20560045258977455, 0.2096935746319616, 0.1603084950751642, 0.2045414925256979, 0.1734475529629045, 0.16496284141148077, 0.13300724571176684, 0.15729602479163463, 0.15306188338785578, 0.13098094766772062, 0.13509786849962482, 0.20745849835913185, 0.13267250933359367, 0.1849776824697894, 0.11355460264824561, 0.13609690591238732, 0.18092313754821163, 0.2180766486874489, 0.13368894671495526, 0.19465960239539523, 0.14873343574737694, 0.16680547043968416, 0.2726217458944701, 0.19843358002926473, 0.14754696352073254, 0.15201136694912867, 0.18303700649395913, 0.10881634477107881, 0.19462418261052047, 0.16349175660873663, 0.12994709089107045, 0.1832752248241698, 0.17580245633543845, 0.16759703838017723, 0.21803316488655733, 0.16241083386865543, 0.14148067933284328, 0.15582256871683722, 0.16298014786062462, 0.07478561143527467, 0.15384036883174293, 0.25311000560885677, 0.15078349486098253, 0.19774762478212096, 0.12623620115866951, 0.17824765056781752, 0.09520290231547361, 0.13648771779425517, 0.06404929634239984, 0.18307164402830386, 0.21053960234282457, 0.2107291790279464, 0.09305327088172423, 0.18435884277873985, 0.20385952538747443, 0.12593121228283438, 0.21592898829561102, 0.248180406633639, 0.12005316017174612, 0.1781855059469076, 0.24568181120826418, 0.11579142177179867, 0.1993022056189674, 0.19531160585772192, 0.16489572439112607, 0.17029194963013997, 0.1814529167541742, 0.2080758313379306, 0.13273172271333708, 0.1921683282746998, 0.16579928140058128, 0.18503774681268448, 0.21147293296045122, 0.18217497605160923, 0.0933940071667783, 0.13814481637594203, 0.2013164946611888, 0.1551473407062529, 0.2301220875182921, 0.18260943547699504, 0.20270633106077832, 0.14738047993200776, 0.19718134093191686, 0.0657890171918506, 0.18947433654077384, 0.25416161429817286, 0.19052859063885488, 0.1740484050258516, 0.1689701472195717, 0.2726216884605332, 0.12089048519693933, 0.15475219012690333, 0.17454099489231953, 0.15589067296230294, 0.15388229413487006, 0.1957689750053733, 0.20436501918400485, 0.24236682529277975, 0.18419438030060234, 0.17228178443144312, 0.17417743219406137, 0.15058262700345296, 0.18469725501667136, 0.12801043553136585, 0.30314129424974784, 0.21966559337274905, 0.12852075430963217, 0.19245801101579962, 0.22907376904073393, 0.17095500073636585, 0.16580606944161289, 0.2672170981627527], "avg_pos_deviation": 0.17162477247497748, "pos_deviation_std_dev": 0.04518024767479891, "sum_rot_deviation": 159.19154757782516,