{"sum_size_of_clusters": 680, "all_cluster_sizes": [3, 3, 3, 3, 3, 3, 3, 3, 3, 3, 3, 3, 3, 3, 3, 3, 3, 3, 3, 4, 4, 4, 3, 3, 3, 3, 3, 3, 3, 3, 3, 3, 3, 3, 3, 3, 3, 3, 3, 4, 3, 3, 3, 3, 3, 3, 3, 3, 3, 4, 3, 3, 3, 3, 4, 3, 3, 4, 3, 3, 3, 3, 3, 4, 3, 3, 3, 3, 3, 3, 3, 3, 3, 4, 3, 3, 3, 3, 3, 3, 3, 3, 4, 3, 3, 3, 3, 3, 3, 3, 3, 3, 3, 3, 3, 3, 3, 3, 3, 5, 3, 4, 3, 4, 3, 3, 3, 3, 3, 3, 3, 4, 3, 3, 3, 3, 3, 3, 4, 4, 3, 4, 3, 3, 3, 3, 3, 3, 3, 3, 3, 3, 3, 3, 3, 3, 3, 3, 3, 3, 3, 3, 4, 3, 4, 3, 3, 3, 4, 3, 3, 3, 3, 3, 3, 3, 4, 3, 3, 3, 3, 3, 3, 3, 3, 3, 3, 3, 4, 3, 3, 4, 3, 3, 3, 3, 3, 3, 3, 3, 3, 3, 3, 4, 3, 3, 4, 3, 3, 4, 4, 3, 3, 3, 4, 3, 3, 3, 3, 4, 3, 3, 3, 3, 3, 3, 3, 3, 3, 3, 3, 3, 4, 3, 4, 3], "cluster_size_std_dev": 0.3689032094602093, "avg_cluster_size": 3.1481481481481484, "total_nr_of_clusters": 216, "sum_pos_deviation": 35.46709037746878, "all_pos_deviations": [0.1514831087144787, 0.14956096544347483, 0.12360893604705742, 0.19836068545845284, 0.12415599448219931, 0.10691864778027155, 0.20197815630009167, 0.11721813900726141, 0.15586672200750565, 0.2460475348321137, 0.19848241303093983, 0.18295013707339905, 0.14387600183457036, 0.10680472640787568, 0.144900671430828, 0.14387730083757588, 0.16100743990653865, 0.15500922566969075, 0.19328753861644807, 0.20901893246899517, 0.26608934583370913, 0.19235599876538478, 0.18201742090773435, 0.18297505908970665, 0.15748723559294356, 0.11546968627867382, 0.23121184283776444, 0.21728768411827745, 0.13207008597749637, 0.14080344881768586, 0.17267475923517095, 0.16010477369121554, 0.14459405054682006, 0.15462247850832433, 0.12205456338516575, 0.16836863418827983, 0.14887313460929105, 0.17653373158667654, 0.15062684992301342, 0.160068703398121, 0.14252851402243116, 0.1604222817625691, 0.20062933569629507, 0.19414138739855993, 0.15876831301194264, 0.16942554891910788, 0.23974408405408676, 0.11765702344414732, 0.1942550397158113, 0.19774802089480678, 0.1588902100047089, 0.2285571756726922, 0.19911761322905522, 0.14511808428237535, 0.20417252640363634, 0.17394262082644682, 0.13863799358516585, 0.1949458602502713, 0.17809607820073822, 0.19940576244971187, 0.06984360530920895, 0.19819020114793262, 0.13171121963181825, 0.17539661923450048, 0.18019891575292943, 0.20619039685218607, 0.050289045927498326, 0.19768211321725584, 0.16398936586194654, 0.18525060615466818, 0.18674050815093168, 0.10255871469684029, 0.1432329502202523, 0.23763070112793164, 0.15058220831907096, 0.17999294654981798, 0.18991613850096303, 0.2097009591422907, 0.17139544562010914, 0.047829664048714415, 0.0679331468901017, 0.20335288276014984, 0.16046904757383584, 0.1683769305257284, 0.1910313324060594, 0.12345776106797257, 0.1262623408681599, 0.10860437653935338, 0.19940924630308968, 0.1620142157339519, 0.15658272133107978, 0.08568379332451875, 0.09060006254674291, 0.12743125966154925, 0.14534202914938069, 0.1815007240341648, 0.12495478857145507, 0.15684279274930324, 0.14549565795602268, 0.1941753622243072, 0.15549753652202858, 0.23769541418155615, 0.1071217688038434, 0.21134598872315372, 0.20339612019214845, 0.19599826838249432, 0.1627601593813849, 0.18676405999925774, 0.11338470201291491, 0.17974186902449918, 0.1791531320865182, 0.1886347974381999, 0.12620216913651303, 0.18326055204874928, 0.132202088361091, 0.13422182089029142, 0.17985028474785045, 0.12234002925765163, 0.19071716981324857, 0.1474850204406703, 0.1825187614842422, 0.24128118820123876, 0.23694835443486142, 0.08766248506918495, 0.11592012848395644, 0.17334462480578713, 0.16416171010401565, 0.16185099469535447, 0.13837206781973474, 0.18070510089466027, 0.08864033684653554, 0.1500417630941654, 0.1155789512768723, 0.16483614365459912, 0.12304428882375652, 0.20727627440426385, 0.1627423955109969, 0.1581443822706299, 0.14911595005498687, 0.18281232137025563, 0.11699750833898483, 0.193484770259562, 0.16579998585447228, 0.1510466565876284, 0.25592665491913064, 0.13558824920145934, 0.18019870885290631, 0.15854499463095095, 0.19819725574047523, 0.11983566678138885, 0.1765442918392114, 0.18955751212909486, 0.16077087284312683, 0.23618628486870097, 0.18552586270039154, 0.06824605960912283, 0.1726614402318106, 0.18156358968978933, 0.12619004401722647, 0.16244461713942507, 0.16365559038391422, 0.15585981121976603, 0.16362596701039275, 0.14808811720309387, 0.13182717082667483, 0.1680787187989499, 0.07003347265462122, 0.09956305518531698, 0.20072664061504605, 0.1457548806590673, 0.1158974013808592, 0.1996841361759, 0.1458029900796269, 0.1935191058242504, 0.14039530850855245, 0.16644630667503926, 0.0703179296279486, 0.20830853110639033, 0.1843159763719201, 0.20009684324485433, 0.1596099196049576, 0.07436860209730356, 0.24138364363694909, 0.18435258579430217, 0.08441050768307758, 0.22344364727913324, 0.18851587069521836, 0.024404968125586957, 0.1775859044360267, 0.2512650294144733, 0.25968313686009903, 0.07646343593365007, 0.14634505644859874, 0.19829233097241672, 0.21523335673793242, 0.19570989793503557, 0.16914140111998976, 0.1427399512526555, 0.16891401726861474, 0.2343296289780801, 0.12851984282181914, 0.19765510526865496, 0.14325814246668986, 0.17980048308892863, 0.177688369767512, 0.2374849041264592, 0.2024120409746152, 0.16789974920492423, 0.15206896404327258, 0.1159187793361169, 0.23001395121023202, 0.15874663907137918, 0.19295259051267297, 0.1770386035521311, 0.21069321997419385, 0.16391690909428777], "avg_pos_deviation": 0.1641994924882814, "pos_deviation_std_dev": 0.042666793876534354, "sum_rot_deviation": 180.6236594292098,