{"sum_size_of_clusters": 637, "all_cluster_sizes": [3, 4, 5, 3, 3, 3, 3, 3, 3, 3, 3, 3, 3, 3, 3, 3, 4, 3, 3, 3, 3, 4, 3, 3, 3, 3, 3, 3, 3, 3, 3, 3, 3, 3, 3, 3, 3, 3, 3, 3, 3, 3, 3, 3, 3, 3, 3, 4, 3, 3, 3, 3, 3, 3, 3, 3, 3, 3, 4, 3, 3, 3, 3, 3, 3, 3, 3, 4, 3, 3, 3, 3, 3, 3, 3, 3, 4, 3, 3, 3, 3, 5, 3, 3, 3, 3, 3, 3, 4, 5, 3, 4, 3, 3, 3, 3, 4, 3, 3, 3, 3, 3, 3, 3, 3, 5, 3, 3, 3, 3, 3, 4, 4, 3, 4, 3, 3, 4, 3, 3, 3, 3, 3, 3, 3, 3, 3, 3, 3, 3, 3, 3, 3, 3, 3, 3, 3, 3, 4, 3, 4, 3, 4, 3, 3, 4, 3, 4, 3, 4, 5, 5, 4, 4, 3, 3, 3, 3, 3, 3, 3, 4, 3, 3, 3, 4, 4, 3, 3, 3, 3, 3, 3, 4, 3, 3, 3, 3, 3, 3, 3, 3, 3, 4, 3, 3, 3, 3, 3, 3, 3, 3, 4, 3, 3, 3, 3, 3, 3], "cluster_size_std_dev": 0.4711891200391914, "avg_cluster_size": 3.201005025125628, "total_nr_of_clusters": 199, "sum_pos_deviation": 34.784318170041736, "all_pos_deviations": [0.23229533148653694, 0.19715019693723104, 0.2667049370479816, 0.14929304593932405, 0.13897854603341842, 0.1797496081342517, 0.11742076047318345, 0.22644571835779795, 0.13506405632727903, 0.1437643147589391, 0.1913501011761726, 0.1695118397494666, 0.2025428046686365, 0.12631593632304258, 0.14060004911844, 0.21611992493475327, 0.16178196120207264, 0.25811687860285315, 0.14777766835191597, 0.16677329708899072, 0.17487776389016696, 0.2554739959912035, 0.18506707993424318, 0.1942183131479646, 0.2139101535363127, 0.23835033777403258, 0.18507313518601884, 0.23911790706071953, 0.1289800843186847, 0.16367198839268257, 0.1595725412871891, 0.16538496372294179, 0.18157789862793813, 0.21694753095045552, 0.1924002574507796, 0.20818690430181921, 0.17139506496445042, 0.14264473070619055, 0.1643419016895356, 0.08056738179290075, 0.23737026630593286, 0.11303839425180762, 0.14746743723780653, 0.25138429898713216, 0.11390736030606063, 0.12571941323134359, 0.13862627527769159, 0.19147616532756054, 0.10144389394016202, 0.14825604845786552, 0.14939971900170548, 0.15595587645292439, 0.19157590980062822, 0.1839301765628009, 0.1517880999624329, 0.2305399761106479, 0.12397254750745955, 0.16835659649701074, 0.21192122453415307, 0.1341009560338999, 0.17291665754333743, 0.16590684065913436, 0.16657369961873494, 0.16124319787194427, 0.19559342546795674, 0.16540042886483675, 0.13000124991976394, 0.26944413330705513, 0.2000024987397456, 0.17998066219192774, 0.1274168922311686, 0.1496230789306872, 0.17302761208239315, 0.09990155461732585, 0.12932633335833787, 0.1506381175144584, 0.13794530450416512, 0.12238671027803687, 0.16469050338077945, 0.21619309860884803, 0.185620795368495, 0.21051313060639437, 0.2163296593080457, 0.19955815359014073, 0.18454781535309905, 0.18703725619133635, 0.22756257790174442, 0.11777567868227061, 0.218698015233647, 0.2044912259870888, 0.16038902240896488, 0.1350731857787267, 0.1967158433804935, 0.18071830708171346, 0.17956984616421345, 0.17807361564068988, 0.20993841233895771, 0.2022155149074374, 0.173262562184577, 0.22949006012553122, 0.18374656817254312, 0.09532528055039845, 0.17535739614704737, 0.1801999357159659, 0.188369848205568, 0.26506461693713396, 0.12982983966173897, 0.1873807559753776, 0.18917192672387517, 0.11644825509872571, 0.2306029795678198, 0.15595707635650588, 0.18417240346117836, 0.22419233502769242, 0.19321416716241716, 0.1831452752883301, 0.1387912665930043, 0.21359567655064074, 0.09694861797652642, 0.19204520329933913, 0.09221446171885606, 0.1514169327974004, 0.14688472073566375, 0.1676446203864742, 0.1891105528869399, 0.1610890263399197, 0.193936421025539, 0.17272498045466902, 0.19627757308354532, 0.1864217681342751, 0.21888486910008056, 0.1789020753418277, 0.2401900011035231, 0.2045189190589812, 0.12107436427943545, 0.13353813584018612, 0.11505195537027564, 0.17811113613382956, 0.16563174442616577, 0.19023947700282617, 0.270079534016826, 0.2068837286594225, 0.23049001616940434, 0.14646849265361714, 0.10926194489083148, 0.18480530995476405, 0.13607993396276316, 0.23671379439372697, 0.21263736245465759, 0.2014702554604051, 0.24393359119590713, 0.18196152984899552, 0.18105700815733042, 0.22825887738786824, 0.12636152657548191, 0.17380590107374871, 0.23475586153013128, 0.1840056959376369, 0.1701528885967969, 0.1798403940460108, 0.1437569989974923, 0.2427165371612555, 0.22028679173847313, 0.1549991734913382, 0.2133837323434322, 0.16745981808043134, 0.14638569555160263, 0.10882965484671153, 0.19650316552600788, 0.1919685257856526, 0.18129231354353356, 0.24396234803529646, 0.18272617904465335, 0.15676044839932285, 0.1468342827508248, 0.15170839735490763, 0.15276787971757202, 0.21578639473963301, 0.14511938568532887, 0.0786367537665792, 0.08395681373324182, 0.12409827018421184, 0.1360559471208965, 0.18652965967573362, 0.2256390889259848, 0.1367274060535235, 0.15409098381092043, 0.1628214395465575, 0.1295122763784128, 0.20958434586330135, 0.12120390925385627, 0.22048736792117304, 0.19871944365245095, 0.1404722986982676, 0.21027575129391163, 0.2105619867637959, 0.11718249909974303, 0.12554651378578427, 0.10698065991161221], "avg_pos_deviation": 0.17479556869367707, "pos_deviation_std_dev": 0.04102430485954193, "sum_rot_deviation": 171.1797252987695,