{"sum_size_of_clusters": 967, "all_cluster_sizes": [3, 3, 3, 3, 5, 3, 3, 3, 5, 3, 4, 3, 3, 3, 3, 3, 3, 3, 3, 3, 3, 5, 3, 3, 4, 6, 3, 5, 3, 3, 3, 3, 4, 4, 4, 5, 3, 3, 4, 3, 3, 3, 3, 3, 3, 3, 3, 3, 5, 3, 3, 3, 3, 3, 3, 3, 4, 3, 3, 5, 4, 3, 3, 3, 4, 4, 3, 3, 3, 4, 3, 5, 3, 3, 3, 3, 3, 3, 3, 3, 3, 4, 4, 3, 3, 3, 3, 4, 3, 3, 3, 3, 3, 3, 3, 3, 3, 3, 3, 3, 3, 3, 4, 3, 3, 5, 3, 4, 3, 3, 3, 3, 3, 3, 3, 3, 5, 3, 4, 3, 3, 3, 3, 4, 3, 3, 4, 3, 3, 3, 3, 3, 3, 4, 3, 3, 3, 4, 3, 6, 5, 3, 3, 4, 4, 3, 3, 3, 3, 4, 3, 3, 3, 3, 3, 4, 4, 3, 3, 3, 5, 4, 3, 4, 3, 6, 3, 3, 3, 3, 3, 4, 3, 3, 4, 4, 3, 3, 3, 3, 3, 3, 3, 3, 4, 3, 3, 4, 3, 3, 3, 3, 3, 3, 3, 3, 3, 4, 3, 3, 3, 3, 3, 4, 3, 4, 3, 4, 3, 3, 3, 4, 3, 3, 3, 3, 3, 3, 3, 3, 3, 3, 3, 3, 4, 3, 3, 3, 4, 4, 3, 3, 3, 3, 3, 3, 3, 3, 3, 3, 3, 3, 3, 4, 4, 3, 3, 4, 3, 3, 3, 3, 3, 3, 3, 4, 3, 3, 3, 3, 3, 5, 3, 3, 3, 3, 6, 3, 3, 3, 3, 3, 3, 3, 3, 3, 4, 3, 3, 4, 4, 4, 3, 3, 4, 3, 3, 3, 3, 6, 3, 3], "cluster_size_std_dev": 0.6385131218163251, "avg_cluster_size": 3.3116438356164384, "total_nr_of_clusters": 292, "sum_pos_deviation": 48.661977444173395, "all_pos_deviations": [0.10453726328884294, 0.08689789021793616, 0.13501179693958626, 0.08426875259628819, 0.17961488798457925, 0.14784268519818808, 0.12156812339344969, 0.1428986532156921, 0.24392271085479295, 0.16064956042688458, 0.15424269424973422, 0.11663743295937233, 0.15878848923519365, 0.22137635676024395, 0.03659642404406782, 0.11633761025690594, 0.14281065497628456, 0.19225367100426938, 0.12529331196100235, 0.20586815832409644, 0.18423483873545143, 0.2844199385861981, 0.11752383288346491, 0.07421085928626585, 0.25630543716513576, 0.18614089803492823, 0.2038398691298544, 0.2634018952442857, 0.17863748310441616, 0.1806761847561408, 0.08647976033291101, 0.1587481830995804, 0.14394700460958307, 0.10885424832502988, 0.22126782066164816, 0.1626930755901422, 0.1792570829607428, 0.19806803031642603, 0.16925267149570233, 0.20606535025076222, 0.19690393851448185, 0.230166859982876, 0.15604082724386328, 0.2104080872211718, 0.1927367238039054, 0.18846723596843232, 0.1514382880089452, 0.11191957017248455, 0.23176966655128642, 0.1323898660900459, 0.19454015045656303, 0.0934351541319941, 0.21852394386548882, 0.15868815052442278, 0.07544853044777661, 0.22101255189862914, 0.15672276846403702, 0.1901171848697111, 0.11699054995511947, 0.25936432063972736, 0.21350207954629044, 0.12014498302421857, 0.20322338803201545, 0.22754080380966338, 0.16686526212234387, 0.06929124294127363, 0.056848893412705964, 0.10605546479625498, 0.15767010709956078, 0.22287523427484254, 0.25973286107143834, 0.21471868401610142, 0.15827133680220679, 0.15884117410272788, 0.17988650907386153, 0.2168613295953132, 0.1219970720632186, 0.18194759280313144, 0.062156746136391154, 0.1847273263174617, 0.21471391914390758, 0.15681863287633105, 0.16079546137366243, 0.1786749631164388, 0.13060116797587726, 0.13766729485599252, 0.16434450229981803, 0.1886707374706957, 0.21866096446809766, 0.19620161074511497, 0.06848524615483467, 0.055070696961103, 0.1254853740185993, 0.15870119316869682, 0.18828614672049918, 0.15306453622534388, 0.17538376540702974, 0.17785847335316687, 0.0724075720365662, 0.13214275206544515, 0.1325383715036618, 0.16554071880399607, 0.25378997519557467, 0.17897704355230534, 0.11345694528877791, 0.1829209687658287, 0.17211505220543202, 0.15742476137787886, 0.20132889803576223, 0.19840808284974806, 0.09007466253705455, 0.17171585264100908, 0.18918154056920097, 0.1188736201234522, 0.20301279520751306, 0.16780305123834324, 0.26971749161905356, 0.08720362611770782, 0.17507492640275737, 0.19252574512053053, 0.20011554460147496, 0.15559187366036165, 0.14508224064138733, 0.19432665462562507, 0.16460792908499614, 0.21339261209783986, 0.1161964357608805, 0.1621219493175714, 0.18756796698073305, 0.1618747134094721, 0.16605791964094815, 0.16805841312557498, 0.12085878511503807, 0.18163625324503865, 0.1628416969513407, 0.05771793755021846, 0.11370663126697482, 0.17205904130117514, 0.09569423606978018, 0.1865168965381279, 0.16230516421865504, 0.1739693067279837, 0.15599251928233604, 0.21991583231077785, 0.2056577902864024, 0.15379921514383563, 0.22907761074181585, 0.19962282874734757, 0.16705855062505826, 0.17300752672246134, 0.15931527338985121, 0.054519725310850344, 0.18110251891834286, 0.1745269554674155, 0.1595803549518402, 0.18947301861415014, 0.18640763928904966, 0.2485511206223907, 0.18960714327341263, 0.09316758721266498, 0.21655694328298072, 0.3017866284822025, 0.06816578043355592, 0.2331211657711185, 0.2050870515541943, 0.2113813159351636, 0.20425390340084573, 0.04736972480412943, 0.14486387962440817, 0.10867681666783625, 0.052720560593402827, 0.24051297131165317, 0.16547848656221942, 0.16702994449455746, 0.16034389852852685, 0.15651903656530566, 0.1239036911144777, 0.1808903146790339, 0.17787487892673567, 0.15468558550369838, 0.16610804152393002, 0.19234760657948594, 0.19958630944283032, 0.22223031606649057, 0.14973380607109493, 0.23064459162447512, 0.09269521004032864, 0.11063006882084443, 0.1546368645819439, 0.1298547354132472, 0.15452432488047743, 0.13764725271888348, 0.14867930433113188, 0.2193428980241372, 0.07967408244831348, 0.21732404946811937, 0.10526140227820525, 0.1775638061520175, 0.15245165176306405, 0.23099652241099197, 0.16335775766632518, 0.09957332226817384, 0.07199811176628036, 0.15823117711957635, 0.2098398761476795, 0.25653158472713883, 0.12752689192295935, 0.16823783728889763, 0.1716786668760202, 0.23493333021795512, 0.06436424681994952, 0.25215481192498906, 0.09273073421037087, 0.23402942872737428, 0.15889022589876298, 0.17392853184175625, 0.2020805345085487, 0.1367994035553846, 0.16110211059115828, 0.1783331975972631, 0.1244213146668048, 0.18478769482211066, 0.22625452547752778, 0.19821717754493787, 0.27209559483759715, 0.1488260523091261, 0.18030441689945262, 0.19188979197267694, 0.16473660944619742, 0.13542901080112132, 0.14672949448459507, 0.18344582297048104, 0.18918665054370062, 0.10260489272821184, 0.1596680963692025, 0.15444642500411224, 0.1825920587184994, 0.11305012393959475, 0.11459473766558433, 0.10972036600526645, 0.18572949656557244, 0.13549408730329374, 0.15850362449845143, 0.22464239160294153, 0.1145776153809649, 0.15566850124041018, 0.05741083498664908, 0.15280115702042618, 0.19865792637654525, 0.20387736287723068, 0.15833095913951725, 0.2168399845427166, 0.14919415281670248, 0.24029097093078775, 0.17108190177142754, 0.1886964979366991, 0.19381422978725804, 0.09279375659816537, 0.16415208629002143, 0.06013334522475513, 0.16445086705865927, 0.21321579537026375, 0.2188299297302404, 0.18685256186256805, 0.1496820855126731, 0.13832222524815085, 0.18403206796459484, 0.17414758637325142, 0.1925401667929014, 0.21175992213800768, 0.1763600924762916, 0.20737871698434704, 0.13860164637018302, 0.1364228362100993, 0.19104251619210944, 0.19616270032507796, 0.19372921475163218, 0.1600234979275849, 0.17192027110455663, 0.2860719606567815, 0.19397400084705854, 0.20005584180530014, 0.17413482133231084, 0.19824656516133551, 0.19737985490255375, 0.19441131509309476, 0.08513000011286063, 0.19462294075585748, 0.23680035233519703, 0.1724229338675263, 0.2168882589315115, 0.2011083485867936], "avg_pos_deviation": 0.16665060768552534, "pos_deviation_std_dev": 0.048930339473334306, "sum_rot_deviation": 210.68279014765744,