{"sum_size_of_clusters": 583, "all_cluster_sizes": [3, 3, 3, 3, 3, 3, 3, 4, 3, 3, 3, 3, 3, 3, 3, 3, 4, 3, 5, 3, 3, 3, 3, 4, 3, 3, 3, 3, 3, 4, 3, 3, 3, 4, 3, 3, 3, 3, 3, 4, 3, 4, 3, 3, 3, 3, 3, 4, 3, 3, 3, 3, 3, 4, 3, 5, 3, 3, 3, 3, 3, 3, 3, 3, 3, 3, 3, 3, 3, 3, 3, 3, 3, 3, 3, 3, 3, 3, 3, 4, 3, 4, 3, 3, 3, 3, 3, 3, 3, 3, 4, 3, 4, 3, 3, 3, 3, 3, 3, 3, 3, 3, 3, 3, 3, 4, 3, 3, 6, 3, 3, 3, 3, 4, 3, 4, 3, 4, 3, 4, 3, 3, 3, 3, 3, 3, 3, 4, 3, 3, 3, 3, 3, 3, 3, 4, 3, 3, 3, 4, 3, 3, 3, 3, 3, 3, 3, 3, 3, 3, 3, 3, 3, 3, 3, 3, 3, 3, 4, 4, 3, 4, 3, 3, 3, 3, 4, 3, 3, 3, 3, 3, 3, 3, 3, 3, 3, 3, 4, 3, 3, 3, 4], "cluster_size_std_dev": 0.4550272308557726, "avg_cluster_size": 3.185792349726776, "total_nr_of_clusters": 183, "sum_pos_deviation": 30.83182290197073, "all_pos_deviations": [0.1562425282975616, 0.2229617844024571, 0.22458350374293057, 0.1109490724461225, 0.15079324334617827, 0.10807480157808329, 0.19695508737007586, 0.1934853301873178, 0.06752926941039032, 0.19237241240897351, 0.15505881585132866, 0.12685011649449318, 0.13065190327783288, 0.23229704915669522, 0.23367241033355968, 0.1791456389489974, 0.22823484983018463, 0.1745774376579411, 0.1675840318242445, 0.20317688209362597, 0.18296373956255071, 0.18062778513193703, 0.156119035163454, 0.17103414982737655, 0.20549204385433348, 0.17037853751626938, 0.14563099102366966, 0.2100352044925723, 0.10119257859994223, 0.2417230453618787, 0.13653446876192335, 0.2423030110778683, 0.10713201801300298, 0.20598414614151728, 0.10444176265173101, 0.17853051639542875, 0.09524652227540481, 0.173572444103421, 0.12672603460210993, 0.13838132283658305, 0.1915089065784015, 0.2317039609440903, 0.1388037360435351, 0.13340417408871078, 0.1527888185952615, 0.12172151062957111, 0.19044748628457472, 0.1509894962514732, 0.16055858208778334, 0.19235170834691426, 0.1799511385119359, 0.19855062205184013, 0.18529061602923871, 0.21976356756049828, 0.11598333544802408, 0.24867404467856788, 0.18015625038822833, 0.12961396285761512, 0.20065193421941382, 0.17133168967558401, 0.13240901405758196, 0.16825562314393952, 0.14610966651473897, 0.2534810466313526, 0.14611737634035857, 0.1798432521158504, 0.18706576920195103, 0.24753382877760252, 0.21269043137417606, 0.14762789181704472, 0.19225759727538258, 0.17681548981342296, 0.11268385799314233, 0.20945260731525897, 0.1072074985996086, 0.04886286369397976, 0.19137080840400664, 0.060710345463263, 0.12961799624483847, 0.16933051682922043, 0.142030311100489, 0.15334465710765324, 0.1674176082868166, 0.24419475258843382, 0.1852344394320251, 0.1619989539404273, 0.18799013036304046, 0.18012922002510104, 0.14238899932600083, 0.14544579634236743, 0.19579886860828247, 0.19316560682700348, 0.1975382564745163, 0.21707232060499648, 0.1685675099395453, 0.18958023186077, 0.16175536729568732, 0.20712034318990835, 0.21766591710065442, 0.1567053747412059, 0.09217651768597962, 0.12367930414650431, 0.15284770536899275, 0.08909667112906705, 0.1930434190289411, 0.21262996248260158, 0.14878588403115056, 0.1511759273643037, 0.20157854985135215, 0.08867578566944272, 0.092701580553447, 0.17995015084713661, 0.1962528365237175, 0.2402759776589816, 0.21520508783848405, 0.1835676744083249, 0.23738229556891652, 0.23174067602768886, 0.15127663118213538, 0.23832617666249536, 0.10677810747082128, 0.17728937409905124, 0.12875409463970175, 0.15037460292135754, 0.2083144846865681, 0.1420551372062059, 0.12828421146330068, 0.18050335752868685, 0.20114566104328332, 0.205891822690119, 0.1752273549748132, 0.15317969316610514, 0.1317709578788043, 0.09545271227588602, 0.12153836273586922, 0.21597113457865105, 0.09343787692910248, 0.16910410816852386, 0.20706618650166256, 0.19040702760921943, 0.16450472949020128, 0.062374168299782644, 0.1793414573378561, 0.19110066484909996, 0.17281499551037996, 0.21436698388222075, 0.10113234521988979, 0.13581101926416475, 0.20590426732353675, 0.14665127140453493, 0.18143844156893485, 0.20505318324753627, 0.25330093712437957, 0.1354694538625575, 0.08566699140987694, 0.16276503350338334, 0.23072398479393671, 0.06228471155756249, 0.1707660434338666, 0.23841782435140535, 0.17406386005513905, 0.24627440603915637, 0.15782512705898988, 0.14230976717526064, 0.17663071776597747, 0.14062801797417468, 0.16304712172990612, 0.20245575580352124, 0.15008694689365565, 0.20751816413017465, 0.14420795240456105, 0.1559427622958803, 0.08641039236896665, 0.22963997500976283, 0.11739224246591266, 0.17310105354127778, 0.1882853469704899, 0.18549059036946036, 0.23303290202987495, 0.16643542397486366, 0.1714424029811151, 0.10593528575593802, 0.15278388305930454], "avg_pos_deviation": 0.16847990656814607, "pos_deviation_std_dev": 0.044262591139102435, "sum_rot_deviation": 158.44345134310288,