{"sum_size_of_clusters": 569, "all_cluster_sizes": [4, 3, 3, 4, 3, 3, 4, 3, 3, 3, 3, 3, 4, 3, 3, 3, 3, 3, 4, 4, 3, 4, 3, 3, 3, 3, 4, 3, 3, 3, 3, 3, 3, 4, 3, 3, 3, 3, 3, 3, 3, 3, 3, 4, 3, 4, 3, 3, 3, 3, 3, 3, 3, 3, 3, 3, 3, 3, 3, 3, 3, 3, 3, 3, 3, 3, 3, 4, 3, 3, 3, 3, 6, 3, 3, 3, 3, 3, 4, 3, 3, 3, 3, 3, 3, 3, 3, 4, 3, 4, 3, 3, 3, 3, 4, 3, 3, 3, 3, 3, 3, 3, 3, 3, 3, 3, 3, 3, 3, 4, 3, 4, 3, 3, 3, 3, 3, 4, 5, 3, 3, 3, 4, 4, 3, 3, 3, 3, 3, 3, 3, 3, 3, 4, 3, 3, 3, 3, 3, 3, 3, 3, 3, 3, 3, 3, 3, 3, 3, 3, 3, 4, 4, 3, 3, 3, 3, 3, 4, 3, 3, 4, 3, 3, 3, 3, 3, 3, 3, 3, 3, 3, 4, 3, 5, 3, 4, 3], "cluster_size_std_dev": 0.4640644408306304, "avg_cluster_size": 3.196629213483146, "total_nr_of_clusters": 178, "sum_pos_deviation": 30.36930847138786, "all_pos_deviations": [0.22249913964446258, 0.1571727971553392, 0.16175371450033516, 0.22121268290763688, 0.15077779675348232, 0.18004290948551116, 0.20115189567056987, 0.14631200003360656, 0.1551950539425652, 0.18076243399761127, 0.08520387758019236, 0.1527348041039632, 0.20372115431963392, 0.20476672482020045, 0.1813233094952258, 0.15628842041654525, 0.22135281811139676, 0.2058776589486756, 0.1894264175813861, 0.1914279301261416, 0.18005073138655048, 0.2292010271332907, 0.150974361733909, 0.15100364010996417, 0.12397632851775713, 0.18849898519019925, 0.1851808405814873, 0.14910352548641376, 0.11188307519490613, 0.24360644887533658, 0.118200696676429, 0.15622135250988314, 0.1399279210292476, 0.22571404045889046, 0.22177122296802212, 0.16070287854813667, 0.178057598152864, 0.1676314843217308, 0.11176860361838399, 0.20523078479091783, 0.13494446513045014, 0.15902233090013432, 0.17532793380464726, 0.23398653367704958, 0.20023711868614366, 0.24674768109019948, 0.17963899412655093, 0.1523628134176222, 0.2476231344678499, 0.1508814763384921, 0.19604956820747088, 0.13168374865032179, 0.15127850799917023, 0.11573004818741706, 0.11771383224189931, 0.18270202309415848, 0.14232234865609092, 0.23298921824605132, 0.2052481935451533, 0.19526294977300618, 0.18241563129113283, 0.14328583763094563, 0.24624252549387096, 0.19212993313938184, 0.1607850897370026, 0.22149850365243617, 0.15713947371703949, 0.1684767238287069, 0.15278790743232168, 0.12920861419786162, 0.14405124122106322, 0.12200424774583403, 0.21398098394875442, 0.2039681454708938, 0.14657479354379196, 0.10312186500292737, 0.17612723641815412, 0.17609700656518734, 0.11870597894724333, 0.13954092257634357, 0.1440217969736445, 0.10539681782313715, 0.20739512849730365, 0.1820033253477745, 0.1709040845461279, 0.14686932136281142, 0.19403263093784842, 0.18917840373136807, 0.1380073788534467, 0.21894500797506666, 0.17361620225839172, 0.14753081061926876, 0.05628305483880457, 0.22216087033287887, 0.23530980569316795, 0.194850516837387, 0.07409197126170503, 0.11642011791865266, 0.16118055109708554, 0.11130668212085892, 0.12147464715243912, 0.1270681248797621, 0.15848961322339927, 0.1862902316723557, 0.17894837648424036, 0.2322533578036795, 0.08123674025455072, 0.1601340354456564, 0.18982737512992898, 0.2095154393675667, 0.17357646614823816, 0.280195982041511, 0.18594605039421977, 0.1612069046556438, 0.2224675018014076, 0.19856199469596172, 0.13556314316294987, 0.23307314045188587, 0.22118298308769502, 0.1482117000926181, 0.16314243605965226, 0.1233219106042905, 0.23492629739477922, 0.20383138485263042, 0.1202268773054782, 0.16865173961188276, 0.06372345548258394, 0.15923664655560626, 0.18106563419265972, 0.19857226563247554, 0.20668998033846533, 0.03918348253075012, 0.13903697521410843, 0.18504085892777952, 0.18604658212624847, 0.20729324825988224, 0.10057144699325911, 0.21858578275367158, 0.19619895131767703, 0.13651569948789208, 0.13488508463454435, 0.21333358274627892, 0.08244690153900115, 0.10264114725654282, 0.15266771269596513, 0.2129804381768469, 0.21780558918423973, 0.0943598413585517, 0.1962244708894124, 0.1769559815526888, 0.18753101969852107, 0.19201620326671368, 0.20495267066932812, 0.12212251981590329, 0.1837233510512631, 0.16075124016502446, 0.13777391255478122, 0.21062498048939812, 0.16091898689160272, 0.18881391747279205, 0.17921204254831435, 0.15229548835974663, 0.23781549493920748, 0.18760234266333084, 0.13320256345856205, 0.17984469313804932, 0.07898078933855078, 0.12159741603777334, 0.1202889436205699, 0.1521840636063675, 0.16938076973494529, 0.232379048407925, 0.21570862016671563, 0.18476236991435432, 0.24559352871946238, 0.17262144049261438, 0.27710785013120415, 0.15100684270699025], "avg_pos_deviation": 0.17061409253588686, "pos_deviation_std_dev": 0.04353311527915238, "sum_rot_deviation": 159.5613112319498,