{"sum_size_of_clusters": 897, "all_cluster_sizes": [3, 3, 3, 3, 4, 3, 3, 3, 3, 3, 3, 5, 3, 3, 3, 3, 3, 3, 3, 3, 4, 3, 5, 3, 4, 3, 3, 4, 3, 3, 3, 3, 4, 3, 3, 6, 3, 3, 3, 4, 6, 3, 5, 3, 3, 3, 3, 3, 3, 3, 4, 3, 3, 3, 3, 3, 3, 3, 3, 3, 4, 3, 3, 3, 5, 3, 4, 3, 3, 3, 3, 3, 3, 3, 3, 4, 3, 3, 3, 3, 4, 3, 3, 3, 4, 3, 3, 4, 3, 3, 3, 3, 4, 3, 3, 3, 3, 3, 4, 3, 3, 3, 3, 3, 3, 4, 3, 3, 3, 3, 3, 3, 4, 3, 3, 4, 3, 3, 3, 3, 3, 3, 3, 3, 3, 4, 3, 3, 4, 3, 4, 3, 3, 3, 3, 5, 3, 4, 3, 3, 3, 3, 3, 3, 3, 3, 3, 3, 3, 3, 3, 3, 3, 3, 3, 4, 3, 3, 3, 3, 3, 3, 3, 3, 3, 3, 3, 3, 3, 3, 3, 3, 3, 3, 3, 3, 3, 4, 3, 4, 4, 3, 3, 4, 4, 4, 4, 3, 3, 3, 3, 4, 3, 3, 3, 3, 3, 3, 3, 3, 3, 3, 3, 3, 3, 3, 6, 3, 3, 4, 4, 4, 4, 3, 5, 3, 3, 3, 3, 3, 4, 5, 3, 4, 3, 3, 3, 5, 3, 3, 3, 3, 3, 3, 4, 5, 3, 4, 3, 3, 3, 3, 3, 3, 3, 3, 3, 3, 3, 4, 3, 3, 4, 3, 3, 6, 3, 4, 3, 3, 3, 3, 3, 4, 3, 3, 3, 4, 3, 3, 3, 4, 3, 3], "cluster_size_std_dev": 0.5944517679911424, "avg_cluster_size": 3.2737226277372264, "total_nr_of_clusters": 274, "sum_pos_deviation": 46.81376178175447, "all_pos_deviations": [0.2262932338721316, 0.09070992540862072, 0.1481184827259738, 0.21845526162308707, 0.18772082658033637, 0.16499680108272746, 0.15759453996329836, 0.208750728688979, 0.15715589309646405, 0.14932408369270134, 0.19081296585229568, 0.21831540713540276, 0.18953158133025105, 0.14421073081874083, 0.2378954606034197, 0.17741845432511705, 0.1757981703627304, 0.18826357699319266, 0.175371092572932, 0.1509343200139357, 0.21415449959125876, 0.17361395430032364, 0.18143488516820974, 0.144469821270861, 0.24091762966227792, 0.23740291926583756, 0.11087121797456197, 0.14096317445738224, 0.17438498668122285, 0.17342124363352504, 0.16801758031724257, 0.13962970715107412, 0.17068060258060028, 0.09852805421090588, 0.21990444861341418, 0.12611196142666972, 0.2202522058712184, 0.1982740411183341, 0.13738524146978076, 0.1705160622679748, 0.2340112498688388, 0.19852350977000197, 0.24948626753972988, 0.1931035167225752, 0.12684386142579832, 0.14311724210933194, 0.131695563546906, 0.14248408910426769, 0.22018514965446234, 0.13044838179591786, 0.11725197776361745, 0.127566695995493, 0.15114576073447158, 0.1560014772806121, 0.19670922358947698, 0.18618405313473277, 0.18154463420881262, 0.15622086211364405, 0.18847587043907044, 0.21582659720703154, 0.1423404615329421, 0.1702039842420089, 0.18652104755006785, 0.17127987413386028, 0.19200765455126506, 0.16509205566763743, 0.1832123623011446, 0.21669345135940446, 0.10619391876181643, 0.16025337114064644, 0.11501027134385755, 0.15146197778726644, 0.1583601358164217, 0.20502463512914662, 0.23194754955834795, 0.1635951780871597, 0.1369726372440682, 0.11055153787328804, 0.21637699066293029, 0.13757570914588038, 0.16102940369600685, 0.23002671923539175, 0.14220816423896118, 0.16769451176182595, 0.11660398747092109, 0.23780423356154037, 0.14204207389045828, 0.19722834707896478, 0.1633050531952304, 0.16847775002127463, 0.13524929839504565, 0.09734781150453514, 0.20786439180562213, 0.10425440752659483, 0.22956898498839065, 0.09938252607455862, 0.14851431822528885, 0.2166961797368706, 0.2566718171309912, 0.21548197026978363, 0.23724987099778047, 0.16014521113865102, 0.07350467129687678, 0.19147847864114176, 0.10640974581908574, 0.23418873139708107, 0.1623862411502282, 0.13828497863078335, 0.1993813681161837, 0.19870487414285343, 0.17306738026007898, 0.21219296203533342, 0.18298184269534637, 0.1327618391293905, 0.20824870440893603, 0.17059449593152234, 0.1344942132837724, 0.22199132411043218, 0.18007976575597048, 0.1897267227423869, 0.16952689944909338, 0.15090416047166902, 0.10088308221953922, 0.1779634801453274, 0.1450720315241263, 0.20555102787688806, 0.24152920030683478, 0.08708803369835262, 0.17207251249668995, 0.19967720645312168, 0.17121899935610121, 0.1491928244455956, 0.14802587203414777, 0.15633180735473015, 0.16447832633173565, 0.21628881302471897, 0.10779461860132206, 0.18347283663299918, 0.1904417157431485, 0.14049465335487846, 0.18097091825056963, 0.1640205936201747, 0.06522107838856063, 0.2088989590923774, 0.21091107331422979, 0.20359937822112062, 0.1447974514129757, 0.03890985890572241, 0.12569620462083486, 0.15105188488231572, 0.18006904066865648, 0.13431198737602748, 0.2208079957425275, 0.1183210528605414, 0.16245708881054022, 0.13721082781852614, 0.150004502530919, 0.15176115707610524, 0.1738606681171004, 0.14994262034504147, 0.24911606040735293, 0.17019203058303614, 0.1868327457368616, 0.2459720695693247, 0.12837447099575816, 0.22300188637366447, 0.1145552975830858, 0.19950467620212572, 0.20368519552574105, 0.15942705155468276, 0.20639867515999644, 0.12280819215838183, 0.1121083487239299, 0.21157552048513695, 0.09779507484742171, 0.16138889594334008, 0.18017058493279145, 0.14995348725821334, 0.16832902578628609, 0.2464941495678951, 0.21159248315919213, 0.1611473825969076, 0.19822213173914802, 0.20345291400497165, 0.19113778765986897, 0.13366702809703526, 0.15351037964944506, 0.16063461819006586, 0.14664624328162335, 0.22815679855622295, 0.14744909347535948, 0.21469382206284848, 0.15492205183513286, 0.22021075009227256, 0.08700313323410926, 0.1819782596850057, 0.15436091265502186, 0.11766824034725527, 0.20444401281431515, 0.13834233484158134, 0.11824513209284565, 0.18429763469703775, 0.19381864623816936, 0.13703079787156958, 0.12773876413159632, 0.10324158054864206, 0.21385767494625918, 0.09472691291620407, 0.18703761127542076, 0.21318264480681415, 0.18048515651382457, 0.21608449409042194, 0.2030371103064875, 0.23502273746673738, 0.26398168992823245, 0.2074365978652949, 0.21656025944213672, 0.14495774844396106, 0.11584354881483598, 0.19576670723839815, 0.1566789713434217, 0.23433820083014623, 0.2168918736032285, 0.25295806211868505, 0.11219799226161398, 0.16120610248673775, 0.18594489584239673, 0.2001946274306424, 0.22011110194809105, 0.22878573110841885, 0.1666333249446759, 0.21919722087293492, 0.11761898186828823, 0.19816005096736153, 0.09583883088104843, 0.13333285703074255, 0.17256502921591696, 0.2287393121228344, 0.06927465757114047, 0.1368401294516999, 0.09544834777193312, 0.19452657283939834, 0.15570236007195057, 0.1598369456746476, 0.17908889331446518, 0.2027359669959881, 0.2475128065894113, 0.13931704128823677, 0.15984327390907013, 0.193739890519806, 0.1739590730411553, 0.16896247891083604, 0.20931095019055065, 0.1677982994396495, 0.1970735179427043, 0.25217355231043803, 0.16807647806290013, 0.16878892005195692, 0.10055763001048969, 0.17569947835872934, 0.11070721761203904, 0.20350486422790348, 0.13617768897093493, 0.1999040806106611, 0.22762210217523013, 0.12845876080450547, 0.16534293275562598, 0.1083588598758478, 0.15941641769426007, 0.12602303902794457, 0.15895279651550828, 0.19103468401642668, 0.14396584652422575, 0.1750904160047648], "avg_pos_deviation": 0.17085314518888495, "pos_deviation_std_dev": 0.04181521627579928, "sum_rot_deviation": 251.0989578694631,