{"sum_size_of_clusters": 868, "all_cluster_sizes": [5, 3, 3, 3, 3, 3, 4, 3, 3, 4, 3, 4, 4, 4, 5, 3, 3, 3, 4, 3, 3, 3, 3, 4, 3, 4, 3, 4, 4, 3, 3, 3, 4, 3, 4, 3, 3, 3, 3, 3, 3, 3, 3, 3, 3, 3, 3, 3, 3, 5, 5, 4, 4, 3, 3, 4, 3, 3, 3, 3, 4, 3, 3, 3, 3, 3, 3, 3, 4, 3, 3, 3, 4, 4, 4, 3, 3, 3, 3, 3, 3, 3, 3, 4, 3, 3, 3, 3, 3, 3, 5, 3, 3, 3, 3, 3, 3, 3, 3, 3, 3, 3, 3, 3, 5, 3, 4, 3, 3, 3, 3, 3, 4, 3, 3, 4, 3, 4, 4, 3, 4, 3, 3, 3, 3, 3, 4, 3, 3, 3, 3, 3, 3, 3, 4, 3, 4, 3, 3, 3, 3, 3, 4, 3, 3, 3, 3, 4, 3, 3, 5, 5, 3, 3, 4, 3, 3, 3, 3, 6, 4, 3, 3, 3, 3, 3, 3, 3, 3, 3, 3, 3, 4, 3, 3, 3, 3, 3, 3, 3, 3, 3, 3, 3, 3, 3, 3, 4, 4, 4, 3, 3, 3, 3, 3, 3, 3, 3, 3, 7, 4, 3, 3, 3, 3, 4, 3, 3, 3, 4, 3, 3, 3, 3, 3, 3, 3, 3, 3, 3, 3, 3, 3, 3, 4, 3, 3, 3, 3, 3, 3, 3, 3, 3, 3, 3, 3, 4, 3, 3, 3, 3, 3, 3, 3, 3, 3, 5, 5, 4, 3, 3, 3, 3, 4, 3, 3, 3, 3, 3, 3, 3, 3, 4, 3], "cluster_size_std_dev": 0.5867558667049149, "avg_cluster_size": 3.2754716981132077, "total_nr_of_clusters": 265, "sum_pos_deviation": 46.00363999336985, "all_pos_deviations": [0.23396611912580217, 0.1474894587070946, 0.20962975146780002, 0.173753207136267, 0.1391843308941064, 0.1555157657989712, 0.199540775974835, 0.08805403086588577, 0.21495953028791212, 0.1289412516464977, 0.16704531542964288, 0.222284284779246, 0.1885042626942365, 0.21400889300727935, 0.2062441400679477, 0.2107959827800718, 0.14312326420998148, 0.16197238607963868, 0.20232635367778304, 0.16404526258533658, 0.11298359727838353, 0.1824535442745153, 0.1472014059080521, 0.13864871147339927, 0.17241525582627215, 0.1788285022094858, 0.1910207684632976, 0.16819901654884026, 0.1892623019852718, 0.1580221486130148, 0.16793596433394412, 0.15348979491054446, 0.21639955142893522, 0.19712172547878082, 0.19366222105473727, 0.15981626386952189, 0.12882016623121348, 0.1991806473549775, 0.17146990678880905, 0.14139714296242814, 0.18728253963153083, 0.07546983001401315, 0.12497535142674561, 0.2299717310989098, 0.17137771956451295, 0.20733254594578923, 0.1262659017149335, 0.09906215325085356, 0.1678708944921721, 0.1640754379384039, 0.15121173532486776, 0.22575983642855893, 0.18681488222124287, 0.17912133185337162, 0.19839079094096956, 0.28146238805247387, 0.24339832012230178, 0.19843772259807446, 0.10924944280570509, 0.18585274016940526, 0.21819722969530453, 0.1470173668155929, 0.1309080726171535, 0.1636404223566793, 0.15422888848029634, 0.17156111697209217, 0.1762249658320767, 0.13837985592034072, 0.15090510211832273, 0.18415812137292406, 0.1099910267869632, 0.18032991957230804, 0.23547884600646937, 0.19964863552078974, 0.1740817483904966, 0.19844663487927683, 0.14705617228126264, 0.14426755786152368, 0.20052418184039753, 0.17348826606579207, 0.17773047738085176, 0.20563320133033428, 0.1151542822071797, 0.2248653306859805, 0.15195756406500335, 0.15686203377623936, 0.07522706339519954, 0.15912103159426036, 0.1689151309746455, 0.22149410638967704, 0.2026972805085617, 0.10491853157872759, 0.22213044418354458, 0.09247058549395913, 0.21895994564119522, 0.21616188869030406, 0.14613809680120607, 0.19537255096433737, 0.16148386057191944, 0.21239970612346784, 0.15385520810116715, 0.19226303390891464, 0.19190682699641107, 0.18289285059036955, 0.10187941987970586, 0.2388549482655896, 0.21683544747308836, 0.16873135975187895, 0.19058909338012722, 0.1885748184879605, 0.14439268432692623, 0.18241077658001612, 0.2100122985512938, 0.17810632291151887, 0.18406446579099042, 0.25035920097094333, 0.17119713613647003, 0.14567116783907796, 0.23591640168023273, 0.21615649005178064, 0.21934778701489502, 0.22817487107422443, 0.19022889081828442, 0.17797905589145027, 0.18313546773757902, 0.09422247396239179, 0.18727101222072565, 0.17005730766655724, 0.13008734993980114, 0.21292083751231838, 0.14000674374211872, 0.108275805248213, 0.12579603054807487, 0.18736855772855213, 0.11873032006010133, 0.15940911716424647, 0.18521092768204575, 0.16510725206215315, 0.22610684591823327, 0.22824573372878634, 0.13808120413599292, 0.17793366952711506, 0.14540154900304395, 0.19367769553141842, 0.16354810270336803, 0.1462093898073187, 0.16749556131627039, 0.20424087520567472, 0.16779313206631444, 0.1500323540169935, 0.29834963289133826, 0.19112235588163698, 0.13771684046183294, 0.23472001139209886, 0.19908601048621624, 0.1691174375526053, 0.19339780338791424, 0.10557324103928743, 0.19153390652243363, 0.2492493255032948, 0.14004884873914522, 0.15998740527709046, 0.1967900231816492, 0.16338401335242272, 0.18338322202031596, 0.1263595176314519, 0.2090561039573494, 0.14544536595790838, 0.13749560804818592, 0.15737754019512598, 0.05952916759263907, 0.20492486325322587, 0.17710381966878483, 0.1757399439110302, 0.23438159189327867, 0.11757008385966239, 0.12883528723093238, 0.18050025518195426, 0.2034587918672365, 0.2524655290364131, 0.12823225742928598, 0.16442445637001346, 0.18266386894643863, 0.2421968605873862, 0.13209158382473493, 0.24219151914682868, 0.22049755739406973, 0.27128034469105194, 0.2282925629149268, 0.2228945165527397, 0.13867174304356167, 0.14927210283414719, 0.11829742372215407, 0.1893589883543276, 0.1086546286003222, 0.1475103474406295, 0.14326709892466713, 0.10248397476945502, 0.20226907690806106, 0.3037423947112229, 0.185637762849714, 0.21407744115685842, 0.12964247140125376, 0.18222851574566165, 0.20977341601009747, 0.18249202487260982, 0.19921067999929756, 0.1396189947199662, 0.12703301453139446, 0.19916052312415758, 0.1709594556919962, 0.15294078284031126, 0.14236275695106093, 0.22085296678278551, 0.11494327097299982, 0.13774632561332492, 0.16706384433541288, 0.15948087408644243, 0.20021386648465855, 0.19400027711016424, 0.2028177907583306, 0.22506484794456275, 0.19013673296324665, 0.087608983093664, 0.22522431629949344, 0.16508163277056206, 0.1928537640673428, 0.1379749192043134, 0.24028717370377994, 0.11313493167697924, 0.1657416754069874, 0.13610995908079462, 0.17503244917031135, 0.13429586870055135, 0.1947962793740773, 0.059488611053671064, 0.1655930437513405, 0.21554592608916848, 0.1661869354746991, 0.2009443184340183, 0.09076203782421137, 0.14060107799931224, 0.19533183995110628, 0.1712423006225355, 0.14340293369949544, 0.09248324874916575, 0.11830852377754326, 0.17257749500849118, 0.1876226494264966, 0.19425846724930199, 0.19524159835691224, 0.15401401708232257, 0.17166975923563732, 0.10812036956048393, 0.19251445035396775, 0.20949249280329865, 0.17716382639471873, 0.15196594486909937, 0.2171344665532735, 0.10901201098785694, 0.17437613245351172, 0.16100372946164104, 0.18536608693262516, 0.19096261410770407, 0.19556622521361033], "avg_pos_deviation": 0.17359864148441453, "pos_deviation_std_dev": 0.04114331034730865, "sum_rot_deviation": 243.59240308978409,