{"sum_size_of_clusters": 504, "all_cluster_sizes": [3, 4, 3, 3, 3, 3, 3, 3, 3, 3, 3, 4, 4, 3, 4, 3, 3, 3, 3, 3, 3, 3, 3, 4, 4, 3, 3, 3, 3, 4, 3, 3, 3, 3, 3, 6, 3, 3, 3, 3, 3, 4, 4, 4, 3, 3, 3, 3, 4, 3, 3, 3, 3, 3, 3, 3, 4, 3, 3, 3, 3, 3, 3, 4, 3, 3, 3, 3, 4, 3, 3, 3, 3, 3, 3, 3, 3, 3, 3, 3, 4, 3, 3, 3, 3, 3, 3, 3, 3, 4, 3, 3, 3, 3, 3, 3, 3, 3, 3, 3, 3, 3, 3, 3, 4, 3, 3, 3, 3, 4, 3, 3, 3, 3, 3, 4, 3, 3, 3, 3, 3, 4, 3, 4, 4, 3, 3, 3, 3, 3, 3, 3, 3, 3, 3, 3, 3, 3, 3, 3, 3, 3, 3, 4, 3, 3, 3, 3, 3, 3, 3, 4, 3, 3, 3, 3, 3, 3, 3], "cluster_size_std_dev": 0.42407825838884733, "avg_cluster_size": 3.169811320754717, "total_nr_of_clusters": 159, "sum_pos_deviation": 26.120402592726656, "all_pos_deviations": [0.17574736900631147, 0.20439485487775558, 0.06318984195040504, 0.12205692316124257, 0.1576846570161157, 0.20803460102401627, 0.14201218620832207, 0.07808380748699634, 0.2278102379438592, 0.18733036443855003, 0.154784528736238, 0.1664948461074063, 0.2048175366278392, 0.14800851003989554, 0.19650104950031366, 0.17905959062091137, 0.13661083594210546, 0.16129686286908237, 0.10272718488740094, 0.07626011339544923, 0.08377402581197137, 0.1554566421117285, 0.0939573782057828, 0.20640000318143348, 0.23905302431673056, 0.16528186642572404, 0.1664390365130529, 0.18499992538846186, 0.15106746654986158, 0.21371325441521463, 0.04400112458264097, 0.2181110554406556, 0.14150941899954197, 0.2002866616237313, 0.17515966223844195, 0.2629723674968763, 0.052175625536654245, 0.13284690384158693, 0.22488922917894327, 0.17672396877232907, 0.19938627917041338, 0.2412061613345993, 0.17289303829808675, 0.15937509943559905, 0.1985520675363307, 0.18963210128248095, 0.13570554934391185, 0.1866075794212061, 0.1866065694749306, 0.15758154735245633, 0.18105188853775997, 0.09016892632075924, 0.1620448852202889, 0.16032479588965118, 0.18041384797037643, 0.1666009557537075, 0.20435816226923886, 0.15846850738362386, 0.07880796707546177, 0.10352493971969066, 0.1962085985639389, 0.17378542032881658, 0.18573881029550132, 0.17758921427298666, 0.1922148852037361, 0.23714130948150988, 0.18569195099261163, 0.18225309829036676, 0.16728826900554972, 0.14664952845466506, 0.20696589875101767, 0.13667613540276152, 0.13897779168571878, 0.2151976381635682, 0.13714703240079765, 0.14938897422337602, 0.12304023850985187, 0.13837758914042356, 0.11967299451893652, 0.18055084876161143, 0.2902874501693415, 0.21877780308761116, 0.17394973953139603, 0.1585570953019192, 0.13845848710092892, 0.1565231536609871, 0.21711638731640992, 0.1369244902851379, 0.20531004751548462, 0.11228046183975154, 0.12537499950895226, 0.11250675437532753, 0.19567475114103458, 0.16160371674908133, 0.10174135119701483, 0.20605527603073415, 0.1480098049073563, 0.1381131013403516, 0.1913281180254179, 0.18587478079257838, 0.1875781484875262, 0.21996105423778112, 0.16158655812929987, 0.12158903994470331, 0.2281277603137142, 0.18921264155710305, 0.12604784731727128, 0.12390163596550964, 0.21002242994753492, 0.17724528382195512, 0.16551029978065782, 0.1622631337450704, 0.20204814080063016, 0.19446378857970129, 0.1931487663907369, 0.18719597703384397, 0.15507583768651817, 0.15331295394316002, 0.2183750133887589, 0.13830496044054819, 0.15222965203259012, 0.2386640155943626, 0.1898256641680733, 0.1550091188432585, 0.20912217676590006, 0.1924652405066364, 0.131907800391746, 0.07330494635303232, 0.18125238434657656, 0.10331042409174233, 0.13909935629326034, 0.1942402826413129, 0.20454887157593857, 0.08298045616512671, 0.027875664054063606, 0.10490665542019044, 0.1920080681108045, 0.1305259351921727, 0.18617259366321745, 0.2136391379929048, 0.11748766325454692, 0.15038481485242652, 0.1942513731296207, 0.19462467513064063, 0.16047258625653227, 0.16875406807365526, 0.19520093987898932, 0.062877372913708, 0.18429956142781023, 0.18128842058916608, 0.10544288493571646, 0.11613893578190636, 0.14216183305258184, 0.2007643061112052, 0.15612589183160755, 0.145919604199408, 0.15976369280582017, 0.17129666751664271, 0.23502817768302497], "avg_pos_deviation": 0.1642792615894758, "pos_deviation_std_dev": 0.044596052621137944, "sum_rot_deviation": 140.67634353150262, "all_rot_deviations": [0.8204548826961315, 0.9716622309483908, 0.5493916848602116, 1.1667586118530322, 1.043155831525786, 1.1000893486995778, 0.6124003491259145, 1.3086785213763348, 0.49767844717999266, 0.48847011944580593, 0.9086412961078866, 1.2330650897740345, 0.9675707013465322, 1.0315918170499498, 0.7634619265090711, 0.5745549792180636, 0.4844032051615099, 0.624462387753231, 0.26661785761465256, 1.2573486510882037, 1.145439504672465, 0.8719140665133477, 1.09742121907198, 0.8669480111886833, 1.324664893133943, 1.4010143285751233, 0.5191365563349416, 1.1834525066518664, 1.0062315628963268, 1.2805300823811139, 0.9137437887033384, 1.4746134486908618, 0.5507247458500698, 0.9338763582861445, 0.7396864876583118, 1.0664733007834102, 0.551160977991306, 0.5432911742612497, 0.9242782936758241, 0.9194302536935862, 0.9191729461923411, 0.679619612806166, 0.5155410608607519, 0.8799534939903919, 0.9823741860732479, 0.8797848194183316, 1.1285038663249765, 1.0336498680111257, 0.6829652975748781, 0.18259285689094362, 1.2034942183905246, 0.7397941118304406, 1.120852289336118, 0.6013724335774135, 1.0725595233062781, 1.2627785715171458, 1.3957471274145241, 1.571687870350912, 0.29487338727094264, 1.0779387665841054, 0.951945893628188, 1.0610612980166614, 1.3004884368236762, 0.8959229123487348, 0.14644709695422206, 0.37108955128707466, 0.9443034837122538, 0.3526600975093057, 0.8227318649191891, 1.0344600733356952, 0.3717765694770026, 0.8851454971467048, 0.9723303246636356, 0.9342667994724071, 1.1182057578937528, 0.6506258188032837, 1.0194808901000176, 1.028084953587961, 0.6514195059310534, 1.0352915069203024, 1.15789324627386, 0.9588070157239796, 0.9376642824452993, 1.063899778353351, 0.9361034585953868, 0.9532187935774971, 1.1031622354685329, 1.117453216713599, 1.1362850158307687, 0.5200013742776777, 1.02817152475617, 1.055660616915661, 1.2216768301519594, 0.6065215197128042, 0.3941210381198384, 1.1138484295937818, 0.902104351102114, 1.2680146470897309, 0.4264498493237669, 1.4178551438146652, 0.9320145780225967, 0.028439752770315074, 1.2025576890168788, 0.7196443844109739, 0.8350254715160474, 1.0788263276663452, 1.0141779026376976, 0.6294782525096689, 0.8251187545952613, 0.16872012082834287, 1.1891837881552485, 0.24775391931561952, 0.9616427702175961, 1.1267865619812631, 0.8323889696963679, 1.093747087850427, 1.2824495822634738, 0.4272999665152078, 0.32754639257185053, 0.5406432201631081, 1.1574397410463548, 0.8916835294446406, 0.4427472468971712, 1.5067631978858067, 0.7539487012601935, 1.0258448614957125, 0.749963530414869, 1.2590587983854074, 0.7388431005886545, 1.1254441453038162, 0.8245925602568036, 1.1418322556687959, 1.3810500668195438, 0.6937898943053575, 0.828852124652747, 0.4407728192969322, 1.014015788763679, 1.3052403498247083, 0.8520148912406151, 1.0380022824710433, 1.2182968459060033, 0.9225049808667207, 0.5958114939500482, 1.2088743451474153, 0.8377382702088841, 0.6201485334185586, 0.43289662820236413, 0.3702319255066815, 0.4897755213347841, 1.228468873392664, 0.8269928941137121, 1.097867688364167, 0.9173609309971092, 0.9847845724085738, 0.6642294627631333, 0.9968992011368417, 0.6284124844290484, 1.046695486038822, 0.8766115061485665], "avg_rot_deviation": 0.8847568775566202, "rot_deviation_std_dev": 0.3110321981315796, "sum_boids_eaten": 536}