{"sum_size_of_clusters": 996, "all_cluster_sizes": [3, 3, 3, 3, 4, 3, 3, 4, 3, 3, 3, 3, 3, 3, 3, 3, 3, 4, 4, 3, 4, 4, 4, 3, 3, 3, 3, 3, 3, 3, 4, 3, 4, 3, 3, 3, 3, 3, 3, 3, 3, 4, 5, 3, 3, 3, 3, 4, 3, 3, 3, 4, 4, 3, 3, 3, 3, 3, 3, 3, 4, 5, 3, 4, 3, 3, 3, 3, 3, 4, 3, 3, 3, 3, 3, 3, 3, 3, 4, 4, 3, 4, 3, 3, 3, 3, 4, 3, 4, 4, 3, 4, 4, 4, 3, 3, 3, 3, 4, 3, 3, 3, 3, 3, 3, 3, 4, 5, 3, 3, 3, 3, 3, 3, 3, 3, 3, 3, 4, 3, 3, 4, 3, 3, 3, 3, 3, 3, 3, 4, 3, 3, 3, 3, 3, 3, 3, 4, 3, 3, 3, 3, 3, 3, 3, 3, 3, 3, 3, 3, 3, 3, 3, 3, 3, 3, 3, 3, 3, 4, 3, 5, 3, 3, 4, 3, 3, 3, 3, 3, 3, 3, 3, 3, 3, 3, 5, 3, 3, 3, 3, 3, 3, 3, 4, 3, 3, 3, 3, 3, 3, 3, 4, 3, 3, 3, 3, 3, 4, 3, 3, 5, 4, 3, 3, 4, 4, 3, 3, 4, 3, 4, 3, 3, 4, 3, 4, 3, 3, 3, 3, 3, 3, 3, 3, 4, 4, 3, 4, 4, 3, 3, 4, 3, 3, 3, 4, 3, 3, 4, 3, 3, 3, 3, 3, 3, 3, 3, 3, 4, 3, 3, 3, 3, 3, 4, 3, 3, 3, 4, 3, 3, 3, 3, 3, 3, 3, 3, 3, 3, 3, 4, 3, 3, 4, 3, 3, 3, 3, 3, 4, 3, 3, 3, 3, 3, 4, 4, 3, 3, 3, 3, 4, 3, 3, 3, 3, 3, 3, 3, 3, 3, 3, 3, 3, 3, 4, 3], "cluster_size_std_dev": 0.467750981833245, "avg_cluster_size": 3.2337662337662336, "total_nr_of_clusters": 308, "sum_pos_deviation": 49.171140960170604, "all_pos_deviations": [0.15826757189678, 0.18697539004950225, 0.14168472523596673, 0.1454654170739554, 0.1318407693167262, 0.1666994678596657, 0.1520701240003611, 0.16213353974815706, 0.2030433306007635, 0.1516545254613303, 0.10669909514263413, 0.21545364150470925, 0.23648239858350195, 0.10064662828793842, 0.18020175760703416, 0.20698627966257047, 0.08023249929011968, 0.20894429514808488, 0.16193716701424596, 0.24114864345832243, 0.09919556205828367, 0.2432199493690669, 0.19320539481656365, 0.0639743501902838, 0.19944792821926136, 0.13368011231647225, 0.13529809729189077, 0.18360284436396093, 0.09679366888682561, 0.15581175855648505, 0.14130445850465842, 0.07313066603320573, 0.20631618288250883, 0.18343975204668536, 0.19238673899947237, 0.10257338175247044, 0.09307269161503372, 0.1600641614187877, 0.21541954439408736, 0.17434084938971095, 0.15849763638831052, 0.16056509446706033, 0.26793354218873494, 0.16352337950110568, 0.08908068006483166, 0.16461265386756527, 0.17283497427201433, 0.1930360792959308, 0.1397894366302011, 0.11413680609247466, 0.09934704596210371, 0.17969392366764939, 0.2034801862581385, 0.15481200824894506, 0.10313562974973634, 0.139237013977251, 0.13318237729789778, 0.11789046034336054, 0.20435213468786437, 0.1661330311568075, 0.11542377895659606, 0.13486608546510823, 0.09954969604137938, 0.1572021210311308, 0.06367128956742575, 0.1069958305266313, 0.14873277499428214, 0.165465528199043, 0.1329921152797795, 0.20616938012297825, 0.21599990403375016, 0.152054798695433, 0.13059819179599305, 0.22115886226081063, 0.16585698942076743, 0.18758386661696788, 0.1057591379046983, 0.09125110485503633, 0.17051937371460982, 0.21291947416955115, 0.17067541609641698, 0.20409375775550617, 0.23304362165899875, 0.07593058375951312, 0.11317533683512326, 0.17358478907870456, 0.17906232823269466, 0.16149377937177894, 0.12748000482395436, 0.16202211917120754, 0.1218959154514571, 0.13466863650075, 0.22200218102272398, 0.17428845330059964, 0.20544798049337676, 0.05276504052732232, 0.2048093708365232, 0.17880200918285905, 0.14823482731201668, 0.18553150189160686, 0.19772150568647914, 0.10287393249404514, 0.1509996376953817, 0.10319666401004983, 0.17058056655865036, 0.16019272762811712, 0.1857265552298668, 0.2419203792730332, 0.18734901309630922, 0.16319868952898078, 0.07358414829137569, 0.10392222214988156, 0.11140229867092731, 0.2122616373194136, 0.18437780169479023, 0.11896265236897798, 0.1451194215275595, 0.18353453489322843, 0.15790752536407124, 0.18297429659051898, 0.14690461287307047, 0.2726393580754877, 0.18536184579218876, 0.15158683980150436, 0.1668679780113607, 0.1867807467451982, 0.12920714179640433, 0.16480342905520226, 0.11196528307583027, 0.21407007796834854, 0.1450538278361818, 0.14215233058381974, 0.09964800992539763, 0.1368125161126631, 0.18656044059532295, 0.15471286071294885, 0.15003360228044835, 0.15336993208769467, 0.16476993750410826, 0.18990878967087088, 0.20231972499532258, 0.09251301151128043, 0.13190558916678943, 0.12542003253922224, 0.09256783785730215, 0.16468104217366142, 0.18602596923249334, 0.2067031382846247, 0.17224267798044987, 0.2014981737909027, 0.09028121953697499, 0.11942387352757187, 0.1750259298191161, 0.19264019947527466, 0.1450427766441613, 0.1843934573719771, 0.15433090733612118, 0.16214622037645318, 0.2249740170840059, 0.15896966394361556, 0.18609148980132725, 0.22978581544805116, 0.0850943852038513, 0.19347162276540433, 0.14154527469529612, 0.16545234803760048, 0.12085295164033776, 0.12708259304530198, 0.11429032427753655, 0.1026773244315986, 0.11831121618428847, 0.16037755268635587, 0.11549400903943498, 0.1693257798663054, 0.19195667567236363, 0.19212002235172623, 0.15562922778444563, 0.14621691123795835, 0.2243429477298019, 0.03494019790285762, 0.20147316890900643, 0.2062761724689267, 0.22798323564515174, 0.16403796969180182, 0.13930377406631275, 0.13927364409569545, 0.16459392066450182, 0.120159326613974, 0.1396626410724112, 0.17407057111554083, 0.14946805669739793, 0.19695963493718005, 0.17930530491477645, 0.15841360230365864, 0.1789262607521447, 0.16756436228149832, 0.18552417288010473, 0.20991939745638266, 0.19519847731185028, 0.13401024445399548, 0.15846867743745982, 0.1862917772883153, 0.08849580650480887, 0.19373026979579924, 0.14330052273831503, 0.24087319073749772, 0.25827951201982163, 0.13090947086444008, 0.1352725614118583, 0.2761966735617109, 0.15411176684217767, 0.11320554130760736, 0.1967536878705418, 0.11930078168297492, 0.1723283536084228, 0.17415827931282815, 0.17293859498627384, 0.1691597911698124, 0.16124553989932972, 0.12257732387089852, 0.17000092716156878, 0.12121879129973157, 0.1912249112108917, 0.1762330496594496, 0.1734601540680961, 0.23844246414003248, 0.22756212941963147, 0.2153191335741147, 0.15590888348397877, 0.14986033623675382, 0.1345438838982824, 0.2251793027701604, 0.20530385786914032, 0.1834305434277337, 0.10620632339714191, 0.13506420250119375, 0.22298732962844925, 0.1399627481863135, 0.12070315335115556, 0.13795109391907248, 0.07274842773252099, 0.08616665922189622, 0.09065108885885004, 0.1686799607636548, 0.1612552183313578, 0.11644348057455224, 0.16598597703712373, 0.16807958518654872, 0.11628278028505025, 0.18833786009917078, 0.16692281855600533, 0.21956966770234213, 0.11736271531062965, 0.11553079896903141, 0.19076066186001905, 0.17185934357340427, 0.21287885553315708, 0.1257857157261489, 0.16973514693743472, 0.1845901808214104, 0.20299529798005386, 0.14004797011556983, 0.10844105006988917, 0.15851809037657413, 0.08781582226935634, 0.15814281592831073, 0.11249274548667466, 0.11167886160924738, 0.1341086107624307, 0.18935710224088279, 0.19688920812570299, 0.2699047100707724, 0.19771295641921993, 0.19089673605196342, 0.21867102134570085, 0.06202146469052607, 0.11253784147880201, 0.17486397418464175, 0.21349521670907015, 0.18262725025795282, 0.13753357625169924, 0.11046776302869861, 0.1595283972034834, 0.14195200224692775, 0.0695598822466101, 0.17958104360492289, 0.20469579082488268, 0.2079935709791579, 0.2009212070591279, 0.10916974532163944, 0.10341631311104925, 0.07298267274537748, 0.16223890485876613, 0.2110920559273847, 0.14347042654439288, 0.15454245618948617, 0.16770978942018688, 0.15160676997605615, 0.22491605292475025, 0.09713873036959352, 0.19843757524686642, 0.13065319628994032, 0.12692967016340992, 0.2145162546199332, 0.19070298222407578, 0.14867271024617915, 0.2519453780380168, 0.16255775866224467], "avg_pos_deviation": 0.15964656155899545, "pos_deviation_std_dev": 0.04377291762453267, "sum_rot_deviation": 279.59951427133274,