{"sum_size_of_clusters": 745, "all_cluster_sizes": [3, 4, 3, 4, 4, 3, 4, 3, 3, 4, 4, 3, 5, 3, 3, 3, 5, 3, 3, 3, 3, 3, 5, 3, 3, 3, 3, 3, 3, 3, 3, 4, 3, 4, 3, 3, 3, 3, 4, 3, 3, 3, 3, 3, 3, 3, 4, 3, 3, 3, 3, 3, 3, 3, 3, 3, 3, 3, 3, 3, 3, 3, 3, 4, 3, 3, 3, 3, 3, 3, 3, 3, 4, 3, 3, 3, 3, 4, 3, 3, 3, 3, 3, 3, 4, 3, 3, 3, 3, 4, 3, 4, 3, 4, 3, 3, 3, 3, 3, 3, 3, 3, 3, 3, 3, 3, 3, 3, 3, 3, 3, 3, 3, 3, 3, 3, 3, 3, 4, 3, 3, 3, 3, 3, 4, 3, 3, 3, 3, 3, 3, 3, 3, 3, 4, 3, 4, 3, 3, 3, 4, 3, 3, 4, 3, 3, 3, 3, 3, 3, 3, 3, 4, 3, 3, 3, 3, 3, 3, 4, 3, 4, 3, 3, 3, 3, 3, 3, 4, 4, 5, 4, 3, 3, 3, 3, 3, 3, 3, 3, 3, 3, 3, 3, 3, 3, 3, 3, 3, 4, 3, 3, 3, 3, 4, 3, 4, 3, 4, 3, 3, 3, 3, 3, 3, 3, 3, 3, 3, 3, 3, 3, 3, 3, 3, 4, 4, 3, 3, 3, 3, 4, 3, 3, 3, 4, 4, 3, 3, 3, 3, 3, 3], "cluster_size_std_dev": 0.4400159427735815, "avg_cluster_size": 3.1974248927038627, "total_nr_of_clusters": 233, "sum_pos_deviation": 38.83579349018177, "all_pos_deviations": [0.08169664099526577, 0.2255452242085052, 0.1359830118283021, 0.14500146342636308, 0.18412537685237437, 0.08903890384591127, 0.18280355617297964, 0.09761386146094558, 0.19082204659164081, 0.17173790695629074, 0.188692110393504, 0.22991309799857285, 0.15407171393713448, 0.2098537447204091, 0.16073631050538473, 0.1290657018079464, 0.24310411127673603, 0.13532152395298788, 0.22487841810228226, 0.19709407463704412, 0.14203388970227734, 0.12922839949449125, 0.25852818453407844, 0.16561721833780174, 0.13674608705886096, 0.2220329504683403, 0.22635866016973236, 0.14448947643711663, 0.1391573980107901, 0.1968221826574358, 0.20202392448308773, 0.22407541515813548, 0.1683628294078948, 0.18496946545326545, 0.1747067581784976, 0.17696251950636768, 0.0860733845961334, 0.17967633036786776, 0.21995015927379472, 0.12000693438299416, 0.14527360007400061, 0.18000435439601373, 0.2013869278600272, 0.17094963521858275, 0.05619648064275493, 0.12729474728876425, 0.24299206583440783, 0.21379344000340658, 0.21898854560629213, 0.23551885365928407, 0.23734400609874826, 0.1853159236255992, 0.18065282585415277, 0.10481620782270003, 0.1006040433819474, 0.13011430269559146, 0.17058694687552942, 0.24183021075338754, 0.17706184643333547, 0.17795533756163437, 0.15515215127613788, 0.06526400868735957, 0.09875418576781168, 0.1957527095806806, 0.19228415121429399, 0.21621294124849574, 0.10192769453736461, 0.15162976666041503, 0.21031634938130614, 0.07388217597053116, 0.15596831107303247, 0.1318035592936855, 0.20095223540203386, 0.1472144002683424, 0.07278874075774246, 0.22040148065503093, 0.07048796814262506, 0.19186906649477883, 0.1438041152648829, 0.1542314665527854, 0.15991655469912472, 0.13591986456365893, 0.19781001378429855, 0.11212501821926041, 0.2557601952392253, 0.2005351093818366, 0.17562495233259964, 0.13305742291450376, 0.11440746981686128, 0.24286275232925905, 0.20244149834292735, 0.21654495850249642, 0.17521859788253924, 0.17926439949212133, 0.04211937188866924, 0.21041258979725463, 0.14877012370753462, 0.2371771392450397, 0.2351023736417027, 0.18026368195870157, 0.05100552378371828, 0.20998403096410675, 0.15015308893517218, 0.1305891544266278, 0.1991212881202421, 0.1977160396648013, 0.2251749875481933, 0.15163276400659276, 0.12441575712217952, 0.1526615677572275, 0.16786556639884598, 0.09769070434262424, 0.18663724774417037, 0.15028799242334692, 0.10117549118589268, 0.17050289350539083, 0.2161213426982528, 0.11821365585013395, 0.21587704833690627, 0.18134656305292696, 0.057201143695513906, 0.1416597241604322, 0.16864502937010858, 0.1668779224446638, 0.1506815814763053, 0.18854702877936855, 0.19121339658332784, 0.19738003365267842, 0.17917680745305753, 0.13883630845328565, 0.1387519084767209, 0.23112302291294698, 0.0982523679049364, 0.09861924068861382, 0.14329754252950708, 0.2219876090550659, 0.1291922522510762, 0.1895788259857938, 0.05290223392762886, 0.10292161597401983, 0.20082888023219359, 0.16134897074601443, 0.15949828155282503, 0.17340856245893096, 0.07258447364706991, 0.16085504632753742, 0.133848330052281, 0.16795237524394926, 0.14945268561752065, 0.18468685971331292, 0.13622390508795926, 0.1549254698155502, 0.1526518537942286, 0.1760764932657719, 0.07286635454282682, 0.22647681939657538, 0.11637746610288315, 0.15343783259709254, 0.15846299692618854, 0.17861720897910907, 0.17323719416094766, 0.1695734612126911, 0.15039233503697103, 0.1425928445703672, 0.23483290326868078, 0.1681746310057942, 0.1967395582158238, 0.14974130917258302, 0.26487216148641984, 0.21743572682329282, 0.23415394823860627, 0.19590991593751486, 0.16424220149623744, 0.10703462967926401, 0.21438454662973153, 0.08398257336350735, 0.21614445023233128, 0.18479964084872433, 0.16634177719307094, 0.12215045671428, 0.15448729341498232, 0.17735483793768728, 0.20803583053076594, 0.2324148586285967, 0.18396330097418614, 0.13853055634157657, 0.17925149896459522, 0.06935359886549515, 0.158187314105147, 0.1753139315059181, 0.1410507618306465, 0.0692788028438686, 0.2466048917496021, 0.1951142833582452, 0.21090600875134702, 0.16696144914995478, 0.18510945154288447, 0.2255730274935246, 0.11460136359416868, 0.08954643860758071, 0.1093686810955939, 0.1858164908565202, 0.13342245049947635, 0.10891015059504855, 0.21102944139815316, 0.17385164000421469, 0.16328006888232066, 0.14251092391367234, 0.15054605446058908, 0.15195692661596025, 0.17874279175320873, 0.15250994698353657, 0.1688526698178109, 0.15951863819992562, 0.18359217546899784, 0.17376943452663748, 0.28222934880006306, 0.1846229832579196, 0.1408364064990286, 0.1867179614447142, 0.22663659969531413, 0.17237317493914375, 0.09932186060866571, 0.16994263561603626, 0.17127029131258023, 0.24006093011578886, 0.233917267645299, 0.22974883083046324, 0.1303754561804469, 0.19797724202929057, 0.18934251210643596, 0.18666286077803332, 0.21247087302639167], "avg_pos_deviation": 0.1666772252797501, "pos_deviation_std_dev": 0.0470739134815557, "sum_rot_deviation": 201.56043696874607,