{"sum_size_of_clusters": 837, "all_cluster_sizes": [3, 3, 3, 4, 3, 3, 3, 4, 4, 4, 3, 3, 3, 3, 3, 3, 5, 3, 6, 4, 6, 4, 3, 3, 3, 3, 4, 3, 3, 4, 3, 3, 3, 3, 3, 3, 3, 4, 3, 4, 5, 3, 3, 4, 3, 3, 4, 3, 4, 3, 3, 3, 3, 3, 3, 3, 3, 3, 3, 3, 3, 3, 3, 3, 3, 3, 4, 3, 3, 3, 3, 3, 3, 4, 3, 3, 3, 3, 3, 4, 4, 3, 4, 3, 3, 3, 3, 4, 3, 3, 3, 3, 3, 3, 4, 3, 3, 3, 3, 4, 3, 3, 3, 3, 3, 3, 3, 3, 4, 3, 3, 7, 4, 4, 4, 3, 3, 3, 3, 3, 3, 3, 3, 3, 3, 4, 3, 4, 3, 3, 3, 3, 3, 3, 3, 3, 3, 5, 3, 4, 3, 3, 3, 4, 4, 3, 3, 3, 3, 3, 3, 3, 4, 3, 3, 3, 3, 3, 3, 3, 3, 3, 3, 3, 4, 5, 3, 4, 3, 3, 3, 3, 3, 3, 3, 3, 3, 3, 3, 3, 4, 4, 4, 3, 3, 3, 4, 3, 4, 5, 3, 3, 3, 3, 3, 3, 4, 3, 3, 3, 4, 3, 4, 3, 3, 3, 3, 4, 4, 3, 4, 3, 3, 3, 3, 3, 3, 3, 3, 4, 3, 3, 3, 3, 4, 3, 3, 3, 5, 3, 3, 3, 3, 3, 3, 3, 3, 3, 3, 3, 3, 5, 3, 4, 3, 3, 3, 4, 3, 3, 3, 3, 3, 3, 3], "cluster_size_std_dev": 0.594166485044366, "avg_cluster_size": 3.2823529411764705, "total_nr_of_clusters": 255, "sum_pos_deviation": 42.52153266546573, "all_pos_deviations": [0.0795547977657489, 0.14962737885109992, 0.12321897712850072, 0.1269045140895741, 0.24487782000530248, 0.19584719406739892, 0.22723614713959214, 0.14885468887287226, 0.2455601353165997, 0.18711959139035592, 0.17066429995670873, 0.15842345237997002, 0.2184031069754827, 0.15183842293779212, 0.11866648211674304, 0.20107135174749705, 0.17771518462340613, 0.2073016858985617, 0.26262203523900285, 0.10410658322863359, 0.2273223318702344, 0.14846991572301757, 0.1086657964542253, 0.14394545661270428, 0.2137734740603723, 0.11628821886191461, 0.14381388135284182, 0.11628821886191297, 0.17442899017797284, 0.22138397291031853, 0.16332396715965372, 0.18309086773792158, 0.12592242102941073, 0.2122997513034485, 0.16943500642218337, 0.19324731680651966, 0.17876230302838483, 0.1991357035637705, 0.18034983663014448, 0.17777679028058893, 0.16946528056907237, 0.24703856463347384, 0.15463439527734796, 0.21153508899647752, 0.20380650235580822, 0.18306130117505123, 0.2584582910297601, 0.11622744102952158, 0.2699481922938212, 0.19333329584490797, 0.04170505084611583, 0.19446207808535354, 0.13753916631727203, 0.17634678860206532, 0.15320197325397122, 0.17782412266390726, 0.16226599343249568, 0.245705350876424, 0.08882961325818885, 0.2269751047153319, 0.12929666041798585, 0.2262198729037118, 0.2142692579979004, 0.20082955683485673, 0.19391976321931229, 0.17799172633160779, 0.1767870717602387, 0.20403205803013594, 0.09190261801757572, 0.15261971259364973, 0.1331174659779201, 0.20424625203527416, 0.22925488698274055, 0.1875324868446228, 0.09020338773916714, 0.2231045675852916, 0.1331964620604917, 0.193371299476691, 0.15483240764164305, 0.20487407232589208, 0.1948033487438046, 0.22345924139407977, 0.15842249909923614, 0.0999610951794826, 0.12238202522818731, 0.13583255927712715, 0.1948394526864529, 0.25760686156332785, 0.14818461980920408, 0.08464531478908094, 0.08830643014968143, 0.2289872139383429, 0.20903847295844138, 0.2053547770587835, 0.08824109123266459, 0.21979714122663208, 0.1080226249695103, 0.04081642002540878, 0.1507099131695003, 0.16495501539786797, 0.0820246239780814, 0.12883534167705582, 0.19002952055489666, 0.2185473519110482, 0.19936882991786098, 0.1876832728406768, 0.17858823162536808, 0.1706857944953267, 0.21297875665474994, 0.2077730969236092, 0.18842641407073446, 0.2837622672611997, 0.13437027084318776, 0.15606625957731288, 0.260456832340384, 0.12374155171881628, 0.2230997911127832, 0.10859705314140844, 0.10492518285830381, 0.160546589319674, 0.09685267456071926, 0.15503895701048512, 0.1904682656772484, 0.15320682636293992, 0.15490976570014145, 0.23045715024931854, 0.08077891601088422, 0.19362601050891826, 0.13052782528432932, 0.15155917068455785, 0.1318716123467091, 0.18592081682606543, 0.10075232074839069, 0.17571318346639633, 0.22041806717005705, 0.14106494124169736, 0.15930930666358298, 0.19773104884445072, 0.15808319319550246, 0.21986467723556025, 0.17085227551087287, 0.20003359351688121, 0.12016792540625187, 0.1847094827528359, 0.2162559123290372, 0.10409487508426746, 0.14026640227388154, 0.12069482186401963, 0.19205144543731958, 0.15599568952786402, 0.2517622396671624, 0.20371370399373168, 0.14541650746265145, 0.14596301428096745, 0.10887401361971533, 0.19712912233428936, 0.20412836575926077, 0.22904533712936015, 0.1236404443249567, 0.1685691534975036, 0.17300694743601994, 0.11498428685933786, 0.22327377295324388, 0.11095398109559525, 0.16153195002725637, 0.26164435199421265, 0.15425657373128723, 0.19330702447769044, 0.18777996398530658, 0.16837385058335352, 0.06237681142621388, 0.15069832179860454, 0.20432764657681227, 0.07160433252781283, 0.11245323110637252, 0.20049640581849515, 0.11723824075670804, 0.12196692947061637, 0.2361043977764908, 0.15847800474563759, 0.1454255534390924, 0.16096480760899232, 0.19759496954491165, 0.17055028779270695, 0.1163508258480755, 0.16222492915984674, 0.17442950542925706, 0.15956038019302507, 0.16992808953229352, 0.14580205306283883, 0.10438192215657714, 0.1636504104928723, 0.1395645911596971, 0.1794425726360506, 0.1473317231535531, 0.21850232866381444, 0.19518080463954834, 0.2461664495113195, 0.19733719221562018, 0.14719210929586038, 0.1295544807691273, 0.14383442674437533, 0.12013001204588415, 0.13595267423943228, 0.17857066080660755, 0.07576909230722902, 0.12409319662488671, 0.1724473752290364, 0.1659247636798364, 0.19669288130271143, 0.29512836025151123, 0.21721143649889865, 0.1684457852064074, 0.13003809591648133, 0.13170927455984027, 0.11681324243858617, 0.16928001385209288, 0.035179188807591716, 0.15590792681374283, 0.12592543222000027, 0.12755819261519633, 0.18255885535858152, 0.19247979713327587, 0.18877640509509655, 0.20091222483385032, 0.1798359175146992, 0.18543708860876282, 0.13674767411789837, 0.2480080822531044, 0.13073483815141163, 0.1677643317196745, 0.15524864995765766, 0.19664538816343932, 0.06537014952549604, 0.16514905940525978, 0.12056762909013315, 0.11236944753105181, 0.1796167738736303, 0.13826282537002696, 0.20379156802311982, 0.12044341641281886, 0.2714314158549837, 0.14149501069334955, 0.1677848668981324, 0.1779766788853836, 0.2183177477268867, 0.10560972373910786, 0.2193121801205217, 0.1515306931005664, 0.19543526675768222, 0.13107782684266622, 0.07990369748745724, 0.1324242131647828, 0.2045707986555164, 0.12364192089565056], "avg_pos_deviation": 0.16675110849202246, "pos_deviation_std_dev": 0.047463054859721826, "sum_rot_deviation": 231.9192295377293,