{"sum_size_of_clusters": 766, "all_cluster_sizes": [3, 3, 3, 3, 3, 3, 3, 4, 3, 3, 3, 3, 5, 4, 3, 3, 3, 3, 3, 3, 5, 3, 3, 3, 4, 3, 4, 3, 3, 3, 3, 3, 3, 3, 3, 3, 3, 3, 4, 3, 3, 3, 5, 4, 3, 3, 3, 4, 3, 3, 3, 3, 3, 3, 3, 3, 3, 3, 3, 3, 3, 3, 3, 4, 3, 3, 3, 3, 4, 3, 3, 3, 3, 3, 3, 3, 3, 4, 3, 4, 3, 3, 3, 3, 3, 3, 3, 3, 4, 6, 3, 3, 3, 4, 3, 4, 3, 3, 3, 3, 3, 3, 4, 4, 3, 3, 3, 3, 3, 3, 3, 4, 3, 3, 3, 3, 3, 3, 3, 3, 4, 3, 3, 3, 3, 4, 3, 3, 3, 3, 3, 4, 3, 3, 5, 3, 3, 3, 3, 3, 4, 3, 3, 3, 3, 4, 3, 3, 3, 3, 3, 3, 4, 3, 3, 3, 4, 3, 3, 3, 3, 4, 3, 3, 3, 5, 3, 3, 3, 3, 3, 3, 3, 3, 3, 3, 3, 3, 3, 3, 5, 4, 3, 3, 3, 3, 4, 3, 4, 4, 3, 3, 3, 3, 4, 4, 3, 3, 3, 3, 3, 5, 3, 3, 3, 3, 3, 3, 3, 3, 3, 3, 3, 4, 4, 3, 3, 4, 3, 3, 3, 3, 3, 3, 4, 5, 3, 3, 3, 5, 4, 3, 3, 4, 3, 3], "cluster_size_std_dev": 0.5369169780581375, "avg_cluster_size": 3.2457627118644066, "total_nr_of_clusters": 236, "sum_pos_deviation": 40.4315816615917, "all_pos_deviations": [0.11493260192826366, 0.14639357166040565, 0.18576164248737495, 0.15271226116352066, 0.158310938587868, 0.1962190934260495, 0.15563248370702618, 0.20855673833398422, 0.03457406381521723, 0.11693308624809595, 0.08125213684107647, 0.17455227617556998, 0.18099855513611401, 0.23525253978270497, 0.12875469213283283, 0.2311235359135443, 0.15295257619381272, 0.14474348136244766, 0.11722208208879248, 0.1087567335171317, 0.2911070150361837, 0.10980583228753753, 0.1625257745547017, 0.1575230165879832, 0.2094570625466515, 0.219794113661579, 0.20667315545467457, 0.2315357169415785, 0.19660683447975866, 0.18270158671084244, 0.1204590240645637, 0.14864165117555705, 0.1219361754841799, 0.034003575477299285, 0.1447014126777676, 0.1851556532524777, 0.16509581607943238, 0.20688945758092178, 0.19725952497906898, 0.14736631499094052, 0.11148421322411911, 0.1929025017599849, 0.15590584222154075, 0.20520968735672726, 0.24023057537667722, 0.19029486863734935, 0.14453898298149295, 0.20241970955461475, 0.10000737257120436, 0.14307944688506904, 0.16892183355882287, 0.12726452707805, 0.16490136080479995, 0.12725669888934915, 0.13257640543303542, 0.15044810086431734, 0.20511739792449413, 0.20510339649581796, 0.09850656419171984, 0.20665335264368012, 0.1493174628376331, 0.14876273913578694, 0.20580619180887375, 0.20481307852156094, 0.1252209529043319, 0.23463264013856322, 0.22349254586965595, 0.21766052579450548, 0.17704433873577305, 0.1639623135274201, 0.15835062423978508, 0.10131593950274054, 0.17028917799039386, 0.13652536688164654, 0.1595904020338104, 0.1615083021087585, 0.12875645884928025, 0.21550084302467865, 0.1733030043151315, 0.11115320899650194, 0.10365029332821805, 0.06921074576903302, 0.17302818618274132, 0.1938453161811575, 0.1282291753671953, 0.20455926234760505, 0.18022225817662596, 0.16403773696818777, 0.15721147423490395, 0.21327858722221243, 0.19891358634638387, 0.22427143350650414, 0.16959121385007458, 0.19425777819726076, 0.19078067470511828, 0.24151836130080426, 0.11598120111264211, 0.22229823056640172, 0.18167565928637977, 0.2048874113921031, 0.21527153444519578, 0.14239673292226598, 0.2286260591721426, 0.20075119107007966, 0.1801706544452859, 0.2437610994796464, 0.2093144245132276, 0.14982176587684823, 0.1443979544691493, 0.1309663202004948, 0.20481708457759926, 0.2463483628688504, 0.18270454286089147, 0.1555202895656842, 0.17599074751686813, 0.10689516676908095, 0.07073093498557058, 0.07968561172300748, 0.21459847625745276, 0.12128690857452123, 0.21701445780501052, 0.17304918573414332, 0.1572343791377163, 0.1680455586377723, 0.15256260065948898, 0.22474085433937016, 0.2269165430304705, 0.08093349025176201, 0.20853118879175672, 0.14474841717895928, 0.2089126948973711, 0.2876512912858486, 0.11220035481056251, 0.15671017623373593, 0.25937985171917416, 0.14314551776809317, 0.13685777618454317, 0.12002813029342814, 0.14126461060758602, 0.10971478749712467, 0.23628635855671465, 0.16720164285841232, 0.14578790119806626, 0.16083448324609717, 0.12522670114497467, 0.21210274129264453, 0.1350016105374375, 0.15315935682285864, 0.18890123457798472, 0.07164442799045816, 0.2384841020006209, 0.10706488830898442, 0.2145737725740069, 0.1602555335506947, 0.1748365918635645, 0.12032611186062438, 0.24180762135119294, 0.1409918651332144, 0.19555859268761167, 0.12158516928211005, 0.22019902893381835, 0.13385539549866635, 0.21971772021880986, 0.1746303873656507, 0.2572604184614998, 0.2543259601461271, 0.20960293648006334, 0.15101969545493318, 0.1599600170795065, 0.14833472317969534, 0.1754853605603113, 0.14699041915798924, 0.22142099050049854, 0.1943686577716637, 0.20234028497261103, 0.16342241393032314, 0.16720206346884167, 0.15281390176594256, 0.08007021311322965, 0.19298235988409407, 0.34351131444240257, 0.22153971018104088, 0.22878079995266642, 0.1846645245089641, 0.24578763100652432, 0.20182154293687135, 0.22684122361060713, 0.19730955355716248, 0.18974849555260698, 0.15245863403508364, 0.16860439934920235, 0.13281122515073135, 0.13776081534632037, 0.14442986278945968, 0.19086234915847922, 0.165287542265454, 0.14337752420190764, 0.06633085698667195, 0.12583063495068425, 0.1960800124990608, 0.16484769701770496, 0.18350087013586736, 0.12447519723956409, 0.1572823989450637, 0.22495493120334112, 0.16520249826020925, 0.14439151277360482, 0.06604380780353421, 0.19070196433421063, 0.14396779701357562, 0.17194640764168792, 0.23291521682962016, 0.1511794622237189, 0.21676917223440562, 0.20264483104382117, 0.17512057859642519, 0.19896577498562182, 0.20373194006908188, 0.16477368609374965, 0.19671426140564996, 0.0854647754123537, 0.17284869338333175, 0.2149631608777519, 0.18667727156677105, 0.19247015357089112, 0.22283264535801175, 0.1646946099715541, 0.08799467733761318, 0.20011253616462535, 0.2652165714654855, 0.1256037259346223, 0.23753923383450568, 0.16387300130968616, 0.22540130732990804, 0.11673559844813959, 0.21770231111700075], "avg_pos_deviation": 0.17132026127793093, "pos_deviation_std_dev": 0.0474662045199019, "sum_rot_deviation": 213.22556546587663,