{"sum_size_of_clusters": 834, "all_cluster_sizes": [3, 4, 5, 3, 5, 3, 3, 3, 3, 3, 4, 3, 3, 3, 4, 3, 3, 3, 3, 3, 4, 3, 3, 4, 3, 3, 4, 4, 3, 3, 3, 3, 3, 3, 5, 3, 3, 3, 3, 3, 3, 3, 4, 3, 3, 3, 3, 3, 3, 3, 3, 3, 3, 3, 3, 5, 3, 3, 3, 3, 3, 3, 3, 3, 3, 3, 3, 3, 3, 3, 3, 3, 3, 3, 3, 3, 3, 5, 3, 3, 3, 3, 3, 3, 3, 3, 3, 3, 3, 4, 3, 3, 3, 3, 4, 3, 3, 4, 4, 3, 3, 3, 3, 3, 3, 3, 3, 3, 3, 3, 3, 3, 3, 3, 3, 3, 3, 3, 3, 3, 3, 3, 5, 3, 3, 3, 3, 3, 5, 4, 3, 3, 5, 3, 3, 3, 3, 3, 3, 4, 3, 3, 3, 3, 3, 3, 3, 3, 3, 4, 3, 4, 4, 3, 3, 5, 3, 3, 3, 4, 3, 3, 3, 3, 5, 3, 3, 3, 3, 3, 3, 3, 3, 3, 3, 3, 3, 3, 3, 3, 3, 3, 3, 3, 3, 3, 3, 3, 3, 3, 3, 3, 3, 4, 4, 5, 3, 3, 3, 3, 3, 3, 3, 3, 5, 5, 3, 3, 3, 3, 3, 3, 4, 3, 3, 3, 3, 3, 3, 3, 3, 3, 4, 3, 3, 3, 3, 3, 3, 3, 3, 3, 3, 3, 3, 4, 3, 3, 3, 3, 3, 3, 3, 4, 3, 3, 3, 3, 3, 5, 3, 4, 3, 3, 3, 3, 4, 3, 3, 3], "cluster_size_std_dev": 0.5227807124403819, "avg_cluster_size": 3.207692307692308, "total_nr_of_clusters": 260, "sum_pos_deviation": 43.30483000402001, "all_pos_deviations": [0.16872740889215146, 0.1311933951765993, 0.22637271226015604, 0.16785902136059616, 0.18738618941329216, 0.18346592227830225, 0.17242523231721704, 0.21013152330093496, 0.10752117467373257, 0.1442619679983904, 0.19591531846622545, 0.2202895193330295, 0.14806409454318542, 0.10864858312733287, 0.2025689172070233, 0.10157086951762588, 0.03701565410578945, 0.10942467110819991, 0.12235953438019492, 0.19462231943943, 0.19699528129005836, 0.20203575968013618, 0.1995824505750093, 0.17397667947324605, 0.0723901909125375, 0.15051524153526966, 0.20002572208118477, 0.24161684467350766, 0.17723009823799593, 0.11032756145957341, 0.10156342904938648, 0.18089377944098664, 0.1662232091088168, 0.13878505573676406, 0.23076638087689005, 0.1952697820353477, 0.17790985219514976, 0.08693789440664172, 0.20222603863288832, 0.21052441385465662, 0.11644875892190458, 0.14209993540201724, 0.18885461309215534, 0.1352019744649169, 0.2558316097718302, 0.10297581558574281, 0.13618058369728256, 0.20683375923406855, 0.22994173891998507, 0.16466225009335048, 0.18377758243875708, 0.22778903880867607, 0.1871201131526309, 0.1242617796448771, 0.08551392331194792, 0.22249226132868333, 0.14695524340502103, 0.22629620021542907, 0.06947397992073633, 0.141563779914982, 0.16952840440458186, 0.18014137197853597, 0.05442701598579763, 0.2338563929899923, 0.2087417487115507, 0.14364602024029685, 0.19934720062479802, 0.16311687698969107, 0.15151541665079535, 0.17575731414974138, 0.16065969271040964, 0.1577958506756596, 0.1325505841771798, 0.15132029867930433, 0.2429386698276331, 0.15376469349692812, 0.2300537699015203, 0.14758953869538727, 0.18381886772797343, 0.19207018156306377, 0.10792986691994133, 0.11100740248340198, 0.0829234720118271, 0.18315895301475868, 0.21482472929504595, 0.18066401178776662, 0.21037709932828397, 0.16994075461265923, 0.1420115202078244, 0.24952032474770544, 0.13684720823633778, 0.11016784248408784, 0.21810006859259898, 0.12647304867193687, 0.20770994294532144, 0.14826226793717223, 0.10180194020961995, 0.1730754148211799, 0.19794746723606438, 0.1993076619158507, 0.12667758691250486, 0.17737902394015173, 0.19235236700394245, 0.1731260727705192, 0.21154297300180555, 0.14640766838306662, 0.20381359614500882, 0.16063736571990125, 0.055001504272190894, 0.23004059750881836, 0.17326662884434538, 0.1707259133657676, 0.12753685350132377, 0.1767613049849617, 0.1506925768609279, 0.17881416684201357, 0.1183286902635709, 0.21541947565802375, 0.14328406221560117, 0.16759031902972132, 0.1715855093429385, 0.1532565903186616, 0.21698124748103295, 0.2060981579737532, 0.16789968227633226, 0.21351936711455208, 0.18571356978406187, 0.1749295377908012, 0.23109182222851915, 0.20796282247119002, 0.19860301592076635, 0.14841607893730055, 0.26760416078239535, 0.14801198622582154, 0.17546779835454843, 0.21942639205676964, 0.14130146777068092, 0.18019042413013797, 0.15019599761732536, 0.1371531524310943, 0.22866130577628008, 0.10957625337876768, 0.20794314203999234, 0.16939876397596873, 0.15916324172157484, 0.07184269462732708, 0.16648082305491504, 0.20721773943942892, 0.15183544381226116, 0.22946223340794478, 0.19707245677545984, 0.14173361750529964, 0.12902329946979393, 0.2147048198743032, 0.17091681252377192, 0.17590635927966974, 0.17337350248425643, 0.1514813656460864, 0.13015331790494908, 0.2003658948974817, 0.2332319777460552, 0.11957680802192822, 0.17625000298698126, 0.15468442229925358, 0.21641586981266436, 0.13730556086460813, 0.15197634974107319, 0.2071118376424814, 0.21825356309998187, 0.07518971143284463, 0.12376063807738345, 0.20157960833301058, 0.11052376212424715, 0.20436909957540553, 0.1367584950613512, 0.20689716553262114, 0.16577760730975, 0.16344854331847528, 0.15789044096153176, 0.18532785079830885, 0.1669592005410561, 0.14920085868638172, 0.13887050430720213, 0.14046750843032427, 0.15754782709159484, 0.11899769553784843, 0.13778083928318005, 0.15210951211810722, 0.16246323317745948, 0.15692311979030768, 0.19567863598383237, 0.1755625323061731, 0.2332195603152151, 0.19426250462761865, 0.2227837938389213, 0.24015897322543417, 0.1459262311545066, 0.23596033249524265, 0.21208714525853353, 0.13255662013802658, 0.07333324952002555, 0.19941457652120717, 0.19266971924301832, 0.19547554451388202, 0.2068942564671789, 0.2031661530606391, 0.2274554871492467, 0.14364045888914698, 0.17605769397942064, 0.09467648218540754, 0.12749427939820182, 0.14291260458837862, 0.13540849395225066, 0.12382193231902182, 0.20723845663901255, 0.15547457212646817, 0.12734491801624767, 0.10084782046680905, 0.15440041234163002, 0.14591015042664093, 0.18253721587646346, 0.15651969264322116, 0.1037622321234833, 0.1222969205154341, 0.19196328818453448, 0.20292570616022776, 0.14102631170690463, 0.2045041349944674, 0.1656418670100895, 0.18940875096487295, 0.10658196295514133, 0.10574367507315265, 0.11087222763487907, 0.17763368268700672, 0.16637927812717532, 0.1744157488231706, 0.1575433744271564, 0.18342171225728965, 0.16527577942858937, 0.2237859986069707, 0.20921959995235884, 0.15741855525802678, 0.2209695687580114, 0.22425980153360117, 0.1135152237345679, 0.1813878070489132, 0.16324860642566155, 0.20902086525642072, 0.08685579604503883, 0.22594497055438806, 0.13958488202902677, 0.19176670021109488, 0.12679664398465865, 0.07589313850646577, 0.06582856164102718, 0.1792703168620425, 0.1977810666259253, 0.08155739750494766, 0.23260245789231868, 0.10447912019548344], "avg_pos_deviation": 0.16655703847700004, "pos_deviation_std_dev": 0.04372448478455662, "sum_rot_deviation": 234.11494958974336,