{"sum_size_of_clusters": 555, "all_cluster_sizes": [3, 3, 5, 3, 3, 3, 4, 3, 3, 3, 3, 4, 3, 3, 4, 3, 3, 3, 3, 3, 4, 4, 3, 3, 3, 4, 3, 3, 3, 3, 3, 3, 3, 3, 3, 3, 3, 3, 3, 3, 3, 3, 3, 3, 3, 4, 3, 3, 3, 4, 3, 3, 3, 3, 3, 3, 3, 4, 5, 3, 3, 3, 3, 5, 3, 3, 3, 3, 3, 4, 4, 4, 3, 3, 3, 3, 3, 5, 3, 3, 3, 3, 4, 3, 4, 3, 4, 3, 3, 3, 4, 3, 3, 3, 3, 3, 3, 3, 3, 3, 3, 3, 3, 3, 3, 3, 3, 3, 3, 3, 3, 3, 4, 3, 3, 3, 3, 3, 3, 5, 3, 3, 3, 3, 3, 3, 3, 4, 3, 4, 3, 5, 3, 3, 3, 3, 4, 3, 3, 3, 4, 3, 3, 4, 3, 3, 3, 3, 4, 3, 3, 4, 3, 3, 3, 4, 3, 3, 4, 3, 4, 3, 3, 3, 3, 3, 3, 3, 3, 3, 3, 3], "cluster_size_std_dev": 0.4965199167644517, "avg_cluster_size": 3.2267441860465116, "total_nr_of_clusters": 172, "sum_pos_deviation": 28.391835007586813, "all_pos_deviations": [0.1724718054337179, 0.20375861070952248, 0.27133112570855084, 0.1822824769245787, 0.19607826112368024, 0.23453140349797774, 0.25116345086632436, 0.20281848925625587, 0.08074133616457717, 0.11211860905171757, 0.24727191647576827, 0.238490351169201, 0.09667509075363984, 0.08896120528893975, 0.1912561669994928, 0.10523147538397927, 0.1848982509404787, 0.13222756913340097, 0.12529547937453225, 0.11321489546307521, 0.13608472044281364, 0.14343057758488353, 0.09029181955897402, 0.18794913676174715, 0.16050116628243435, 0.18400306307953843, 0.18397929421859147, 0.11364547225396515, 0.17325774507916228, 0.20324209528072182, 0.12905898037785538, 0.15170871624975638, 0.12041963470666185, 0.1269783795033179, 0.15676769244848912, 0.22043206025107542, 0.14659857296284495, 0.16092383502061283, 0.22436864264840906, 0.1289714045401882, 0.08334427122931881, 0.1861593000283974, 0.18737318657343557, 0.24662806738235998, 0.18577796403179644, 0.18852525880683058, 0.19031081424541144, 0.11988941844046418, 0.13237052494588827, 0.18023201020074608, 0.16914933368282203, 0.16180602418737058, 0.09613069077887515, 0.09209462064097701, 0.12894477592600748, 0.14228561603810055, 0.16167442313138555, 0.1850593437667618, 0.1772656736684159, 0.09115652886602867, 0.162382481287843, 0.19968882349419015, 0.17902581401065168, 0.25264206283818713, 0.08114415271849056, 0.21324071123051402, 0.1538095364997055, 0.23316830950957568, 0.1681209867025338, 0.1964252933808047, 0.16047434451769463, 0.12842005567238646, 0.18119113264715078, 0.17049840384501866, 0.12810272841871925, 0.1374454124751985, 0.13248515117247942, 0.21519510649518442, 0.14534198452838976, 0.22656775158792866, 0.11590102032793774, 0.2156850290388054, 0.15815802668033163, 0.2189416169143572, 0.16650401760305455, 0.19049796917956419, 0.18598296284931473, 0.19282633152174036, 0.05190416226276331, 0.15505115417969498, 0.14286824661895006, 0.1015374362033533, 0.1712220368269669, 0.19330600580667726, 0.07973722839945001, 0.175019255753704, 0.16182546209823967, 0.20548744349964468, 0.17932710641349825, 0.11025813079662088, 0.20877316086702957, 0.20813619537606717, 0.1318152115159432, 0.14194023083459972, 0.17329748095908326, 0.12894256189992023, 0.1726534887796908, 0.14108705603463234, 0.21289804718514707, 0.20922380430266532, 0.16602643649787138, 0.1701231170056889, 0.16318778956907556, 0.1912136722424775, 0.170995553049193, 0.21587849125395062, 0.1557871008036071, 0.1655793923805385, 0.23757699175148406, 0.13618517378060754, 0.20443393997273707, 0.15217298412473973, 0.09539746102775894, 0.0550663629220251, 0.19772943570484502, 0.19501471986802443, 0.14996326994819373, 0.24488014614177558, 0.08573523170105367, 0.12743850450151828, 0.08712684206615867, 0.25939450322194596, 0.17191803658568286, 0.1642229672002667, 0.20240220583840154, 0.19908510434615287, 0.23488785043089366, 0.1187707201442753, 0.17668142942551454, 0.09294974292295803, 0.1860658751391294, 0.14378415892127058, 0.09449634379760707, 0.2015940998834579, 0.14379792703702413, 0.09174959525098335, 0.13247532740852017, 0.1906949098098634, 0.11519962794220029, 0.19993858341856682, 0.2126507932703108, 0.22490659207633215, 0.06829163739318743, 0.18392409838065538, 0.23864028993983577, 0.15596544691734168, 0.16430510896393932, 0.13032224506151524, 0.20299563152802128, 0.16957041085528016, 0.17820060882692865, 0.18092925539237878, 0.11406328703622061, 0.19605971446837955, 0.22319374963915942, 0.17134033024302042, 0.13907163091383157, 0.21542173306569024, 0.18761188254006467, 0.16504753634323246, 0.18586896612918488, 0.15004548425933617], "avg_pos_deviation": 0.16506880818364425, "pos_deviation_std_dev": 0.045179813621596954, "sum_rot_deviation": 141.93330328513025, "all_rot_deviations": [0.9435319855663712, 1.095564509205613, 1.0470265616077448, 0.2913769072654209, 0.7849614888910028, 1.0411546586112796, 0.6155693409048943, 0.9870434838548521, 0.6532805478634037, 0.1686356058762343, 0.6139442672751599, 0.7699902720900451, 1.5305014866038034, 0.8654837137184055, 0.3391586613945212, 1.5649712973365746, 0.9683605933687062, 0.7451179808973971, 0.7973345720980571, 0.8675575448763969, 1.3053699972681352, 0.7237028156358676, 1.3294788074823647, 0.5502947482617513, 0.4760484788693306, 0.6415241463702467, 0.9966634166330289, 1.05063283336015, 1.4920695865237243, 1.1850461997034607, 0.9901259244801187, 1.0369564623779057, 0.9878223470063641, 0.3088402470474056, 0.9329104946435484, 1.3064527239472057, 1.0380291164987352, 1.1235631404643744, 0.9986213866606412, 1.170586992423101, 1.3082191285530385, 0.6316867717171353, 0.0768042449153401, 0.8119702570053646, 1.0465798178265586, 1.3829601465874048, 1.1717593038477487, 0.6842864458289744, 0.22760478924083558, 0.761967877340259, 0.6080420637633536, 0.8598377701272261, 0.8961131667507584, 0.5388430783224626, 1.4523106541318762, 0.7773089683284423, 0.93714678255262, 0.7778623480552775, 1.0971991494871491, 1.367426060805393, 1.0304953613067172, 1.5156723295422747, 0.9448623839803248, 1.2807797599420347, 0.9281923284845153, 0.8655441479543854, 1.2940245515491418, 0.6343540047061035, 1.027500310427584, 0.8536294482306661, 0.8415848380369293, 0.4849872589300304, 0.3779322473788998, 0.6505637248029074, 0.27610679973179447, 0.6557804177120166, 0.779054521401425, 1.1769886042106439, 1.0439793310392622, 0.2771094515313078, 1.2422249087266677, 0.6845294129965637, 0.601458286035697, 0.5397240380111845, 1.3127016534033817, 0.05880867705232706, 0.6637528405799191, 0.5799560182764617, 1.317464256759828, 0.8953065116787777, 0.6683593208946166, 0.7163298904679963, 1.0471235165288375, 0.6648611903901588, 0.7668109143664136, 1.0316230434141946, 0.11703161654743018, 0.9717432003058916, 0.31522897237731323, 0.3200764380220927, 1.0457969579258313, 1.2139224927591359, 0.7484585990645138, 1.2181964946300108, 0.8087151154607314, 0.9632235953843157, 0.7870072229122117, 0.9939172787161251, 0.9177978117584492, 0.544813855591773, 0.22453636733395724, 1.1159324173747498, 0.885841211972511, 0.9878808867694012, 1.418720844039053, 0.5649771270579215, 0.08946012838547605, 0.16282417107134559, 1.0060785344641887, 0.44883311209087007, 0.5841003171271225, 0.29926758362714095, 1.334832900673285, 1.3870768504400495, 0.10433295585431734, 0.9163178575606546, 0.4529957368429065, 0.7551092493600198, 1.4851803092867992, 1.0815971607924686, 0.4505398420663321, 1.0767527774971115, 0.5009767405536673, 0.5153013557536045, 0.8008962929401168, 1.042560650092766, 0.6137148111383541, 0.6214071988389579, 0.14636745576204438, 0.9743764969935845, 0.6181769796488781, 0.8742222653876267, 0.8398778918018016, 1.0191272484538283, 0.9863291694952964, 0.9452801611806668, 0.6887103842908665, 0.2156584003952218, 0.8674952057801535, 0.49123865321414706, 0.6168603008883288, 1.0162788100953368, 0.5919337525761005, 0.5948914550954464, 0.6666350995563365, 1.4212157433711814, 0.863289087976144, 0.3665810775580784, 1.1433645795257383, 0.8547267042450234, 1.051843787920427, 1.0799420094743357, 1.0405672434845765, 0.949847911700869, 0.43152317575497623, 1.5265767856288799, 0.9316261580385269, 0.07045651879242987, 0.5572764455206012, 0.5644667312553213, 0.6647903618890035, 0.8863637192847653], "avg_rot_deviation": 0.8251936237507572, "rot_deviation_std_dev": 0.3492273729129217,