{"sum_size_of_clusters": 739, "all_cluster_sizes": [4, 3, 3, 3, 3, 3, 3, 3, 3, 3, 4, 3, 4, 3, 3, 5, 4, 3, 3, 4, 3, 3, 4, 3, 5, 4, 3, 3, 4, 5, 4, 3, 3, 3, 3, 3, 4, 3, 3, 3, 4, 3, 4, 3, 4, 3, 3, 3, 4, 3, 3, 3, 3, 3, 3, 3, 3, 3, 3, 3, 3, 3, 3, 3, 3, 3, 3, 3, 3, 3, 4, 3, 3, 3, 4, 3, 4, 3, 3, 3, 3, 3, 3, 3, 3, 3, 5, 3, 3, 4, 4, 4, 3, 3, 3, 3, 3, 3, 3, 3, 3, 3, 3, 3, 3, 3, 3, 3, 3, 3, 4, 3, 3, 3, 3, 3, 3, 3, 3, 3, 4, 3, 3, 3, 5, 3, 4, 4, 3, 3, 4, 4, 3, 3, 3, 3, 3, 4, 3, 3, 3, 4, 3, 4, 4, 3, 4, 3, 4, 3, 3, 3, 3, 3, 4, 4, 3, 4, 3, 3, 4, 4, 3, 3, 3, 4, 3, 3, 4, 3, 3, 4, 5, 3, 3, 5, 3, 3, 3, 3, 3, 4, 3, 3, 3, 3, 3, 3, 3, 4, 3, 3, 3, 3, 3, 3, 4, 3, 3, 3, 3, 3, 3, 3, 5, 4, 3, 3, 3, 3, 4, 3, 3, 3, 3, 3, 3, 3, 3, 3, 3, 3, 3, 3, 3, 3], "cluster_size_std_dev": 0.5186966496478927, "avg_cluster_size": 3.269911504424779, "total_nr_of_clusters": 226, "sum_pos_deviation": 38.198072448047306, "all_pos_deviations": [0.19496587457423353, 0.21720575993390787, 0.07593371654277485, 0.2157556389243298, 0.15561076768644413, 0.16236256086299447, 0.16255133429930987, 0.18008431199416983, 0.175118550294331, 0.17385230939529736, 0.18159020768903344, 0.13403418983233764, 0.22990593654965988, 0.21341514507330037, 0.20886934210854377, 0.2570857815307016, 0.14762257753293126, 0.06651552907953882, 0.1423519800724118, 0.21810847198565886, 0.2050054961703186, 0.12799330669903156, 0.2265448889722946, 0.20175873779373998, 0.2292081192481051, 0.23042288948657066, 0.08354130021877158, 0.18447122194618495, 0.2106509594355236, 0.306274807738526, 0.26342649704264604, 0.09967158779410129, 0.07984123893868539, 0.13471974527199118, 0.2045479408309485, 0.1945724966610927, 0.22321753747871256, 0.16297425925078987, 0.11918613373748305, 0.0912916721704622, 0.14219068830282203, 0.18787226963521886, 0.07739279511702109, 0.14494750966414105, 0.18565045305229919, 0.07872908525454213, 0.22796521788540733, 0.20950648222434656, 0.22143944618811554, 0.1675586214129998, 0.21227083636395014, 0.1541940757944383, 0.07803187134588861, 0.18117920024379153, 0.16293214713941798, 0.23031782475196352, 0.1710689348638835, 0.08478605210561942, 0.1799093383814163, 0.1325080540339525, 0.20600367677748221, 0.16810009739081946, 0.12253144486188887, 0.23766048243745208, 0.139736818168786, 0.19449165191358078, 0.1313275623379605, 0.21413795599345006, 0.24348242490210734, 0.15655161947692, 0.1420725715646554, 0.22342892652040558, 0.19053566078472514, 0.15962197309559442, 0.1950055320175166, 0.12231919237310107, 0.1553639815089304, 0.18076049179636192, 0.20353949716762162, 0.09412057426888897, 0.17566105782216282, 0.19044923226503915, 0.039842757488846636, 0.25514686347645527, 0.24446879759010762, 0.13537256509962056, 0.19904279236555833, 0.16364739499133918, 0.1704908359902789, 0.0894840975917029, 0.16672299491076692, 0.17958749135304738, 0.14477219271688743, 0.12004062055038874, 0.15650974942276683, 0.0866384411025365, 0.1704665053700957, 0.15263301045401695, 0.18667483862197556, 0.1893215166411123, 0.17076495036070852, 0.1913396318348687, 0.11481802817647434, 0.22888110828957897, 0.13361923442392723, 0.2012538578946631, 0.19166813404561642, 0.13981725763235292, 0.14838635941805078, 0.21606880517638727, 0.23980275698303347, 0.23222441306290653, 0.21175168451440818, 0.21848347994000153, 0.17119003351009998, 0.19599672317726768, 0.16911699944224443, 0.16911699944224443, 0.1370113061232721, 0.10735046863045287, 0.17480045900768637, 0.15566103613227134, 0.1034573506210541, 0.14662270290756552, 0.21275366733303894, 0.15737020614575212, 0.12939845722381885, 0.22205496050480122, 0.16851727496250402, 0.14082045139094254, 0.2435473999690434, 0.20394397963677927, 0.13995004945389658, 0.0988134764290096, 0.18465754194970074, 0.18847097363382545, 0.18341273974676622, 0.16234707204584628, 0.06808932444494871, 0.2585800144075547, 0.22235719489014424, 0.1763879593027763, 0.14313423891466812, 0.12488898598603881, 0.09659626002749654, 0.13890585269296787, 0.21736949955527904, 0.1327060257793594, 0.18631764298474263, 0.14414772287077304, 0.1617964896814679, 0.1474269042538803, 0.18439507856421933, 0.19403368806647228, 0.15299824810137433, 0.14909763071002038, 0.21846396847755778, 0.2611934758261468, 0.1718104186676683, 0.21454382200883412, 0.19075834665156174, 0.14097557263214258, 0.15356434762253693, 0.08140269991277582, 0.12391683550725657, 0.2544544158600975, 0.1768885782744977, 0.12898300495423395, 0.17192253342859196, 0.22405926417899777, 0.10042858522740276, 0.11358606613824358, 0.2487929465390594, 0.17398970370233693, 0.1387389660730098, 0.2045300718518713, 0.1569494658656518, 0.18866021508183028, 0.19531807696070982, 0.23032261716996597, 0.19223059477429338, 0.2054518901155914, 0.15132299294939952, 0.1690341045203894, 0.19218223882417465, 0.14464403109428706, 0.13381189710715646, 0.22295918042939564, 0.11189424618228506, 0.2436146614778855, 0.1419574332020854, 0.0669656162376249, 0.16055771968343996, 0.12413808989292636, 0.18008471387178457, 0.18442444352330445, 0.08501076423386772, 0.18623149065611644, 0.13997642385027317, 0.18058914058156503, 0.10933591287195137, 0.2268159423980679, 0.15713650091663692, 0.17266743512132718, 0.26333675817900226, 0.16737116447012002, 0.15904723521457872, 0.15957418520673483, 0.1452094735975655, 0.12372423541576494, 0.18854029591976584, 0.1290144817742503, 0.20795061339448143, 0.15042998917902406, 0.10843308763611446, 0.14595594798832526, 0.17701203261408024, 0.12457050757062822, 0.13978360551398847, 0.1933181768098079, 0.16951659776702288, 0.14357844259589964, 0.17847497425472147, 0.12937462420458637, 0.15465283850399233, 0.16694330690889977], "avg_pos_deviation": 0.16901801968162525, "pos_deviation_std_dev": 0.04613329707545233, "sum_rot_deviation": 208.26173449029451,