{"sum_size_of_clusters": 512, "all_cluster_sizes": [3, 3, 3, 4, 3, 3, 5, 3, 3, 3, 3, 3, 3, 3, 3, 3, 4, 3, 3, 3, 4, 3, 4, 3, 4, 3, 4, 3, 3, 3, 3, 4, 3, 3, 3, 4, 3, 3, 3, 3, 3, 3, 3, 4, 3, 3, 3, 3, 3, 3, 3, 3, 3, 3, 4, 4, 3, 3, 3, 3, 4, 3, 3, 3, 3, 3, 3, 3, 3, 3, 3, 3, 3, 3, 4, 3, 3, 3, 3, 3, 4, 3, 3, 3, 3, 3, 3, 3, 3, 3, 3, 3, 4, 3, 3, 3, 3, 4, 3, 3, 4, 3, 3, 3, 3, 3, 4, 3, 3, 3, 3, 3, 3, 3, 3, 3, 3, 3, 3, 3, 3, 3, 3, 3, 4, 3, 3, 4, 3, 3, 3, 3, 3, 3, 3, 3, 3, 3, 3, 3, 3, 3, 3, 3, 3, 3, 3, 4, 3, 3, 3, 3, 3, 3, 3, 3, 3, 3, 3, 3, 3, 3, 3], "cluster_size_std_dev": 0.3664528099155795, "avg_cluster_size": 3.1411042944785277, "total_nr_of_clusters": 163, "sum_pos_deviation": 27.19638247488225, "all_pos_deviations": [0.1541116991044197, 0.2008700050083467, 0.07891993694966488, 0.16426521093120341, 0.14450032362915843, 0.14580287231225453, 0.24714318664205887, 0.20592042858752393, 0.0907935092691476, 0.10667640691716322, 0.09125146075413691, 0.1243579396990913, 0.12665320857279108, 0.20864839021621498, 0.127602337219776, 0.15461537777728038, 0.2095739622258664, 0.13664391254217714, 0.23703580514127573, 0.1993301748297108, 0.12708751162564189, 0.2118788169777097, 0.22358382202204455, 0.1088586192325693, 0.146321136802886, 0.15938803774496474, 0.1763940100992616, 0.1655520241616585, 0.2163431595274344, 0.20633946099038622, 0.1691120349511094, 0.17968442425121367, 0.14013092447671202, 0.12410913563925004, 0.20837332381421703, 0.1566374421385245, 0.1830755011322238, 0.22539662615330883, 0.19286891156358063, 0.16998665406156288, 0.1751068280462831, 0.205264310098628, 0.1455579648328191, 0.11782497945630543, 0.10927742306055406, 0.0819955450496405, 0.19018692272054152, 0.24207008488819937, 0.17700120464468125, 0.13614006219662297, 0.16857828515248618, 0.17866266510580586, 0.15460803032643441, 0.19463482843430877, 0.15893801057395324, 0.2219361871157828, 0.1484893748900881, 0.20292710210701626, 0.17679013737526106, 0.16703590508256874, 0.22503226222440312, 0.18017005831751656, 0.1479432553856169, 0.1988391004711484, 0.1899854628451478, 0.15987286909984622, 0.1743330643524448, 0.10428540136672658, 0.15470429557152046, 0.13615647262578492, 0.2243793233732065, 0.09133405473850288, 0.11340852523723906, 0.19175178736770035, 0.1893975317702462, 0.18778113174401276, 0.18867485792925998, 0.1452162029205782, 0.23202926931894471, 0.16780605121456968, 0.22662307515192315, 0.21585684496315696, 0.16701672160079672, 0.1684310288947892, 0.09842684101913494, 0.2131521703388548, 0.1960555271364974, 0.17250237703719318, 0.17974838317279504, 0.14666335013463624, 0.15171238815129873, 0.18221021806616597, 0.24338327745224284, 0.15254824720974114, 0.20508474728030338, 0.15608332009664536, 0.1449198410407365, 0.18216412560951467, 0.18307338809766863, 0.09194270744204451, 0.15435304345777878, 0.1885161912067732, 0.1757222856224484, 0.13511183872208585, 0.1352001439085141, 0.20861583809770912, 0.20037404186393815, 0.0930308190180746, 0.14521766419649995, 0.12820152799992474, 0.1621100704323427, 0.12948621801513613, 0.2044747179946749, 0.2507358942224726, 0.13862609086247724, 0.10986223087526627, 0.21657102421246222, 0.17201299709222975, 0.12394722982483591, 0.12479185208352207, 0.23877793804444233, 0.1694208125054947, 0.12864864896173625, 0.1570074723291075, 0.1564442932377642, 0.15567883756057094, 0.1399244980799079, 0.17845122493428, 0.19154390921816436, 0.15546245356436983, 0.18378754911831083, 0.14632044353716908, 0.24585203263548938, 0.17230219364920477, 0.14348148873227826, 0.18478623152641113, 0.17258566441126919, 0.16678336861814347, 0.1301185742389117, 0.17923818949589734, 0.15936215026217224, 0.13414851172066503, 0.23113903944448114, 0.12361406511735175, 0.09246653277825362, 0.09107722623095477, 0.16721143440107536, 0.12879646743031326, 0.181372088915168, 0.1714281539947756, 0.21447060786826844, 0.12595501258432318, 0.1088127192085534, 0.14138411454964606, 0.1725149068722562, 0.21638028915791763, 0.1642305073399921, 0.20340273961914354, 0.19148746170707112, 0.15478090117999016, 0.24029912149660757, 0.18274644873101367, 0.12616129554011046], "avg_pos_deviation": 0.1668489722385414, "pos_deviation_std_dev": 0.039243118448658514, "sum_rot_deviation": 138.7344108163067, "all_rot_deviations": [1.0588291174336586, 0.8818986746919357, 0.8293986759075684, 0.4069946729982502, 1.0602734352507717, 0.7399459750754716, 1.4690571970308142, 0.9400910078831277, 1.0275010602965509, 1.4663899031624357, 0.6229960247963776, 1.267015159822275, 0.1879717856608012, 0.3653568297536081, 1.0455191769123748, 0.3644704822539988, 0.19664935340919537, 1.0588156358345386, 1.0815020981267034, 0.8723460070953283, 1.1076393346103848, 0.7367075043633694, 0.643288523862368, 0.6126655948821993, 0.8353650033930645, 1.0014724173695946, 1.0677173887744418, 0.6208749891064063, 1.044879618477076, 1.0188968639083074, 0.5472616805082519, 0.9657799938077535, 0.6796167485493814, 0.17111104281268488, 1.018566587334189, 0.9386452332883894, 0.655130668068917, 1.148221753897002, 0.3171257047560621, 0.9579819143191083, 0.5546088885211283, 0.9416262074491032, 0.7741766219503265, 1.301775870802675, 0.9481421420957078, 1.3203294120616766, 1.0096417600223422, 0.4299433195447599, 1.0030132714961904, 1.0581604549011243, 0.9143059931370715, 1.1874061514761625, 1.207516114067771, 1.0323135359143347, 1.097148077733559, 1.5375380916446635, 1.0552578170442226, 1.2035801855937174, 0.7933772962946751, 0.3270641804545426, 0.916834476145466, 0.620387461042597, 0.9013305102573255, 0.7951681466557586, 1.0455706537734921, 0.5791622216090521, 0.8011973060596382, 0.8932745030340964, 0.8033893027759835, 0.7079908591017171, 0.4223982120355319, 0.8718536873315014, 0.8168004058349085, 0.9575166320953943, 0.1912714652042371, 0.0777012194308585, 0.3842740345563038, 0.9799550167393024, 0.9691667372892785, 0.39618376601671496, 0.735763951511517, 0.6692113002772556, 1.0907929665207463, 1.0424439873087026, 0.7554196580081465, 1.0630452333706615, 0.5869466187872, 1.00435641069068, 0.9395126866476861, 1.3990546249760099, 0.08463325094329417, 0.9937889943601732, 0.42833580540787886, 1.1466351371481203, 1.189438227236266, 1.0409436185324712, 1.0798184893760954, 0.7085267671890154, 0.6855324344660981, 0.8190069275801543, 0.5400261941693468, 1.0884559209114204, 0.8898108647583086, 1.0332775655974904, 1.0507871104770594, 0.8795197141264685, 0.5548147910213883, 0.8973324713438892, 0.2911371325404935, 1.227315739678133, 0.8200620905045195, 1.1409635212120974, 0.9629436078700552, 1.0438740377913298, 0.8350129739804167, 0.7511377577705804, 0.23678388886127552, 1.0057818752494325, 1.0874891797724602, 0.6286017837493335, 1.4237793277824498, 0.8578255686782393, 1.0687548829408835, 1.2565782723466614, 1.0099266676748, 1.1918240696970495, 0.9920277647131659, 0.9448351069569534, 1.1264754748657844, 0.6247286639650591, 0.5507479795884728, 0.9314587849875128, 0.9295655874713624, 0.2114966363919888, 1.0276494750970453, 1.0104525493282714, 0.4483349378847734, 1.099421935191694, 0.5166733009203197, 0.6582185257191725, 0.8912318251802548, 0.5481139590604952, 0.3283059282386723, 1.2659416671722814, 1.2756182860724965, 1.007208370541907, 0.3288553533332559, 0.5679445961991234, 0.4315163837521932, 0.7942275925709485, 0.9325944124652127, 0.7568477398689479, 1.0450139686468918, 1.095632492813028, 1.5245319240443294, 0.9607760834928198, 0.7847254950067688, 1.2871005027992932, 0.2997739349682882, 0.9922706282235408, 1.1745386419923454, 0.9834204728427399, 0.28878688441589534], "avg_rot_deviation": 0.8511313547012681, "rot_deviation_std_dev": 0.3132881269446039, "sum_boids_eaten": 372}