{"sum_size_of_clusters": 575, "all_cluster_sizes": [3, 4, 3, 3, 4, 3, 4, 3, 3, 3, 3, 3, 3, 3, 4, 3, 3, 3, 3, 3, 3, 3, 3, 3, 3, 3, 3, 3, 4, 3, 3, 3, 3, 3, 3, 4, 4, 3, 4, 3, 3, 3, 3, 3, 3, 4, 3, 4, 3, 3, 3, 4, 3, 3, 3, 3, 5, 4, 3, 3, 3, 3, 5, 3, 3, 3, 3, 3, 3, 4, 3, 3, 4, 4, 3, 3, 3, 3, 3, 3, 3, 3, 3, 3, 3, 3, 3, 4, 3, 3, 3, 5, 3, 3, 3, 4, 3, 3, 4, 3, 3, 3, 4, 4, 3, 4, 3, 3, 3, 3, 3, 4, 4, 3, 4, 3, 3, 3, 3, 3, 3, 3, 3, 3, 3, 3, 4, 3, 4, 3, 3, 3, 3, 3, 4, 3, 3, 3, 5, 3, 3, 3, 3, 3, 3, 3, 3, 3, 3, 3, 3, 3, 3, 3, 3, 3, 3, 3, 3, 3, 3, 3, 3, 3, 3, 3, 4, 3, 4, 4, 3, 3, 3, 3, 3, 3, 3, 3, 3], "cluster_size_std_dev": 0.46163461945091216, "avg_cluster_size": 3.212290502793296, "total_nr_of_clusters": 179, "sum_pos_deviation": 30.296534317321125, "all_pos_deviations": [0.2205763812960845, 0.18898842195610221, 0.12482247032452494, 0.22187119433690441, 0.21330611970615887, 0.20227871821735607, 0.13114483839074467, 0.19716349240735753, 0.2061378402631502, 0.16351446267794936, 0.17931009048586666, 0.11763769891138155, 0.1141032871216157, 0.19130434650283865, 0.16345327985563446, 0.18410396711603852, 0.17235399445254462, 0.1242340873118774, 0.15668888890343297, 0.23385731712303204, 0.03176589324677038, 0.16447543017122088, 0.09698326853251542, 0.1709597006428291, 0.15121354572423262, 0.18417644366253105, 0.19472288617923142, 0.18110379496632223, 0.22250302995295024, 0.1648342007913175, 0.19190617247450345, 0.044786619214919145, 0.1705055701819239, 0.18348186746895825, 0.21064197034005436, 0.17479273973618062, 0.22614715917161812, 0.23978982082073172, 0.21202099187188814, 0.1590656777693387, 0.18421145903139124, 0.19557724009167984, 0.2018037437954453, 0.1455549752527999, 0.11868192909617108, 0.17613767908385722, 0.10068246662872443, 0.23768595587865157, 0.17648140263866616, 0.12351147612386688, 0.14688269140968416, 0.22578540135957037, 0.16696558441466336, 0.0680827183421236, 0.1823461880210359, 0.23711209936502634, 0.22103444493299057, 0.20167341719796608, 0.14511661196511869, 0.13894628553364238, 0.16301069959679318, 0.10046586631252812, 0.17792355828145476, 0.15674186741370913, 0.1897964881931761, 0.11629368472094792, 0.21728848225103528, 0.19535827751542242, 0.15899760045498348, 0.20318721096917639, 0.21925708462230334, 0.14203729032231874, 0.19188081770580198, 0.14800729726283932, 0.059109509597764974, 0.22929237914772008, 0.09735909839710626, 0.15364918166095706, 0.23270332928317836, 0.22691268764431016, 0.15745428499226932, 0.19379261376734358, 0.1740675505288678, 0.19215173734974722, 0.20513712069966394, 0.16417366177367695, 0.14578178294280142, 0.2085948400029516, 0.1189434068606513, 0.23837339021811854, 0.12792951532142932, 0.1928280305469771, 0.15961749085224786, 0.20005919171194364, 0.14697667541419043, 0.14125184977818428, 0.20667129975873624, 0.08211806491921282, 0.2734061520722787, 0.2054841632375651, 0.09885413607338245, 0.13891156414361275, 0.1639255097102118, 0.1077066675045043, 0.21094349814506688, 0.20488597579780443, 0.13623987195115336, 0.13636383756343495, 0.21750068318787474, 0.1928830506202367, 0.20223597345650735, 0.15527189160707522, 0.2652857770385069, 0.14167569003302913, 0.16387127261182435, 0.15944922019265964, 0.21711146090525688, 0.1845484979192665, 0.03932101154802594, 0.19359082473588438, 0.1387592135476554, 0.1880599919460029, 0.0934657461102102, 0.1899658918188142, 0.102833076830799, 0.12494988895967764, 0.18630598786217623, 0.1738259408852865, 0.20593835027516913, 0.1748134790586301, 0.20293293679176747, 0.20392012350184316, 0.1436173518209222, 0.22128805590671172, 0.2266298912487783, 0.07179517026717723, 0.19953936418960241, 0.14996194600642118, 0.18868114693074411, 0.11627384056603896, 0.20342226634941707, 0.18486635269431284, 0.15380834082919417, 0.14444908408015306, 0.12217600638586405, 0.17710095460349506, 0.222568343990319, 0.1368041049743998, 0.22024969496206206, 0.18240436355055814, 0.09809599642279411, 0.17542485909322314, 0.21486854543885395, 0.06058775865466637, 0.13480204196682558, 0.19948114217950183, 0.14391143836299025, 0.17188386211152615, 0.2310451018694533, 0.17155869128664444, 0.14540141449111452, 0.18163410460776744, 0.18184410142061327, 0.12145024529652472, 0.10856189436237218, 0.1981674802899361, 0.20792467612586005, 0.18916484885964976, 0.2267356289821247, 0.1552644144992538, 0.20379324535318177, 0.20576402335774543, 0.08123424316577693, 0.06604387341908964, 0.17616308617571375, 0.22927022316326384, 0.09484561437932466, 0.16382438751901743, 0.18471736823070853], "avg_pos_deviation": 0.16925438166101187, "pos_deviation_std_dev": 0.045910942005139815, "sum_rot_deviation": 159.18450283875316,