{"sum_size_of_clusters": 847, "all_cluster_sizes": [3, 3, 3, 3, 3, 3, 3, 3, 3, 3, 3, 3, 5, 3, 4, 4, 4, 4, 4, 3, 3, 3, 3, 3, 3, 3, 3, 3, 3, 3, 3, 4, 4, 3, 3, 3, 3, 6, 3, 3, 3, 3, 3, 4, 3, 3, 3, 3, 3, 3, 3, 3, 3, 3, 4, 4, 3, 3, 3, 3, 4, 3, 3, 3, 4, 3, 3, 3, 4, 3, 5, 3, 4, 3, 3, 3, 4, 3, 4, 4, 3, 3, 3, 3, 3, 4, 3, 3, 3, 3, 3, 3, 4, 3, 3, 4, 3, 3, 3, 4, 3, 3, 3, 3, 3, 3, 3, 3, 3, 3, 3, 3, 3, 3, 3, 3, 3, 3, 3, 3, 3, 4, 3, 3, 4, 3, 3, 3, 3, 3, 4, 4, 3, 3, 3, 3, 4, 4, 3, 3, 3, 4, 3, 3, 3, 3, 3, 4, 3, 3, 4, 3, 3, 3, 4, 3, 3, 4, 4, 4, 3, 3, 3, 3, 3, 3, 4, 3, 3, 3, 3, 3, 3, 4, 3, 3, 3, 3, 3, 3, 4, 3, 3, 3, 3, 3, 3, 3, 3, 3, 3, 3, 3, 3, 3, 4, 3, 3, 3, 3, 4, 3, 3, 3, 3, 3, 3, 3, 3, 3, 3, 4, 3, 3, 3, 4, 3, 3, 3, 3, 3, 3, 3, 3, 3, 3, 3, 3, 4, 4, 3, 3, 3, 4, 3, 6, 6, 4, 5, 3, 4, 3, 4, 3, 4, 3, 4, 5, 5, 4, 4, 3, 3, 3, 3, 3, 3, 3, 3], "cluster_size_std_dev": 0.5536387072303789, "avg_cluster_size": 3.27027027027027, "total_nr_of_clusters": 259, "sum_pos_deviation": 44.94942505825631, "all_pos_deviations": [0.16529183422373758, 0.19359407972155482, 0.2153511850443245, 0.10292498831101209, 0.19988576158028057, 0.1579255283419971, 0.15792552834199644, 0.22795902819692063, 0.2040295984858416, 0.20771679795569167, 0.13722966532708228, 0.2079786145010315, 0.2513193627318219, 0.20393233384670365, 0.18745604968988194, 0.1874560496898822, 0.1298358453890295, 0.11909560989377038, 0.20380673993978338, 0.2420451857242696, 0.22386103266040155, 0.16285883830962591, 0.18365705066267488, 0.1698744666549538, 0.1982247581216725, 0.1192533083424019, 0.1580572624488368, 0.16038365470498142, 0.16641995657809752, 0.1266634420477054, 0.14851397666738156, 0.2162660589906512, 0.21193296783933477, 0.09180631545979001, 0.1609556458124309, 0.19925591977535825, 0.1906885778760761, 0.2910985650684916, 0.14280072057533225, 0.16459471528806094, 0.1472889137399839, 0.15574959926759027, 0.20460768951822914, 0.218668070899979, 0.08227682029237328, 0.19180440234840382, 0.1360895767499519, 0.15565153639472096, 0.17985456229668517, 0.16618655323733164, 0.14511965402888888, 0.18832153889594186, 0.1046759609243258, 0.21086486270759683, 0.1974627470806877, 0.23126124008104565, 0.16613329251305134, 0.20824755261739178, 0.2125770796258356, 0.2125770796258356, 0.19304136050228748, 0.19463609731015744, 0.21914265511041128, 0.18895684017990852, 0.24011704626077102, 0.10660786969647344, 0.18637820394531432, 0.1775505619922614, 0.16537977213573804, 0.22265950225986816, 0.21721902707481094, 0.11457028329181888, 0.10960258914709203, 0.13972490210254176, 0.17005686117998844, 0.13386236794910986, 0.1565742032631142, 0.1419270534732965, 0.1878076968103823, 0.21369874767784094, 0.18870054011758297, 0.06321815831061228, 0.2041576996721379, 0.09727117227931444, 0.17816242964316442, 0.1748471201313865, 0.10575411600450295, 0.20954057139090243, 0.09272407065230905, 0.09280386198883372, 0.16149443604984223, 0.17279339457994333, 0.21566542748882755, 0.18460404032672406, 0.12683830485791134, 0.2204645597038729, 0.15051070351207607, 0.1780858029290896, 0.13781306989842515, 0.27829063939131654, 0.12691187977973964, 0.17184496409132746, 0.16702019164303458, 0.1903484539859908, 0.194803086442729, 0.16256340016057477, 0.1444325824832893, 0.19654273750597398, 0.0947492217454059, 0.15287446439437516, 0.18598910606160926, 0.1701248583169381, 0.08105111817875839, 0.18757318951728355, 0.20814894405107065, 0.09986951651838916, 0.1501952459973229, 0.14196724807723282, 0.22126310183833284, 0.2283189600335583, 0.18143380271419388, 0.22831727233387455, 0.14633883771084075, 0.1575372851912543, 0.22859865388515307, 0.09475154366913842, 0.1631427062630936, 0.25523237603714316, 0.2480364528354193, 0.21860476611267518, 0.16443568963951385, 0.21417777340212782, 0.20423959206247208, 0.07079621831032852, 0.1861132937695286, 0.16137906933504645, 0.11239043202547994, 0.10871266277006324, 0.21333054407549448, 0.18603905876341817, 0.1380901076712937, 0.16995559101752014, 0.19436500825409117, 0.18356974348824415, 0.17169966214038224, 0.20531365701569446, 0.1754282061199205, 0.15265780796165876, 0.12310518351953238, 0.09561570848221375, 0.17674950238154574, 0.1967262888777157, 0.1047108668816389, 0.17007643225206173, 0.1836389611452169, 0.1970711303471591, 0.25235357487726046, 0.18076549386402577, 0.08738234172970878, 0.26313684410214777, 0.1365172275422307, 0.15784356807229258, 0.09861335393576243, 0.16449385693910382, 0.11870790639316743, 0.15481884362280254, 0.2496669364533629, 0.13982524294917675, 0.172565674257489, 0.2024133024775285, 0.21190851985104966, 0.1918151688474086, 0.12031398268956872, 0.1791577736030251, 0.15471141181498516, 0.20480856057751748, 0.1682029683288139, 0.18539556118434986, 0.15673594312876327, 0.21469186808634544, 0.20782657348645572, 0.20163042177023197, 0.19496124495839487, 0.1967108405260265, 0.20159160326125047, 0.08065119771069926, 0.14802952398264432, 0.1494541113920884, 0.184725923737034, 0.21296214221170115, 0.18958533743887682, 0.18944134876158927, 0.12421069227741993, 0.14078925141858753, 0.20683536657455134, 0.19590295517556064, 0.1455045966317847, 0.10698538971220366, 0.1758820920259264, 0.10215646844393587, 0.20078788904838252, 0.20428016566827348, 0.2128151483977961, 0.15370493567858426, 0.13451244765581122, 0.15478915944170304, 0.15874184389377097, 0.15874184389377097, 0.18074748177140512, 0.21659784242404348, 0.2223718556388553, 0.25284590383176014, 0.2402890326565085, 0.23618510894266823, 0.1910131053948286, 0.26265379402020034, 0.12631752856481945, 0.16036672198307722, 0.1562247390942017, 0.13913819952631112, 0.150453885344496, 0.22308012460245208, 0.10265400689024466, 0.2206698610125354, 0.18565425093961707, 0.1664054068812122, 0.18270357386072536, 0.22340748558933457, 0.19876454395922635, 0.19807462643911686, 0.23305434673188305, 0.16377810307753224, 0.17942181311745595, 0.20601522766693828, 0.18116649457366485, 0.11442270514803872, 0.1330977954343719, 0.10252451967829083, 0.1502249659672514, 0.22192646998694673, 0.2113755274024988, 0.10635845558775509, 0.16383863310313815, 0.11558506696791086, 0.167867177596193, 0.18759931541112185, 0.23584739063875926, 0.23285907834244232, 0.24587004874247823, 0.21852771704771443, 0.06572929952033327, 0.15130346319912555, 0.2108609341846439, 0.1390659507710438, 0.16156075636255204, 0.19261552052918807, 0.10302054482686845, 0.1598723350940671, 0.1787862084317138], "avg_pos_deviation": 0.1735499036998313, "pos_deviation_std_dev": 0.0432244533335806, "sum_rot_deviation": 233.03249137655857,