{"sum_size_of_clusters": 624, "all_cluster_sizes": [3, 3, 3, 4, 3, 3, 3, 3, 3, 3, 3, 3, 3, 3, 3, 4, 3, 3, 3, 3, 3, 3, 3, 5, 3, 3, 3, 3, 3, 3, 3, 3, 3, 3, 3, 3, 3, 3, 3, 3, 3, 3, 3, 3, 4, 3, 3, 3, 3, 3, 3, 3, 3, 3, 3, 3, 4, 3, 3, 3, 3, 3, 3, 3, 4, 3, 3, 3, 4, 4, 3, 3, 3, 3, 4, 3, 3, 3, 3, 4, 3, 3, 3, 3, 4, 3, 3, 3, 3, 5, 3, 3, 3, 3, 3, 3, 4, 3, 3, 3, 3, 3, 3, 3, 3, 4, 3, 5, 3, 4, 3, 3, 3, 3, 3, 3, 3, 3, 3, 3, 4, 3, 3, 3, 3, 3, 3, 3, 3, 3, 3, 3, 3, 5, 4, 3, 3, 3, 3, 3, 3, 6, 3, 3, 3, 3, 4, 3, 4, 3, 3, 3, 3, 3, 3, 3, 3, 4, 3, 3, 3, 3, 3, 3, 3, 3, 3, 3, 5, 3, 3, 4, 3, 3, 3, 3, 3, 3, 3, 4, 3, 3, 3, 3, 3, 4, 3, 3, 3, 3, 3, 3, 3, 4, 4, 3], "cluster_size_std_dev": 0.4824497056398772, "avg_cluster_size": 3.183673469387755, "total_nr_of_clusters": 196, "sum_pos_deviation": 32.6235126041578, "all_pos_deviations": [0.16960777263797308, 0.10878069087079077, 0.20760411707708973, 0.2243304181643322, 0.14057308539275004, 0.06277198881663358, 0.20549988357722035, 0.0632522515353019, 0.1634159582427899, 0.13706703398955497, 0.13034236727323154, 0.1772888823368859, 0.17915720017964443, 0.1336596960496013, 0.17582177404574287, 0.1584393020364647, 0.10347690862799992, 0.13107606966674032, 0.18249903774250611, 0.16808466209778739, 0.12240754494927548, 0.08782521791373825, 0.15085781256617492, 0.15875272357290407, 0.14321911867310388, 0.1699463391839118, 0.21426669138469703, 0.24448508396313148, 0.1892312099375435, 0.16941716862858514, 0.18710396648612246, 0.18445754517885696, 0.12004677500008742, 0.19022324071823804, 0.11308832697377684, 0.2078009081797184, 0.13614153181679003, 0.15061689352818927, 0.09235125877740254, 0.12664954414091564, 0.20725876971177729, 0.14519441422393517, 0.16548419364921477, 0.1124483118886191, 0.20435618707552897, 0.19089413174453596, 0.13581092499740036, 0.06213739012053498, 0.17884199010781895, 0.12029463367071912, 0.19797506192267475, 0.1780557256402098, 0.17782566771219524, 0.14187359135867272, 0.13848968597224567, 0.2308970122592107, 0.25399249280004144, 0.17991664094719728, 0.15766630680079002, 0.18747632859545157, 0.10878529180928026, 0.20926938938659045, 0.20155228012612422, 0.12449204393524034, 0.22763558222538535, 0.15668510220231555, 0.20734859684460738, 0.07172049874520649, 0.14944258544265823, 0.12427377291021974, 0.21659378110946004, 0.24093216019255323, 0.116110659866063, 0.1983323560877216, 0.18705112044735794, 0.12343825156804912, 0.16766389951900398, 0.16199571229592077, 0.1522906003795131, 0.21535448500909427, 0.19328543384089833, 0.13921454589822915, 0.15518613161178085, 0.14688375818223368, 0.2526475521020944, 0.16688229115007527, 0.18752089084254817, 0.15879146406551992, 0.13776409885412977, 0.30247075467578, 0.16890518532408402, 0.15949101627081735, 0.16623467237036232, 0.10912982549452961, 0.1659859465630717, 0.15852282121053243, 0.22309341052382337, 0.12850867769749805, 0.08534913015667693, 0.15219435679742024, 0.1902180970148557, 0.1527200174450514, 0.08937049295921445, 0.14859019044676217, 0.15966894246472113, 0.1703268160462008, 0.10653104398633521, 0.21905617533783475, 0.10186006265557879, 0.24310421482415445, 0.16986924874509746, 0.10477641452525892, 0.16935350236396815, 0.10760266024756315, 0.1914044721480811, 0.2429073311313927, 0.18556051814915406, 0.1779332719853637, 0.1747058412766833, 0.23393254703883315, 0.19848898131517068, 0.1897281002469836, 0.12140545222196801, 0.1657758030775193, 0.17108307533268705, 0.2133467064650061, 0.2184445688303522, 0.2290404089561866, 0.172203821861134, 0.15370549544418344, 0.1784164520532345, 0.14319731886353362, 0.21099571385334923, 0.23001322264848176, 0.21922560271095906, 0.19550547638883067, 0.17278893774579185, 0.23041820698441243, 0.19473826035997865, 0.23888354182665408, 0.13588705647316515, 0.17461633753897868, 0.21759617845598578, 0.17790227612780216, 0.17637969984316113, 0.13669635062103447, 0.23263500135394855, 0.08764271718224138, 0.22965876127292087, 0.14749560583260643, 0.16378552304640917, 0.1805292660434671, 0.19068526961428725, 0.1453468323717119, 0.18166779650118112, 0.12598001009643398, 0.19465309820495605, 0.12578368283450628, 0.15228863162905956, 0.14031113865831127, 0.1371776397362687, 0.24103314898585435, 0.1835422624375528, 0.17010559461872543, 0.178555843094489, 0.14114426529069332, 0.18385926520777718, 0.23988255651412563, 0.22372628678668938, 0.11238724750440127, 0.13128415141715813, 0.21637529798450061, 0.20193265393736573, 0.1538515055459088, 0.13526710218412794, 0.1996801672884293, 0.1923399619005937, 0.182459422114138, 0.13926463618215018, 0.1503682571014105, 0.13055369116110402, 0.17894781428369055, 0.12169328995649886, 0.2057503509273136, 0.14358072105409703, 0.13149013715366362, 0.1615484043619894, 0.12728822883055427, 0.13340284235897773, 0.2060497702830998, 0.09210283798931261, 0.13427990860701958, 0.152223945498159, 0.14367520462259376, 0.08250523142325306, 0.19218712126596618], "avg_pos_deviation": 0.16644649287835614, "pos_deviation_std_dev": 0.042547924347675355, "sum_rot_deviation": 156.2416798548272,