{"sum_size_of_clusters": 500, "all_cluster_sizes": [3, 4, 3, 4, 3, 3, 3, 3, 3, 3, 3, 3, 3, 4, 3, 3, 3, 4, 3, 3, 3, 3, 4, 3, 3, 3, 3, 4, 3, 3, 3, 3, 4, 3, 3, 3, 3, 3, 3, 3, 3, 3, 3, 3, 3, 3, 3, 3, 3, 3, 4, 4, 3, 4, 3, 3, 3, 3, 3, 3, 3, 3, 3, 3, 3, 3, 5, 3, 3, 3, 3, 3, 3, 3, 3, 3, 3, 3, 4, 3, 3, 3, 3, 3, 3, 3, 3, 3, 3, 3, 3, 3, 3, 3, 3, 3, 3, 3, 3, 3, 3, 3, 3, 4, 4, 3, 3, 3, 3, 3, 3, 4, 3, 4, 3, 3, 3, 3, 3, 3, 3, 4, 4, 5, 3, 3, 3, 4, 3, 3, 3, 3, 3, 4, 4, 3, 3, 3, 3, 3, 4, 3, 3, 3, 3, 3, 3, 4, 3, 3, 3, 3, 3, 3, 3, 3, 3, 3], "cluster_size_std_dev": 0.4047608320101704, "avg_cluster_size": 3.1645569620253164, "total_nr_of_clusters": 158, "sum_pos_deviation": 26.398073927404017, "all_pos_deviations": [0.0757535812043278, 0.28016955882283184, 0.10064460087898508, 0.13706099371971317, 0.1891417666715558, 0.10701690566570686, 0.17190797442844044, 0.0779136212866529, 0.20156133672839668, 0.19573625842749864, 0.2080163768728859, 0.1757143915682877, 0.21195930562408408, 0.16437674279913336, 0.17928045129575562, 0.17845070350651962, 0.17212645533270907, 0.24354561792632942, 0.06011052413942484, 0.1660396704768995, 0.2108084646003102, 0.170136492580466, 0.2137357946474898, 0.1470381627648363, 0.21049008023778826, 0.19612966460654846, 0.0880112788677634, 0.2650922678118177, 0.15350878703529394, 0.1901595114860283, 0.12094852538882417, 0.12207764811987899, 0.21341000277328182, 0.21576620714007474, 0.07585060739007003, 0.15640638176470992, 0.15329551700139213, 0.11004579313310392, 0.1550023710733395, 0.1299399492123374, 0.22916640679402997, 0.16018365707336282, 0.1554971397289492, 0.16883529368673408, 0.10695349657694257, 0.21654600649220349, 0.17472203450125645, 0.12522012150780015, 0.1620889623213694, 0.21214407378378086, 0.15674121375261998, 0.14665009958290667, 0.13798647329436914, 0.21104424593200885, 0.24001874678612958, 0.22368868367530734, 0.13198892977305923, 0.11400659932746171, 0.17479558297423736, 0.1984721726815207, 0.11670278396114342, 0.1906469760678133, 0.13658126220655023, 0.17167616579323727, 0.19264228185064858, 0.19016711154346386, 0.22063909946566634, 0.15886642667765835, 0.05179788366834253, 0.19011860795309168, 0.1729569046654523, 0.2424232926109365, 0.0968952404311096, 0.14661481130988566, 0.1440729530586519, 0.15280796027691054, 0.1709850601968066, 0.18429119518663625, 0.17876421598717054, 0.1336688443965449, 0.23897842994265558, 0.12456468388270646, 0.11854109018191399, 0.10329896912086739, 0.1591626862065776, 0.1834280744272481, 0.06879269908919237, 0.19824299901364814, 0.237746932376795, 0.147239334280987, 0.1072098023615697, 0.08781040294138237, 0.12789990836376647, 0.21587081345960557, 0.2081505652495963, 0.16450182859161053, 0.13426195854736064, 0.1670480383417706, 0.19603728955189215, 0.12457056030098523, 0.1575716585072579, 0.0753393761410203, 0.18822972792968606, 0.1567313092816636, 0.24944706688432428, 0.15698862976344388, 0.08445743708952254, 0.12615123870530362, 0.24042370935241356, 0.11562031203944308, 0.14492497770900534, 0.1893104959843326, 0.15392754171621292, 0.1650915400128193, 0.1523472339594005, 0.16536377517545903, 0.22684361462520675, 0.2006709308077399, 0.17763296002807624, 0.2349733600965718, 0.13437563417199364, 0.25693824356833117, 0.24278213090484044, 0.2667687621021679, 0.10669770906748204, 0.19013563776225703, 0.14678894494534714, 0.15887141737015473, 0.17046418319069725, 0.14303382979303694, 0.1252140436694968, 0.23639625801146372, 0.10375674253959945, 0.282497131536163, 0.15639422605499503, 0.18436186600855062, 0.13848828174136993, 0.16908133401923195, 0.14135803758974222, 0.14450548272700847, 0.2059402542582454, 0.1451230401247934, 0.17943217254396113, 0.13550789571849933, 0.19384513058336816, 0.1600509609704212, 0.23882703580487438, 0.22789528800842454, 0.10621955211477095, 0.10516846725945722, 0.16083671140926759, 0.2344274601689754, 0.152630418191805, 0.1258087865040631, 0.16967414611853193, 0.19966452772108653, 0.2200450319619287, 0.17821382656130724], "avg_pos_deviation": 0.16707641726205075, "pos_deviation_std_dev": 0.04744119512472778, "sum_rot_deviation": 135.46106250759865, "all_rot_deviations": [0.37395896236408177, 1.244740320337788, 0.9915010717325757, 1.1512213359583714, 0.9442051113614586, 0.7865806429826977, 1.111582436936346, 0.7265228842002616, 0.5670973414493675, 0.6748605505715402, 0.9534651060536965, 0.8620854661144858, 1.0461824284263923, 1.084895622660456, 0.7444145482209171, 0.9863160940147248, 0.9859821908791527, 1.4757666598805987, 1.047014021718715, 0.1841535604474381, 0.7935277905643002, 0.8840568170185078, 0.3004917422164147, 1.0455134714556324, 0.5169574306499682, 0.9906678420561695, 0.28972937574767116, 1.3080023984310545, 1.3304448176455967, 1.100093589364478, 0.7982109269343974, 0.44943024211166804, 1.0153948063272902, 1.011760453129349, 0.7800218218258115, 0.6728962692637938, 0.6420585895650068, 0.66171593524845, 1.0041342128434678, 1.1124161204403644, 0.6527076998146966, 0.3687774618031849, 0.7866261581122586, 0.8690985730145097, 1.0418546755104963, 1.3617399374273225, 0.6421888846489043, 1.0008074381346326, 1.034954760410801, 0.9135894857062231, 0.6376175902936455, 1.0152305102803598, 0.7004811785378946, 1.3359364472353281, 0.6895496870656147, 1.0430861564569753, 0.8949410835330923, 1.0134414219948067, 0.8740589507548059, 0.8935222748500106, 0.9969562922876993, 1.0427101496779365, 0.8916353369383524, 1.0199084254844075, 1.0405110791023622, 0.5838912866024718, 0.8712872566130334, 0.7863219690145496, 0.8078230430170805, 0.8304711437054046, 1.0017365541530416, 1.339121801185246, 1.0826722650758136, 0.4730981363918599, 1.4308763195641945, 0.6966158012765987, 1.0946238884935404, 0.9326828416727008, 1.295010191187079, 0.41463981859267945, 0.721808214011833, 1.1590864779336865, 0.8181762765440396, 0.18463816084909782, 0.9608372985749503, 0.3036784622462199, 0.35819281433827016, 0.9054570162803008, 1.1560423055910214, 0.6546239207962837, 1.1867794995023735, 0.4179946302906938, 1.2228004863165973, 1.0335156965979007, 0.5461910354626873, 1.4540417225793842, 1.189770780894185, 0.39631302966877485, 0.5943444503477243, 0.14337415025480538, 0.8385089981772588, 0.9783559630678781, 0.8984919717519425, 0.7114489718007186, 0.33367229628873796, 1.2525934222205282, 0.8173594186823627, 0.6546650336562113, 0.8218123015925715, 1.356616378881437, 1.0304435737482054, 0.9201705236875808, 0.798761562777193, 0.22060207350931393, 0.25081669471796797, 1.11719496329857, 1.275172866479026, 0.4818392825295931, 0.6505846314857179, 0.5659537175100046, 1.0468430740126966, 0.30885254384057825, 0.9957766367259671, 0.40919775200118097, 1.4751663557026207, 0.4332588854909929, 1.0600825552223756, 1.445114803711593, 1.0390130758384908, 0.8482414005184085, 0.9148364676106883, 0.8320752395236611, 0.9555455955310718, 1.2821711615044553, 0.7043322464716906, 1.0802274169287078, 0.599812256508533, 0.6373308304573468, 0.6821655978095507, 1.2182731683880015, 1.0015350626401203, 0.2618450657621307, 1.0870233869776167, 0.5755025837765574, 0.897983035120391, 1.283233345289957, 1.038133994589936, 0.965522825966624, 0.41222324400573146, 0.6949714088303033, 0.5396768256727215, 1.2323475434958955, 0.9538275486924445, 1.0255040575010648, 0.3903982240944597, 1.0429417167764814, 0.6676758706120361, 0.986793644279909], "avg_rot_deviation": 0.8573484968835358, "rot_deviation_std_dev": 0.30675863601398107, "sum_boids_eaten": 690}