{"sum_size_of_clusters": 588, "all_cluster_sizes": [3, 3, 3, 4, 3, 4, 3, 4, 3, 3, 3, 3, 4, 4, 4, 3, 3, 4, 3, 3, 4, 3, 3, 3, 4, 3, 3, 3, 3, 3, 3, 3, 3, 3, 3, 3, 3, 3, 3, 3, 3, 3, 3, 3, 4, 3, 3, 3, 3, 3, 3, 3, 3, 3, 3, 3, 4, 3, 3, 3, 3, 4, 3, 3, 3, 3, 4, 3, 3, 3, 3, 3, 4, 3, 3, 3, 3, 4, 3, 3, 3, 3, 3, 4, 3, 3, 4, 3, 3, 4, 3, 3, 4, 3, 4, 3, 3, 5, 3, 3, 3, 3, 3, 3, 3, 3, 3, 3, 4, 3, 3, 3, 3, 3, 3, 3, 3, 4, 4, 3, 5, 3, 3, 3, 3, 3, 3, 3, 3, 3, 3, 3, 3, 3, 3, 3, 3, 3, 3, 4, 3, 3, 3, 3, 4, 4, 3, 3, 3, 3, 4, 3, 3, 3, 3, 3, 3, 3, 3, 3, 3, 3, 3, 3, 3, 4, 4, 3, 3, 3, 3, 3, 3, 3, 3, 3, 6, 3, 3, 3, 3, 3, 3, 3], "cluster_size_std_dev": 0.46138613760427427, "avg_cluster_size": 3.1956521739130435, "total_nr_of_clusters": 184, "sum_pos_deviation": 30.874352630137754, "all_pos_deviations": [0.18590096660713204, 0.20730919060155073, 0.13617488653281432, 0.18957558505132335, 0.14912938723702043, 0.16538851551759204, 0.22548322165427362, 0.1508598506879393, 0.17908143908732765, 0.21073585567274314, 0.17638897150101843, 0.20197418617017548, 0.12652982405903354, 0.1461002916701365, 0.19436810510041178, 0.14666761539580217, 0.08310188283350645, 0.20770216967442426, 0.2407941253973697, 0.14349956730747215, 0.21576260061090105, 0.16893260356149184, 0.18128720934334477, 0.1547441136170534, 0.16198261145910106, 0.16705223674739925, 0.15072638535811056, 0.09301349263008302, 0.16849304257484157, 0.17185003183990558, 0.18568114723315518, 0.11451856757672836, 0.15196999431311867, 0.17025137759201633, 0.16868347318102317, 0.1888084235073014, 0.10424896556503088, 0.1728359463655327, 0.19745893034437748, 0.1766850319249932, 0.17103173786051748, 0.21756346901615486, 0.19321629984110636, 0.10639407391498973, 0.12091498936572474, 0.12217797983298435, 0.20200857269440206, 0.04367699575982095, 0.21361887005819136, 0.16001047488353207, 0.22088161627543643, 0.23542683939255404, 0.19837623724732256, 0.12193257431949613, 0.10975548094997394, 0.17949292589638155, 0.12015847225059194, 0.15205850129957957, 0.11608126544002519, 0.16677300549178142, 0.13302049868052324, 0.1788442362746783, 0.156484629287329, 0.1585324349561443, 0.07953525834152862, 0.1460717483564509, 0.20437467662552464, 0.15671413660840441, 0.09847376709022337, 0.077318982563461, 0.10517495887432558, 0.1910780505077144, 0.25011501237282846, 0.24249710096976282, 0.1782354974796629, 0.21829660528383313, 0.1770325807504772, 0.17944046226306312, 0.19679360030679974, 0.06995694969737841, 0.1601904138095629, 0.22626131738803956, 0.12689627392983824, 0.12494856407739956, 0.221487838735985, 0.09734373260894152, 0.19455715064258172, 0.1601998586086003, 0.18859235723269796, 0.1957989112902354, 0.20388468003357987, 0.17148025348078957, 0.2054836488553411, 0.17256573336592948, 0.12847829508832784, 0.2377301045995616, 0.17121209767300458, 0.21048470607596276, 0.11059936648831077, 0.16076493125093497, 0.19308266766550478, 0.1533140623055433, 0.11863170942192036, 0.13514887719169374, 0.23253219139680634, 0.16872558058226098, 0.2003742836944706, 0.21258176437969456, 0.15378588657797837, 0.09989874939031268, 0.12989188424691062, 0.13623236667284716, 0.14430098726624513, 0.17177894539648644, 0.13168574329360874, 0.12418991604848828, 0.14071295083745847, 0.14162719483070768, 0.20960845240073858, 0.24796773337517888, 0.24777540375287005, 0.18173015664253586, 0.1865761667048368, 0.08914716575662716, 0.19690282387027735, 0.20610559438714815, 0.04971033856864034, 0.2117785982153939, 0.17969205981028843, 0.14991422205029992, 0.2229295510109152, 0.17044184099903278, 0.11003129857671856, 0.16094716029498082, 0.05975758493329334, 0.18488587672730147, 0.2311942859571587, 0.09287809741218105, 0.13305336965726464, 0.20886767930073505, 0.17972078974915776, 0.05095782325923312, 0.16620111794248169, 0.10933749633548279, 0.29630843688478387, 0.19177281232207066, 0.13875748571241328, 0.1440093190562851, 0.17300103066577244, 0.1941966928868082, 0.15196912412745853, 0.23858782168279333, 0.1763566499997018, 0.1799035649746582, 0.13293064615103248, 0.16820938837561106, 0.11808029646178586, 0.17072389433198457, 0.1429627579216219, 0.11610386827446595, 0.21689982515332093, 0.0965775765384544, 0.24218631416426184, 0.21197980119197823, 0.1668726171568099, 0.21550450787589795, 0.2300247709744374, 0.13585927252213723, 0.19105473936260123, 0.18399901857631762, 0.2176862519253154, 0.12454602409631133, 0.2113797840849511, 0.2162478018362122, 0.21642186375068287, 0.21816699174926457, 0.2512956560242667, 0.21875717750440327, 0.20506938300002445, 0.13120771932656305, 0.18984581449990867, 0.1239183352573785, 0.18735054045306343, 0.1407649769733553], "avg_pos_deviation": 0.16779539472900953, "pos_deviation_std_dev": 0.04537013658883906, "sum_rot_deviation": 162.47336479309251,