{"sum_size_of_clusters": 916, "all_cluster_sizes": [3, 5, 3, 3, 3, 4, 3, 3, 3, 3, 3, 3, 3, 4, 3, 4, 3, 3, 4, 3, 3, 3, 3, 3, 3, 3, 3, 3, 4, 4, 3, 3, 3, 3, 3, 3, 3, 3, 4, 3, 4, 3, 3, 5, 3, 4, 4, 4, 3, 3, 3, 3, 3, 3, 3, 3, 4, 3, 4, 3, 3, 3, 3, 7, 3, 3, 4, 3, 3, 3, 3, 4, 3, 3, 5, 3, 3, 3, 3, 3, 3, 3, 3, 4, 4, 3, 3, 4, 3, 3, 3, 4, 3, 3, 3, 3, 3, 3, 3, 3, 3, 3, 3, 4, 3, 3, 3, 3, 3, 3, 3, 3, 3, 3, 3, 3, 5, 3, 3, 3, 3, 3, 3, 3, 3, 3, 3, 3, 3, 5, 3, 3, 3, 3, 3, 3, 3, 5, 3, 3, 3, 4, 4, 4, 6, 3, 4, 3, 4, 4, 4, 3, 3, 3, 3, 3, 3, 3, 3, 3, 4, 3, 3, 3, 3, 3, 3, 3, 3, 3, 4, 3, 3, 3, 3, 4, 3, 5, 3, 3, 5, 3, 3, 3, 7, 3, 3, 3, 3, 4, 3, 3, 3, 4, 3, 3, 3, 3, 5, 3, 3, 4, 3, 3, 3, 4, 4, 3, 3, 8, 3, 3, 3, 4, 3, 3, 3, 5, 3, 5, 3, 3, 4, 3, 5, 3, 3, 4, 3, 4, 4, 4, 3, 4, 3, 4, 3, 4, 3, 3, 3, 3, 3, 4, 5, 3, 3, 3, 3, 3, 3, 3, 3, 3, 4, 3, 3, 3, 4, 3, 3, 3, 4, 3, 3, 4, 3, 3, 3, 3, 3, 3, 3, 3, 3], "cluster_size_std_dev": 0.7068158081111979, "avg_cluster_size": 3.330909090909091, "total_nr_of_clusters": 275, "sum_pos_deviation": 45.681657039130975, "all_pos_deviations": [0.17011929245523083, 0.258452739388527, 0.17235105756360203, 0.18095395287623575, 0.23062858820415655, 0.25649940909413804, 0.2118517694009258, 0.18363860518762512, 0.15545689088172196, 0.13020878535735994, 0.1046179121968586, 0.10661972779393879, 0.15640961313765525, 0.15348346136678037, 0.18105806300645985, 0.21008415031885241, 0.1752152018002681, 0.23140332890890822, 0.1682914588110133, 0.09878707089369067, 0.10736778822221188, 0.15584357104506116, 0.201485604628984, 0.10356919655947723, 0.14551727185039434, 0.16483868172991586, 0.17735728372046708, 0.20964532396432545, 0.12836798341873865, 0.18670240637213184, 0.07589190087720231, 0.2141828023594614, 0.18872777081156175, 0.1785392017549289, 0.14962918888209586, 0.04575005723367024, 0.20741765797535824, 0.23313307955737936, 0.219918115627364, 0.12502196237349691, 0.22832692692378445, 0.2183026911879502, 0.17397738326878245, 0.16166503244686964, 0.13593236027377115, 0.20203776961630357, 0.22444744155360263, 0.1615621707196081, 0.11030345378957497, 0.18105933184391046, 0.1742421882082319, 0.14780519774266018, 0.13972287401591982, 0.17261139216287003, 0.14011968672213082, 0.17800806768228108, 0.16560416697142563, 0.1411627936955963, 0.17521355860224785, 0.14069252768133958, 0.14699116431308973, 0.14226921891610253, 0.10276479108338403, 0.2840379468617305, 0.1459861174505163, 0.20899856024570773, 0.21444517821995643, 0.16272120964085715, 0.15942964081134428, 0.16965965155545606, 0.08427915183401151, 0.19223754786048597, 0.191443274380532, 0.11687723353340289, 0.1910708355703557, 0.23235756489979087, 0.17049180716493537, 0.17727945251989286, 0.1937165006121604, 0.11839708687896007, 0.18041845432028758, 0.2105710049859684, 0.1261382525629876, 0.17748744551819398, 0.2553768470661495, 0.18189220596449063, 0.17796044200614083, 0.20590856414111683, 0.17243034978519198, 0.1304587256558634, 0.10847691343976447, 0.233433564661275, 0.13376081587871555, 0.18741097558195877, 0.18524735401958115, 0.1702867223310882, 0.22023075246977242, 0.16515549322139675, 0.07405877803712016, 0.15662506546127722, 0.1414682714844289, 0.17434942989928584, 0.15668388258183794, 0.1856616146165256, 0.11591282133255339, 0.12888576602620969, 0.17270629507239502, 0.1778755285158284, 0.15335699484579363, 0.07562400016119644, 0.25369415572033277, 0.18842148038691067, 0.21814546181188377, 0.1431378311237597, 0.12133996300223836, 0.11734275146244755, 0.166666492017503, 0.13840764716842943, 0.08006159569242156, 0.16770904694169578, 0.1413723717959902, 0.10024061215449638, 0.16471840157677592, 0.09827543498349232, 0.13918936092523168, 0.1692200145382158, 0.2541228505483584, 0.2009761760809866, 0.17493394586875555, 0.20909112236897126, 0.1146723572870142, 0.06677743592367814, 0.1486625855117382, 0.11270086734770618, 0.09721422471122503, 0.11292916575390415, 0.05718018687139398, 0.20254960303225372, 0.13761345228549127, 0.16711014337898678, 0.1344641770997866, 0.19343175266949772, 0.25243787121639866, 0.21397848364553884, 0.23166648272142487, 0.1559153751502217, 0.13214516390087788, 0.11071522486242218, 0.21698513703658454, 0.1699821949567181, 0.1685273506605466, 0.18026488086318346, 0.1999532410723467, 0.11915219517372048, 0.19598028056310698, 0.15994274306240827, 0.18106411963867375, 0.14396426181265745, 0.19011324186200773, 0.1451568514178606, 0.10367726056571287, 0.13536284514752964, 0.14235389674436663, 0.07294471713008276, 0.1600758432464697, 0.17528695109431713, 0.2206425058657149, 0.13415372323201177, 0.17265874659378425, 0.1731721754024049, 0.1650044012387389, 0.21934005189207081, 0.11085555023961972, 0.22438782133179688, 0.1895785673189986, 0.1747316083718677, 0.15433559445517533, 0.21319801168395833, 0.2131178036335735, 0.15888968669162162, 0.17394739377661023, 0.13686854695599157, 0.15013272845538644, 0.24003828480702094, 0.26439880039255137, 0.15423582899987046, 0.1396532333656656, 0.1197909135753004, 0.12733005302711767, 0.21683992306708197, 0.20058341428770018, 0.11383267947644315, 0.15715706891121076, 0.2033455021412037, 0.15006022541726624, 0.12886016462732888, 0.1772524009141455, 0.1463237469266547, 0.10084655045505767, 0.21316985472053807, 0.20812904421270773, 0.17914748710025222, 0.19395721557037282, 0.16248576911876278, 0.18027602324693845, 0.2373067224662679, 0.060838617900946294, 0.13413080580609707, 0.17787370619358311, 0.2933265297673273, 0.21732505155415052, 0.116765722890406, 0.14559181604051377, 0.23127360910773032, 0.11175374705216155, 0.19490351661497038, 0.07739303535132937, 0.20574246114431333, 0.15727572337947668, 0.261252234845554, 0.21176359015626364, 0.1571508602530838, 0.2025450935207956, 0.19094428948924835, 0.20025166358885177, 0.09292144473877438, 0.11313874480937602, 0.09497148250445707, 0.15732274483805714, 0.211122350167421, 0.16217291100838868, 0.19337988499500558, 0.0983235515953635, 0.09466187805012516, 0.17471613162646635, 0.2012851848999897, 0.1886302981119992, 0.1409016048959821, 0.11115754226455364, 0.16119862329369986, 0.18539877803826546, 0.17259322527451557, 0.17913380895948017, 0.14605231900482543, 0.21820764782438964, 0.11244336939428108, 0.1790962938296871, 0.14361560482071803, 0.15026985390760775, 0.16633839374423467, 0.1762307744136421, 0.15897114594076228, 0.2538482109331557, 0.1483747255663182, 0.21661630049930783, 0.20398723742301983, 0.10527396325227024, 0.17481538616901582, 0.204491396963148, 0.07629662825208827, 0.1878403860336196, 0.12178825345196144, 0.17560942326488885, 0.20531996686284285, 0.17848482067818258, 0.07872341769669447, 0.15115274110527163, 0.21244806222191034, 0.1919268709293215, 0.18775455237409297, 0.1572930879335624, 0.1693608988363746, 0.16011289600394116, 0.19049488937279282, 0.1780879414307109], "avg_pos_deviation": 0.16611511650593083, "pos_deviation_std_dev": 0.04439682709466715, "sum_rot_deviation": 250.0256707667843,