{"sum_size_of_clusters": 584, "all_cluster_sizes": [3, 3, 3, 3, 3, 3, 4, 3, 3, 3, 4, 3, 3, 3, 4, 3, 3, 3, 3, 3, 3, 3, 3, 3, 3, 3, 3, 3, 3, 3, 3, 7, 3, 3, 3, 3, 3, 3, 3, 3, 3, 3, 3, 3, 4, 3, 4, 5, 4, 3, 3, 4, 3, 3, 3, 3, 3, 3, 3, 3, 3, 3, 4, 3, 3, 3, 3, 4, 3, 3, 3, 3, 3, 3, 3, 3, 5, 3, 4, 3, 3, 3, 3, 3, 3, 4, 4, 3, 3, 3, 4, 3, 3, 3, 3, 3, 3, 3, 3, 3, 3, 3, 3, 3, 3, 3, 3, 3, 3, 5, 3, 3, 3, 3, 3, 3, 3, 3, 3, 3, 3, 3, 3, 3, 3, 3, 3, 3, 3, 3, 3, 3, 3, 3, 3, 4, 4, 3, 3, 3, 4, 3, 3, 3, 3, 3, 3, 3, 3, 3, 3, 4, 3, 3, 4, 3, 3, 3, 3, 3, 3, 3, 3, 3, 3, 3, 3, 4, 3, 3, 3, 3, 3, 3, 3, 3, 3, 3, 3, 3, 3, 3, 3, 3, 3], "cluster_size_std_dev": 0.4803421224935391, "avg_cluster_size": 3.156756756756757, "total_nr_of_clusters": 185, "sum_pos_deviation": 31.328058578239975, "all_pos_deviations": [0.18800868858776387, 0.1538958045812951, 0.15173740948885964, 0.1029303391267115, 0.1470982539615451, 0.19329110001216052, 0.1785385544274416, 0.20023005878149766, 0.21286563016424875, 0.2404146288241061, 0.2194952621175429, 0.12736180221581336, 0.14114930145154334, 0.15302914235687123, 0.19385872211627606, 0.19202878689710387, 0.17700510520310717, 0.17016805153954895, 0.17303165519999142, 0.1794928750656133, 0.16048074745706123, 0.11857087782222527, 0.19727040946125107, 0.11704049356616447, 0.20290188271041512, 0.19271190362555946, 0.16531701621285141, 0.1809647788340986, 0.13131197715566909, 0.15149649748911104, 0.202206385946306, 0.2102407762021038, 0.205656617133495, 0.14110745651160153, 0.17763073079244038, 0.17255290611597818, 0.1954956968933914, 0.15254249834465874, 0.12395258017875233, 0.20037147281829545, 0.18367083681634722, 0.20528642149358634, 0.1559098177950166, 0.16478298249146292, 0.2517010755274349, 0.252558616476851, 0.11780111398418404, 0.19617288072363878, 0.12040551689000766, 0.19844442697188605, 0.19802937214628644, 0.1889041799886617, 0.2178429192884975, 0.15162358246023758, 0.07211926427373083, 0.23526520651238583, 0.18980250550343838, 0.19025273398958223, 0.19507499842199372, 0.15006150896376586, 0.09229693742622162, 0.10280227551919681, 0.16646638613620526, 0.18022011246210645, 0.0941970547566816, 0.08725080143423947, 0.16109742731710583, 0.2121925109887497, 0.14050546595403487, 0.20121535077747024, 0.19259675136783447, 0.18224583087382765, 0.1595083906239734, 0.25219433619060155, 0.09386926088012469, 0.10317520322576758, 0.17050162236129854, 0.17002033195191688, 0.17795781425393534, 0.25204427900251325, 0.16016825884833177, 0.175397750803189, 0.15159831246417443, 0.19808290415960286, 0.24016982996881717, 0.2349630255372502, 0.2373213547197853, 0.213721892529852, 0.1474767944644788, 0.1945420968803239, 0.1507738711295836, 0.14454194527704273, 0.11651869726694535, 0.11637497712720139, 0.21574486753414582, 0.19223353447565136, 0.2243210102682759, 0.17736855523952388, 0.08637887192654936, 0.11337739977756879, 0.2500420808582661, 0.12545358063871712, 0.2058293358735336, 0.16107282681310056, 0.10545647392607753, 0.16816536470461904, 0.20404245854486214, 0.11371458746960138, 0.1758927319300396, 0.1633792000515871, 0.2024687723810652, 0.19826141466803449, 0.2333987371394813, 0.15800003098752222, 0.18766131653582738, 0.21681331959069014, 0.18408204700114017, 0.2032416744446831, 0.19715434267256537, 0.10892155414340343, 0.22202778578147978, 0.055115281786905855, 0.13775663981068273, 0.1633634037882296, 0.12302135548030253, 0.16868057271036876, 0.1465467465177497, 0.16947887050547195, 0.1314249831527542, 0.16198932077514291, 0.19745117795279288, 0.1864607089932719, 0.17879692602661582, 0.15863539684828462, 0.14801664069459589, 0.2035035182780102, 0.18304909859384355, 0.09148311652945891, 0.18315792818134716, 0.1943765242865296, 0.17818905401690555, 0.1918288101542611, 0.21783637089717148, 0.24425076937447812, 0.18542646902844728, 0.19256712426160003, 0.19071419771801426, 0.24112870056650762, 0.21256362690029673, 0.16441074616583515, 0.10582013330816346, 0.2049174401786067, 0.22746016571896432, 0.16115273194084526, 0.20029176314746389, 0.1216710371800019, 0.18238323488450411, 0.16179555000051457, 0.16277047224627927, 0.13064049941426, 0.15245559941496403, 0.10612889824696231, 0.18135762703250136, 0.1813737437492107, 0.08641054858413162, 0.10928887964276478, 0.1692641979851693, 0.15563984860677404, 0.18481140852648784, 0.12949448140583367, 0.19381909920237683, 0.17888610402244595, 0.11349139533363395, 0.08844614066122118, 0.20896202528205743, 0.15043213520744028, 0.11180672594945369, 0.0914558658314873, 0.19539236675547536, 0.10827545198552652, 0.1012282347130173, 0.18551679795100037, 0.15513509406591397, 0.09789063978263668, 0.23128959211813557], "avg_pos_deviation": 0.16934085717967554, "pos_deviation_std_dev": 0.04201365198416405, "sum_rot_deviation": 156.71770899551896,