{"sum_size_of_clusters": 704, "all_cluster_sizes": [3, 3, 3, 4, 3, 3, 3, 3, 3, 4, 4, 4, 3, 3, 3, 3, 4, 3, 3, 3, 3, 3, 3, 4, 3, 3, 3, 4, 3, 3, 3, 3, 3, 3, 3, 3, 3, 3, 3, 3, 4, 3, 3, 3, 3, 4, 3, 3, 3, 3, 4, 3, 3, 3, 3, 3, 3, 3, 3, 3, 3, 3, 5, 3, 3, 3, 4, 4, 3, 5, 3, 3, 3, 3, 3, 4, 3, 3, 4, 4, 4, 3, 3, 3, 3, 3, 3, 3, 4, 3, 3, 3, 3, 3, 3, 3, 3, 3, 3, 5, 3, 3, 3, 3, 4, 4, 3, 3, 3, 3, 4, 3, 3, 4, 3, 3, 4, 3, 4, 4, 4, 3, 3, 4, 4, 3, 3, 3, 4, 3, 3, 4, 3, 3, 5, 3, 3, 3, 4, 3, 3, 3, 3, 3, 3, 3, 3, 3, 3, 3, 3, 4, 3, 3, 3, 3, 3, 3, 5, 3, 3, 4, 4, 4, 4, 4, 4, 3, 3, 3, 4, 4, 3, 3, 4, 3, 4, 3, 3, 4, 3, 3, 3, 3, 3, 3, 3, 4, 3, 4, 3, 3, 4, 3, 3, 4, 3, 3, 4, 3, 3, 3, 3, 4, 4, 3, 3, 3, 3, 3, 4, 3, 4, 4], "cluster_size_std_dev": 0.5036830696345463, "avg_cluster_size": 3.289719626168224, "total_nr_of_clusters": 214, "sum_pos_deviation": 36.4715205998428, "all_pos_deviations": [0.12990090122023035, 0.12692696103226336, 0.10550966001836204, 0.1813885518090869, 0.22649133414880207, 0.1364680152545477, 0.11032746751151858, 0.20288978121514356, 0.19274320300747785, 0.24634926677615065, 0.17954731247026046, 0.206633347376289, 0.22834428736971732, 0.17331694139114787, 0.13173247316754558, 0.18371658444790742, 0.22868136756098842, 0.25331358687730005, 0.21384714056399853, 0.20883345025476577, 0.14329677960408785, 0.15082779415012212, 0.12953740997258587, 0.2756270555200602, 0.1487851085156081, 0.12206570277958147, 0.12073458633040272, 0.20226438764989604, 0.11583390006615384, 0.09634471016713934, 0.18936745350611905, 0.1201607939545835, 0.14579953070202115, 0.19509054764086256, 0.12416617789568385, 0.18124434630708633, 0.07937422494172393, 0.24439843967092342, 0.11168608369027593, 0.17700814541295976, 0.21771187065785833, 0.1640266863544548, 0.16499863747201496, 0.11315391817123353, 0.2117719883941542, 0.21038950372484252, 0.2132410878330695, 0.19174641887085694, 0.1345228853691978, 0.1875886911956152, 0.23107657726822098, 0.20952191719874724, 0.15293854312748198, 0.17386797723564987, 0.11119174257371733, 0.14041841578234154, 0.20555103835282126, 0.1143875850643822, 0.13923263251788867, 0.1504235120127606, 0.16664866796820785, 0.15954335647080814, 0.22207166340748669, 0.16891719691938864, 0.17547310185275408, 0.11299334871770883, 0.20755358319277953, 0.1492280793651868, 0.20661821807263744, 0.2587944046004901, 0.17800975581755443, 0.19018017017862246, 0.13369933450658908, 0.2114333140418706, 0.16325966107273415, 0.16488091071302474, 0.0996044705590536, 0.12029423784882332, 0.16158192296394017, 0.24684160815975, 0.25034218381417683, 0.14269793245022358, 0.17136469038724747, 0.13646407644124167, 0.13851765544388792, 0.19182482888644944, 0.15109678942074625, 0.08249893573083285, 0.20927689312692363, 0.12334313098536646, 0.22534052250295422, 0.17638344871383907, 0.17660107921449533, 0.16248308241447357, 0.18495677810663516, 0.10275316040706038, 0.17778424974943133, 0.11231982601236663, 0.1998283058761472, 0.3024792470258977, 0.1478024075766092, 0.17330553388485234, 0.13772148995253713, 0.17490002029814963, 0.11530104431971366, 0.21789741670769888, 0.1439962962181817, 0.1488177484970962, 0.19068470094225146, 0.18010860451092395, 0.2200307263341361, 0.18618907353768185, 0.20585138833733585, 0.1398050001645558, 0.18837710555252632, 0.14111347215217743, 0.1458363015984556, 0.20041140037938296, 0.21912732052916528, 0.15414292572112215, 0.2611894818690585, 0.21437109524925013, 0.18704990550745001, 0.08951420394245342, 0.18912536822043605, 0.1929946058018922, 0.22636905677290628, 0.11300755808824682, 0.24445548749077106, 0.10876394320647166, 0.1610639673006776, 0.14302483685860276, 0.2386157839200107, 0.14764620986650234, 0.22333971393910795, 0.21002117778377596, 0.12721051615695514, 0.18912201800350784, 0.19267597277861817, 0.09675602483004624, 0.09336997365550437, 0.12409595653994314, 0.22274984282586285, 0.1410846738607656, 0.09573377755844444, 0.17111331393301554, 0.11966767365499555, 0.18449747756805648, 0.22010935449765748, 0.21291528679535113, 0.1332081899937867, 0.21168526094885445, 0.1720172443360952, 0.2096648086840268, 0.16382552551244903, 0.07523618297687361, 0.11261176845054362, 0.2120772572310562, 0.20207869101321937, 0.24715012936359085, 0.1303363148766424, 0.20969756558364328, 0.1801458616849706, 0.22187374723970543, 0.202433159054808, 0.13443849824934628, 0.2364080463505003, 0.18968777866558037, 0.15582626217418907, 0.20899691467524636, 0.106613768989135, 0.14008648969836432, 0.08659658960909909, 0.21348147838936904, 0.12367783676874237, 0.2056639028787444, 0.2535275700621658, 0.13170291192686115, 0.14153004156475402, 0.20102570618773327, 0.1259132765049684, 0.19382333358192963, 0.17878268204466072, 0.15639893251689943, 0.2095369504270065, 0.20442562126048094, 0.1361858671691841, 0.22093198777343126, 0.09963257285031428, 0.19974691123730148, 0.2294326257732023, 0.13355163285986213, 0.14282309912285732, 0.23149361800226895, 0.15500709143554836, 0.1794163012649396, 0.11666410343276513, 0.12524549972013396, 0.10988851864140588, 0.1219487934340675, 0.17383198079936377, 0.17804475022126462, 0.19687228772019072, 0.2218701437262889, 0.20825626534211994, 0.16854531656062607, 0.17341096054609054, 0.09258701638528881, 0.16611815543828598, 0.1287022247779848, 0.2183039745641097, 0.08429415731685429, 0.14816702381508315, 0.16096692047654107], "avg_pos_deviation": 0.1704276663544056, "pos_deviation_std_dev": 0.04497459819518638, "sum_rot_deviation": 187.99204548174959,