{"sum_size_of_clusters": 927, "all_cluster_sizes": [3, 3, 3, 4, 3, 3, 3, 3, 3, 3, 4, 3, 3, 3, 3, 4, 4, 3, 3, 3, 3, 3, 4, 3, 3, 3, 3, 3, 3, 5, 3, 3, 3, 3, 4, 4, 3, 3, 3, 4, 3, 3, 3, 3, 3, 3, 4, 3, 3, 3, 3, 4, 3, 3, 5, 3, 3, 3, 3, 4, 5, 3, 4, 4, 4, 4, 3, 3, 3, 3, 3, 4, 3, 3, 4, 3, 3, 4, 3, 3, 3, 3, 3, 3, 3, 3, 3, 5, 3, 3, 3, 4, 3, 5, 3, 3, 3, 4, 4, 4, 3, 3, 3, 3, 3, 3, 3, 3, 3, 4, 4, 3, 3, 3, 3, 4, 4, 4, 3, 3, 4, 6, 4, 3, 3, 3, 3, 3, 3, 3, 3, 3, 3, 3, 3, 3, 3, 3, 3, 3, 3, 3, 3, 3, 3, 5, 3, 3, 3, 3, 3, 4, 3, 3, 3, 3, 5, 4, 4, 4, 3, 3, 3, 3, 3, 3, 3, 4, 3, 4, 3, 3, 4, 4, 4, 3, 4, 4, 3, 3, 3, 3, 3, 4, 3, 3, 3, 3, 3, 4, 3, 3, 3, 3, 3, 3, 3, 4, 4, 3, 5, 3, 3, 3, 4, 3, 4, 3, 3, 3, 4, 3, 3, 3, 3, 4, 3, 3, 4, 3, 3, 3, 3, 3, 3, 4, 3, 3, 3, 3, 3, 4, 3, 3, 4, 3, 3, 3, 4, 4, 3, 3, 3, 3, 3, 3, 3, 3, 4, 3, 3, 3, 3, 3, 3, 4, 3, 3, 3, 3, 4, 5, 4, 4, 3, 3, 3, 3, 5, 3, 3, 4, 3, 4, 3, 3, 3, 3, 3, 3, 3], "cluster_size_std_dev": 0.5506154988325808, "avg_cluster_size": 3.298932384341637, "total_nr_of_clusters": 281, "sum_pos_deviation": 48.874249349285336, "all_pos_deviations": [0.210758067948103, 0.1896982709556594, 0.21075806794810303, 0.2472131206395305, 0.17650215850846684, 0.19142093417979286, 0.16733470510227014, 0.23418912043626783, 0.2328046565387484, 0.23143539676135738, 0.19322561328553742, 0.15594124324100286, 0.21844736964389602, 0.13371952463462952, 0.1970486125476378, 0.1677524912843622, 0.1677524912843622, 0.20519520777422584, 0.20519520777422584, 0.22134576242170212, 0.18632296342171903, 0.17031290381010553, 0.22384542615425726, 0.22306413630135621, 0.14754657347278785, 0.1749765701290145, 0.19286431268532236, 0.14054494110306406, 0.19866283719962544, 0.2041343359627965, 0.12807440506352588, 0.15227086703498027, 0.13453935636235279, 0.1736772511196164, 0.20127008491020545, 0.20127008491020545, 0.17410225347591424, 0.1628759756378603, 0.13799430339325128, 0.18756063019797334, 0.2373017387375788, 0.13550784733382507, 0.2159775191449481, 0.1902437310577582, 0.1868482695428968, 0.13275911642189495, 0.19959399302034897, 0.19137518117150978, 0.19835484497333025, 0.11286718503323989, 0.1910292911222726, 0.21075972421778455, 0.18369603587958017, 0.12513688966561934, 0.28929727120331933, 0.12603558655568867, 0.16475699553611786, 0.16475699553611786, 0.16057999095323106, 0.19144346522740663, 0.2985428789052409, 0.13313313851768005, 0.20284673046316193, 0.20284673046316135, 0.16404837908454462, 0.19432367241980555, 0.20783726642296543, 0.1927066787929802, 0.1372341319476377, 0.19751965764551202, 0.14886439836191906, 0.19130542822504357, 0.10885323312649751, 0.20869737897047555, 0.22255335281489186, 0.1302036647322573, 0.07243541953967339, 0.23785995090051978, 0.15896333566259416, 0.19463772046536423, 0.2234748072561441, 0.22288094340075593, 0.2107851097873286, 0.14214976875923876, 0.2034377228339287, 0.2163160141810625, 0.2172725068792786, 0.2575300336224725, 0.10152316494298687, 0.1501081232002991, 0.11533613200742647, 0.18911289235797926, 0.17856000169009933, 0.22376122051001857, 0.16612539094238477, 0.21270742125203682, 0.17694483535353234, 0.20534343589101464, 0.19355362798275144, 0.19355362798275144, 0.181668589423248, 0.19845265722456099, 0.19845265722456099, 0.12487373265423489, 0.1369792883197424, 0.0456264606516833, 0.11423946507790195, 0.19536493674391867, 0.2020669296101089, 0.21972254981880443, 0.11196030856492455, 0.17337477844624583, 0.1625174255882275, 0.1977860301076241, 0.14391642475464247, 0.2273105228837403, 0.2273105228837403, 0.2349982922427056, 0.18883931672969792, 0.2083874493883847, 0.1898085647323063, 0.18033804997158373, 0.23813944974393855, 0.19529223017908584, 0.16063629397410067, 0.16063629397410067, 0.2121033502903248, 0.1321352600057816, 0.18850971931296998, 0.08481829236478257, 0.21300188761461725, 0.14829705600996282, 0.20552196889600127, 0.1454932328825956, 0.1762914426685196, 0.15670265970452066, 0.11932199470268205, 0.09061079896848352, 0.16426129969283218, 0.2068834081985742, 0.20499975210763263, 0.0716546444292494, 0.09565371423813784, 0.14547879224852459, 0.18145850152530243, 0.22510546544776594, 0.14419516950737518, 0.19479049598515466, 0.15068108706888997, 0.11077353564251628, 0.13511951632089753, 0.21783621149742663, 0.17023186307980173, 0.18043752005144897, 0.15472083407552184, 0.1775126292583007, 0.20497916177531744, 0.2892352851895608, 0.20468263036214748, 0.20468263036214748, 0.19146438254742357, 0.19146438254742357, 0.23273145880836563, 0.1553656728567685, 0.13541752554774192, 0.19535320868635306, 0.1235037223046657, 0.21525553906046424, 0.1365378084030471, 0.16422997875617842, 0.09132698132209727, 0.1841446475593629, 0.21339854796781196, 0.22509435922434498, 0.11923397304378101, 0.17108289588097478, 0.10442736842041651, 0.2270018110865476, 0.180739781060237, 0.1586424403855967, 0.16024419595717596, 0.16420141112353234, 0.15802871772629004, 0.23309715527704564, 0.1932602268481619, 0.14505453788156178, 0.14505453788156178, 0.14505453788156178, 0.2527705449283662, 0.18569677581469682, 0.1752208481923112, 0.19742146525412352, 0.17973955726331103, 0.23084308465076883, 0.1249236332418292, 0.14624925968220592, 0.16681118469015424, 0.2074909229326921, 0.19216478880100096, 0.16717435678471382, 0.09507155965611418, 0.1454991514504164, 0.22892926105387792, 0.10647658352080418, 0.20953236101783898, 0.17935412941831327, 0.2229452398428503, 0.17100334392524522, 0.15710770679325312, 0.2072145090793359, 0.2032201188553773, 0.15710365677412483, 0.19151115986715583, 0.14386896801826557, 0.18947216170347927, 0.08070119637563435, 0.1357152205735675, 0.13571522057356802, 0.1400303554305317, 0.23463103126934345, 0.23463103126934345, 0.23463103126934345, 0.17020514804465478, 0.13389233419473864, 0.06753372027404085, 0.17814261333990286, 0.11649784943132856, 0.1852498108544323, 0.1700625484779473, 0.13344324905159602, 0.16279343768035207, 0.12967945802364853, 0.07174831197914415, 0.1898199976028163, 0.18450996050037397, 0.06750178082349502, 0.04389299664062105, 0.0438929966406211, 0.1923932086182841, 0.169870864989219, 0.16035075319096354, 0.1738128858455534, 0.14697852384732324, 0.1852630250793504, 0.15792320082224695, 0.1810302225528282, 0.10279718506876345, 0.18662548806690918, 0.17984921262652345, 0.15532261867295613, 0.17121839069916997, 0.1572282963623252, 0.1263944000764232, 0.1263944000764232, 0.10655025233268957, 0.17043417568902228, 0.17895521534405534, 0.12268133084290656, 0.11516127255284632, 0.1470102417027633, 0.13258330363942575, 0.17434289546682855, 0.18179602195775238, 0.21410396718377442, 0.13383286290204974, 0.18176933878458168, 0.18499851341095885, 0.1800231170540697, 0.2030414334211223, 0.18325168044353365, 0.20641385105708168, 0.3228070692385797, 0.19838856295754748, 0.13652446795907192, 0.15390841627044904, 0.09351471681050925, 0.17734512017331205, 0.18149365856289, 0.17734512017331205, 0.17844533772284657, 0.20918442117065741], "avg_pos_deviation": 0.17392971298678056, "pos_deviation_std_dev": 0.04336532407877614, "sum_rot_deviation": 250.28627990943104,