{"sum_size_of_clusters": 559, "all_cluster_sizes": [3, 3, 4, 3, 3, 3, 3, 3, 3, 3, 3, 3, 3, 3, 4, 3, 3, 3, 3, 3, 3, 3, 3, 4, 3, 3, 3, 3, 3, 3, 3, 3, 3, 3, 3, 3, 3, 3, 3, 3, 3, 3, 3, 3, 3, 3, 3, 3, 3, 3, 3, 4, 3, 3, 3, 3, 3, 3, 3, 3, 3, 3, 3, 3, 3, 4, 3, 7, 3, 3, 3, 3, 4, 3, 3, 3, 3, 3, 3, 3, 3, 3, 3, 3, 3, 3, 3, 4, 4, 3, 3, 3, 3, 4, 3, 3, 3, 3, 3, 3, 3, 4, 4, 4, 3, 3, 3, 4, 3, 3, 3, 4, 3, 3, 3, 3, 3, 3, 4, 3, 3, 3, 3, 3, 3, 3, 3, 3, 4, 3, 4, 4, 3, 3, 4, 3, 3, 3, 3, 3, 3, 3, 3, 3, 3, 3, 4, 3, 3, 3, 3, 4, 3, 3, 3, 4, 3, 3, 3, 4, 3, 4, 4, 3, 3, 3, 3, 4, 3, 3, 3, 3, 3, 4, 3, 3], "cluster_size_std_dev": 0.46315546743289876, "avg_cluster_size": 3.1761363636363638, "total_nr_of_clusters": 176, "sum_pos_deviation": 29.383158684630843, "all_pos_deviations": [0.1982763134325113, 0.15801698749739754, 0.200453242309127, 0.14949470908134702, 0.12822202824963827, 0.20786553479876294, 0.13458496769021894, 0.11156574234870593, 0.16985754826429342, 0.24151171048698009, 0.18884059822829594, 0.139569460888475, 0.16379705640027584, 0.16943174795168456, 0.12693503709264858, 0.17253570214821198, 0.18737743915603758, 0.20204454661004143, 0.16786853936291823, 0.2331706201915226, 0.21282507379779914, 0.2504880039350925, 0.09375310476540044, 0.21101825748046532, 0.18269341415794751, 0.13721981166173672, 0.0928168660304012, 0.1424915440583813, 0.15503494195579626, 0.17513344222040553, 0.18442512689064602, 0.16215439938755474, 0.07825260206762917, 0.10195190756430894, 0.13489129290260554, 0.20128019557283314, 0.1815706913738148, 0.1574053647791354, 0.16753631681120199, 0.19182502087457512, 0.11547416725182687, 0.19562659104884586, 0.18041315835138852, 0.12954671419972272, 0.1537631839361572, 0.17563156327709853, 0.18844338912740843, 0.06516495851585079, 0.13085907611789188, 0.17191809129197308, 0.20516949464108336, 0.16589882479343204, 0.17397760475213495, 0.21435661535312578, 0.18676516479376906, 0.18933556306744218, 0.10521166179794277, 0.11083784467696726, 0.17183350876844825, 0.16545007510790952, 0.0846152229497558, 0.08692902328484763, 0.2519331591874117, 0.20468972277335384, 0.19679701814382375, 0.11377815788174434, 0.18098342176796256, 0.29918904456358486, 0.19754627938586133, 0.11283385196554953, 0.22400427996562056, 0.204070599797847, 0.19820364180505004, 0.1788007244980134, 0.09023823959449358, 0.11667722502797766, 0.20893576367255587, 0.21920901222413347, 0.16975179589689446, 0.1615216230385173, 0.11943778325832947, 0.0600679895965639, 0.21264129248479094, 0.0644297773792563, 0.23867122162071194, 0.17796297773919323, 0.17126858289561375, 0.17239904702786144, 0.1947185767805364, 0.13303579274777488, 0.16608137142132814, 0.17322915180843534, 0.14851548028243425, 0.11887702444746305, 0.1906780932927192, 0.2054217747252177, 0.1464584053448049, 0.13553975201854546, 0.16358386377527845, 0.11375873627266282, 0.08690168996649707, 0.2411286741643789, 0.22230524916441166, 0.20853166328442238, 0.07741200010271045, 0.16321185137178074, 0.10790734837535376, 0.1850876729404878, 0.21688406477345232, 0.17217050320305768, 0.16904994911433957, 0.1788977818361147, 0.16949874660838726, 0.14376848340236198, 0.12532923567624024, 0.09017532193420824, 0.14446340544827557, 0.1587507562154594, 0.1729392077752513, 0.18282672882986142, 0.15060784651690087, 0.10904160386177338, 0.09372647135764599, 0.19655083509499102, 0.16655698287599138, 0.13088406851335352, 0.24331859436684689, 0.16590272684024257, 0.20811157624814347, 0.08944425683756413, 0.2285605834293579, 0.21312858437217175, 0.1394053615302611, 0.1491521817727917, 0.14639186844534927, 0.2137434055979551, 0.24649097584445448, 0.14359877955858322, 0.23461930441666154, 0.10146936872299399, 0.18233173808659964, 0.22968393113438176, 0.19152257915528656, 0.1586764455927558, 0.1464999331560785, 0.15660497561019374, 0.22344937815560761, 0.2289750026361074, 0.17146197125507376, 0.14018178374673543, 0.16044693038911093, 0.16572633641737175, 0.21565195687741254, 0.18552040714088813, 0.22208742469959955, 0.10781665816363412, 0.18469090591979, 0.16189082671516877, 0.12834060428854246, 0.11003857342602714, 0.17309373054569713, 0.2680787697395221, 0.2064141703673972, 0.1974293102434438, 0.08858533752101633, 0.1675825028120702, 0.17852864864105553, 0.13706125161721372, 0.17985699216695417, 0.22733638045637405, 0.24187911387136254, 0.22154928858221604, 0.1220440834232716, 0.13643619850064007, 0.22007669609817773, 0.08831347339521324], "avg_pos_deviation": 0.16694976525358432, "pos_deviation_std_dev": 0.04555014954126643, "sum_rot_deviation": 157.62554017902846,