{"sum_size_of_clusters": 822, "all_cluster_sizes": [3, 3, 5, 3, 3, 3, 3, 3, 4, 3, 3, 3, 3, 3, 3, 3, 4, 3, 3, 3, 3, 3, 4, 3, 3, 6, 3, 3, 4, 3, 3, 3, 3, 3, 3, 3, 4, 3, 3, 3, 3, 4, 4, 3, 4, 5, 3, 3, 3, 3, 3, 3, 3, 3, 3, 3, 3, 3, 3, 3, 3, 3, 3, 3, 3, 3, 3, 3, 4, 3, 3, 3, 3, 5, 3, 3, 3, 3, 3, 3, 3, 4, 3, 3, 3, 3, 3, 3, 3, 3, 3, 3, 3, 3, 3, 3, 3, 3, 3, 3, 3, 3, 3, 4, 3, 4, 3, 3, 3, 3, 3, 3, 3, 3, 3, 3, 4, 3, 3, 3, 3, 4, 4, 3, 3, 4, 3, 3, 3, 3, 3, 4, 3, 3, 3, 5, 3, 3, 3, 3, 3, 3, 3, 3, 5, 3, 5, 3, 3, 3, 3, 4, 4, 3, 3, 3, 3, 3, 3, 4, 3, 3, 3, 4, 3, 4, 3, 3, 3, 3, 3, 4, 4, 3, 4, 5, 4, 5, 3, 3, 3, 3, 3, 4, 3, 3, 3, 3, 3, 3, 3, 3, 3, 3, 3, 3, 7, 3, 3, 3, 3, 4, 3, 3, 3, 3, 3, 3, 3, 4, 3, 3, 5, 4, 3, 3, 3, 5, 3, 3, 3, 3, 4, 3, 3, 3, 3, 3, 3, 3, 3, 3, 3, 3, 3, 4, 3, 3, 3, 3, 3, 3, 3, 3, 3, 3, 3, 3, 4, 3, 3, 3, 3, 3], "cluster_size_std_dev": 0.5756136840408782, "avg_cluster_size": 3.236220472440945, "total_nr_of_clusters": 254, "sum_pos_deviation": 41.789154058683856, "all_pos_deviations": [0.2604107759058358, 0.16146057428690322, 0.21157317161080616, 0.13437039029020878, 0.10797529244675007, 0.04497193267692093, 0.18710802122263892, 0.1805883036517341, 0.1954344899646382, 0.14632934490827543, 0.060391408374822014, 0.2006364761671061, 0.21524813332534462, 0.1284480493530066, 0.20993060442779743, 0.2089870813825986, 0.14759619007119262, 0.13184427383664413, 0.1000148754433617, 0.16314256877870256, 0.18878692480243706, 0.1422693964777, 0.16155256542360602, 0.1285656318726225, 0.05961932014174507, 0.20234034897666434, 0.17600244467955276, 0.20196543453369312, 0.17270483029977277, 0.18995751732151633, 0.1637043469670558, 0.17869291921982364, 0.1173329491274356, 0.14092965949068512, 0.08076806371523061, 0.10308336897036419, 0.14102380607637696, 0.15595548191172148, 0.1814203767781958, 0.06880241400007094, 0.1775010125046271, 0.2058991087946019, 0.18333713043814523, 0.1635857916063799, 0.18672847302513196, 0.172766557963159, 0.1979603382835137, 0.22109978543962813, 0.18670926577528324, 0.13988185831137548, 0.14092884236164943, 0.16947322671219334, 0.11166273147707219, 0.19164767823172824, 0.12738934513244513, 0.1713135764109273, 0.1407142770663471, 0.21151257756508016, 0.16062329459218072, 0.213037234892044, 0.1414665002863339, 0.14000504693700788, 0.06530709778699306, 0.13142117026112096, 0.15688652052925361, 0.23124520194431805, 0.12513466794924571, 0.10991003415768792, 0.18395436322415104, 0.17855329924858718, 0.13614782196123862, 0.17284503302645446, 0.14882534789023957, 0.23506390458637708, 0.11706667017507599, 0.06135724963312623, 0.18466763677049966, 0.1504922968823962, 0.18404714384410092, 0.2410100277816103, 0.14400402697845713, 0.14483164484933328, 0.20068535255503783, 0.12482924385707021, 0.1140699850958272, 0.13243063914741302, 0.17282500811046386, 0.1459751263090742, 0.17523280418610773, 0.15652490505582511, 0.16207527876693675, 0.19296758922485144, 0.17724614482162204, 0.1971546203480967, 0.16895682893351616, 0.11348422200739176, 0.16597672351663179, 0.18384851566066848, 0.19023626101235977, 0.18965825890542934, 0.12704801023607973, 0.2275606586693507, 0.16230531819849103, 0.2727782616337765, 0.13578004791177753, 0.20171376408646768, 0.1437911425707696, 0.12838001711952676, 0.22425906715720245, 0.13670126363114735, 0.1418446707092078, 0.08389920302262542, 0.19966126562325717, 0.16250142601567474, 0.21697471598608364, 0.18607239427266678, 0.2495612991893357, 0.1415554045409295, 0.1925245059454733, 0.18388920005358325, 0.19382815819123392, 0.09905978682557127, 0.13672602479423254, 0.20384139869668774, 0.13646823892838805, 0.26825736069342815, 0.10774723698825617, 0.2069513460414384, 0.20132303567097143, 0.14766014510054604, 0.20866276659088925, 0.2036041737955999, 0.21937326034883867, 0.12888733718243578, 0.1355761108136255, 0.186267923244753, 0.19154468154504256, 0.10852664237963604, 0.22466979894189312, 0.13471524550209427, 0.11560268559866105, 0.17540867435937788, 0.19944877868191857, 0.09609476471208961, 0.16862199850006038, 0.13886291444148277, 0.255402924205333, 0.10051607152386505, 0.14113051446455901, 0.20758085216888478, 0.19372394047263564, 0.21326658477615013, 0.1959020222133773, 0.1878220545157332, 0.13377077816608793, 0.14089321639304267, 0.17511811439364863, 0.1027164692015519, 0.18858722101995673, 0.16845030366727742, 0.06539335684414375, 0.18828736276590838, 0.2051136868508865, 0.2741085643216912, 0.20797000467807056, 0.1641216149789826, 0.14621211626554087, 0.200300424902254, 0.18359890349450983, 0.12337551566129229, 0.13779390331698013, 0.2089665677664578, 0.2960564226825236, 0.08608273317235875, 0.1742630032089678, 0.23721488046464176, 0.1723270316392875, 0.24473406245137935, 0.19287440712919968, 0.2035452865065737, 0.07078329784658614, 0.2508220243431545, 0.12506588736801413, 0.1930520827068228, 0.11755975607344672, 0.1818364783189935, 0.13167423881839235, 0.10845666845157231, 0.16213739102543565, 0.21175231831982788, 0.2059625925228946, 0.11541972173452875, 0.1574004560864626, 0.08375390318508269, 0.1457497637597461, 0.09930469312498363, 0.27420617160065025, 0.14251642355233987, 0.18446288588038814, 0.09114437070600855, 0.13353609102553307, 0.1358382932098499, 0.10261189600957714, 0.07565623022294031, 0.06889642719749349, 0.20378813162680212, 0.12417218548242921, 0.22092230104280808, 0.09463917256214355, 0.22955092513318212, 0.09766325174027034, 0.22007366647308002, 0.2301411293619815, 0.17159723635548305, 0.08810548103141423, 0.16918277864350442, 0.1655881524920617, 0.14115423583842562, 0.1674246797853407, 0.18432810672574074, 0.22383374691252148, 0.13669037568998907, 0.16363829756689693, 0.23703639716537106, 0.12823461259880156, 0.21744188509067494, 0.23301387026250286, 0.15656165238513947, 0.09489714832849833, 0.17608189735743465, 0.11795296574993053, 0.15570924555542826, 0.19148127046389943, 0.14207189364186437, 0.1551211417394616, 0.18354322010107113, 0.23946172094494914, 0.158447144823206, 0.1680033559311632, 0.2184634329750852, 0.13936818045579205, 0.17614514212603385, 0.12205232793299876, 0.15995793537932967, 0.1572241946302723, 0.129657922473672, 0.17218748947506912, 0.19193128804960305, 0.15340702801727205, 0.21461538720320208, 0.13115043102096505, 0.1792319165025944, 0.21166018542188647, 0.12706273618657202], "avg_pos_deviation": 0.1645242285774955, "pos_deviation_std_dev": 0.04614066223136499, "sum_rot_deviation": 238.41055333457075,