{"sum_size_of_clusters": 782, "all_cluster_sizes": [4, 3, 3, 3, 3, 3, 3, 4, 3, 3, 3, 3, 3, 3, 3, 3, 3, 3, 3, 3, 3, 3, 3, 3, 3, 3, 3, 3, 3, 3, 3, 3, 3, 3, 3, 3, 3, 3, 3, 3, 3, 4, 3, 3, 3, 3, 4, 3, 3, 3, 3, 3, 3, 3, 4, 4, 4, 3, 3, 3, 3, 3, 4, 3, 3, 4, 4, 4, 3, 3, 3, 3, 4, 3, 3, 3, 3, 3, 3, 4, 4, 3, 3, 3, 3, 3, 3, 3, 4, 3, 3, 3, 3, 3, 3, 3, 5, 3, 3, 3, 3, 3, 4, 3, 3, 3, 3, 3, 4, 3, 4, 3, 3, 3, 3, 3, 3, 6, 3, 3, 4, 3, 3, 3, 3, 3, 3, 3, 3, 3, 4, 3, 3, 3, 3, 3, 3, 3, 3, 3, 4, 3, 3, 3, 3, 3, 3, 3, 5, 3, 3, 3, 3, 3, 3, 3, 3, 3, 3, 3, 3, 3, 3, 3, 3, 3, 3, 3, 3, 4, 3, 3, 4, 3, 3, 4, 3, 3, 3, 3, 4, 3, 3, 3, 4, 3, 3, 3, 3, 4, 4, 3, 3, 3, 3, 3, 3, 3, 3, 5, 3, 3, 3, 3, 3, 3, 3, 3, 3, 3, 3, 3, 4, 3, 3, 3, 4, 3, 5, 4, 4, 3, 3, 3, 3, 3, 3, 3, 3, 4, 3, 3, 3, 4, 3, 4, 3, 3, 3, 4, 3, 3, 3, 3, 3], "cluster_size_std_dev": 0.4615710585464114, "avg_cluster_size": 3.1918367346938776, "total_nr_of_clusters": 245, "sum_pos_deviation": 40.05854188209582, "all_pos_deviations": [0.13913627465943149, 0.256138836925013, 0.10764643360105074, 0.10858901447400841, 0.08554959760249396, 0.18980075719794112, 0.23693271984293518, 0.22769136751234664, 0.2398099343566221, 0.14263543367325252, 0.09391465187022004, 0.14650271391726447, 0.1408372255969587, 0.1120264779876568, 0.19732326138347203, 0.17669860297779053, 0.1346757492416143, 0.1807791142178796, 0.1269988719126541, 0.19135805338444242, 0.18238869686919323, 0.1452313137862172, 0.2246417363979546, 0.155307113836339, 0.1624742060671992, 0.13474557853486477, 0.15423513921916923, 0.13610345031802484, 0.2053455331756486, 0.09131484883572782, 0.15968239299486475, 0.15742932009876434, 0.19959058951901876, 0.21763017293274609, 0.16780304039442928, 0.219413614623023, 0.0658924632600388, 0.20775870421042075, 0.13652906420092756, 0.1731467065891457, 0.13434929609687554, 0.22372507243104087, 0.1739398706303675, 0.0849435096578967, 0.17306903552959962, 0.1992611507862769, 0.19507232471724198, 0.17533428688771327, 0.14660295011200952, 0.18780404615259982, 0.1609924040043459, 0.17686322511557126, 0.15234934455626212, 0.2198020217709942, 0.22119391527058263, 0.22060818610093236, 0.1331511070046463, 0.21240584120922393, 0.12926517991566525, 0.16885474562095013, 0.09509528586165426, 0.1335107152400485, 0.20921795133863505, 0.17295043322581594, 0.1640958564174482, 0.23629477643933214, 0.19909158339222863, 0.184957662589901, 0.19693903748810335, 0.14807724428756638, 0.0754262523620531, 0.16127768353243752, 0.20275182663595395, 0.16793998553378, 0.18685069583492755, 0.08787030749965219, 0.16434946074892756, 0.16491476638807503, 0.1342501859606918, 0.21315604899998516, 0.13371847324632788, 0.12983674153913308, 0.20197501358386086, 0.13855732708676657, 0.2275550828064249, 0.16284009753886888, 0.09685920354584034, 0.1799663510511841, 0.24866826695462083, 0.21816616071009767, 0.07341595480264469, 0.18778936430063178, 0.14940834715419352, 0.10587427126808706, 0.0863950957158575, 0.24108167144004966, 0.29038885372382117, 0.1865136166306185, 0.21130314827785165, 0.12732614201410153, 0.19307794439391945, 0.06790570711198575, 0.17810983048619108, 0.15724342438917632, 0.06712907709391149, 0.2446870937680006, 0.16765893441867372, 0.18147037069277303, 0.20098819125185133, 0.1310394155176076, 0.1585903543122641, 0.1609872871770825, 0.11980725213095393, 0.16018527620396608, 0.14005545581908727, 0.20851711592974795, 0.23314492832836786, 0.2784929731539335, 0.20674173784308514, 0.09429644968699187, 0.20410615396863285, 0.1860199248485774, 0.16945983481525875, 0.12038794921531333, 0.18164601860589483, 0.19708778939034702, 0.17585720649731654, 0.05071287231315217, 0.20214691862153275, 0.19851222757754414, 0.2211076884173969, 0.19477480177522175, 0.20142851305090712, 0.13743797619496426, 0.18999724922332004, 0.08235193557270896, 0.11561312078738649, 0.13689799418714696, 0.16404307965261308, 0.2044414646400123, 0.16097166565276588, 0.14887472993385786, 0.19307505051166587, 0.19510337551769807, 0.18034457535956672, 0.1782633891402966, 0.19578359921599278, 0.18017055696642326, 0.2520931932914218, 0.11681182120068823, 0.2229680384713063, 0.17563883492116716, 0.15497771812823263, 0.08395206578917654, 0.15837281465816488, 0.18673608230456104, 0.17220633786985493, 0.11901009916349219, 0.18572721539319623, 0.16318726336119366, 0.03179129609541253, 0.07758964910247822, 0.11815419122078553, 0.17370558490102353, 0.2044252401177755, 0.11429539020113162, 0.12219859352679356, 0.06459627803031795, 0.10188093561570026, 0.132353529227639, 0.15325286944729175, 0.14118881599971678, 0.2329693470144424, 0.14356496120488987, 0.12341905123493553, 0.13748369712528444, 0.16744627071775905, 0.1858714503694853, 0.20514260857607283, 0.15638782405983245, 0.2123759100252223, 0.08148959477591938, 0.11504223349836544, 0.14801839084021876, 0.19022168625583713, 0.179522004824097, 0.19398467451690757, 0.1619661930124935, 0.15978862303209393, 0.2504958069530281, 0.26063353979748055, 0.14509881603656546, 0.1475240262257146, 0.16243397001178067, 0.12202834907702746, 0.17016452876611957, 0.11270099664261617, 0.1797298551059743, 0.1810438914246051, 0.19056031216252917, 0.17441550252157081, 0.13649612857568227, 0.18976730290364938, 0.12839723295821806, 0.14733797769760543, 0.20641510495762602, 0.13129034747699636, 0.2048996334265102, 0.13643418773615204, 0.17996529324279179, 0.12923827560074233, 0.12393001029936401, 0.0806606355992908, 0.18639587375737077, 0.1873779628869262, 0.179481308221257, 0.09539934419168473, 0.12595205273390953, 0.19836518908544956, 0.1453687246365165, 0.1334017384606262, 0.18579262423633183, 0.10991745215160724, 0.17886248610488276, 0.22983648166058165, 0.052307729898585786, 0.16057143652946795, 0.20120156848039494, 0.13501600954665519, 0.21769849508914554, 0.16412713621316832, 0.10815314169820811, 0.17547016078135327, 0.23330808598332398, 0.19319692820999332, 0.08815290982607706, 0.20379402724879547, 0.10465296946696966, 0.2153972402467099, 0.2439509502646057, 0.1252826712296185, 0.09475165024813574, 0.15463718279604557, 0.12827031733912245, 0.1542802122494126], "avg_pos_deviation": 0.16350425257998294, "pos_deviation_std_dev": 0.04635812823432805, "sum_rot_deviation": 213.02944609248314,