{"sum_size_of_clusters": 811, "all_cluster_sizes": [3, 3, 3, 3, 5, 3, 3, 5, 3, 3, 4, 3, 3, 3, 3, 3, 3, 4, 3, 3, 3, 3, 3, 5, 3, 3, 3, 3, 3, 3, 3, 3, 3, 3, 3, 3, 3, 3, 3, 3, 3, 4, 3, 3, 3, 3, 3, 3, 3, 3, 3, 5, 4, 3, 3, 3, 3, 3, 3, 3, 4, 3, 4, 4, 4, 4, 3, 3, 3, 3, 3, 3, 3, 4, 3, 3, 4, 3, 3, 3, 5, 3, 3, 4, 3, 3, 3, 3, 3, 3, 3, 3, 3, 4, 3, 3, 4, 4, 3, 3, 3, 4, 3, 3, 3, 4, 3, 3, 3, 4, 3, 4, 3, 3, 3, 3, 3, 3, 5, 3, 4, 3, 3, 3, 3, 3, 3, 3, 3, 4, 4, 3, 3, 3, 3, 3, 3, 3, 3, 3, 3, 3, 3, 3, 3, 3, 4, 3, 3, 3, 3, 3, 3, 3, 3, 3, 4, 4, 6, 3, 3, 3, 3, 4, 3, 3, 3, 3, 3, 3, 5, 3, 3, 4, 3, 3, 3, 3, 3, 3, 3, 3, 3, 3, 3, 3, 3, 3, 3, 3, 3, 3, 4, 4, 3, 3, 3, 3, 3, 3, 3, 3, 3, 5, 3, 3, 3, 3, 3, 4, 3, 3, 5, 3, 3, 3, 3, 3, 3, 3, 3, 3, 4, 3, 3, 4, 4, 4, 4, 4, 3, 3, 3, 5, 3, 4, 5, 3, 3, 3, 3, 4, 3, 3, 4, 5, 4, 3], "cluster_size_std_dev": 0.5651813278889173, "avg_cluster_size": 3.2701612903225805, "total_nr_of_clusters": 248, "sum_pos_deviation": 43.21729930532954, "all_pos_deviations": [0.15189230307950666, 0.14616501962498638, 0.17970550249373304, 0.16365880075900288, 0.24051167810234544, 0.110252526278518, 0.13160860989147252, 0.22177007389050146, 0.1418262165577253, 0.1192636573495683, 0.26248052272781097, 0.10756702194002914, 0.14242878187971467, 0.16030523999753726, 0.22446178178961954, 0.11448368283820513, 0.22826142642468542, 0.24147705042535858, 0.23691618345955381, 0.2012015445132815, 0.17203004782388887, 0.18551134750233345, 0.14639196560823053, 0.16946940280026918, 0.21704011440431767, 0.19458808736643743, 0.1826085995072764, 0.19309875413230806, 0.13171663558228783, 0.16833969581752198, 0.1254565862375423, 0.13225712497539593, 0.21629734110648993, 0.19391242418185406, 0.16406914527844377, 0.13501822468355681, 0.15531376452411022, 0.18086874805418215, 0.14583306712195396, 0.22304058810247399, 0.12511969880518684, 0.16932987212847092, 0.17819433436683138, 0.13446649329852514, 0.16937444698843782, 0.16514695472836247, 0.17678551973249068, 0.12886121136546339, 0.1537525739488377, 0.20040503844438937, 0.20544102070640693, 0.2152947373470652, 0.15971557521987842, 0.18466418290896688, 0.23321879745174234, 0.08678915727590027, 0.1927642486089016, 0.20560575202212336, 0.11338594638365858, 0.19227239270490837, 0.20815875434712128, 0.1286545527216528, 0.18984647812314429, 0.21831572015622558, 0.18112591228477323, 0.1015460866346579, 0.10454654799397885, 0.22043980725251314, 0.15628750588071774, 0.18585625167899866, 0.09104324244298904, 0.2548455638778011, 0.21641237369510233, 0.22151779669711094, 0.15062509945893965, 0.09210300085790861, 0.16316080835497693, 0.15807206837826163, 0.12614959593705816, 0.1923309984494186, 0.18543464234383095, 0.21169216655920822, 0.14001831426601058, 0.21249285709624008, 0.0870336877215797, 0.1612584717883174, 0.09707211982896329, 0.12280556605700148, 0.1805883847789723, 0.2116883724385719, 0.16913056719668149, 0.23055829717816212, 0.14360540849724432, 0.16418219177268575, 0.16621390456499688, 0.15426362577178562, 0.19956249849376587, 0.22819047142155646, 0.18143852617503797, 0.17442724771638174, 0.1067955908287373, 0.2393590522010172, 0.13193920110521326, 0.19553437629262282, 0.12449202451011343, 0.20066628476642215, 0.17568904335302507, 0.06168483938085395, 0.230921426534321, 0.2089422478405434, 0.19686217657327978, 0.20036513827833682, 0.20734341708302137, 0.2105359324463291, 0.12433492409028035, 0.18995632743622606, 0.147720755128702, 0.20251877417043665, 0.23528783012933158, 0.1969320134848309, 0.21068578084238113, 0.09986068271670745, 0.20236988105061493, 0.2188513898914617, 0.14740317243844803, 0.11345854445296104, 0.16563344215665943, 0.1399670830112055, 0.16502797221129709, 0.173127901695413, 0.2257878303334453, 0.23281827065382307, 0.22380144358015264, 0.1907992261227148, 0.18969292646850852, 0.17706556377085927, 0.19521181400282586, 0.09654462925300701, 0.20135360642965258, 0.16091380328050425, 0.09138892057665671, 0.1976289044883499, 0.14094082480424708, 0.20629315242250987, 0.09403550419656465, 0.18142946992916262, 0.17580730681305715, 0.1840803324015281, 0.19744854542703882, 0.1032853683524844, 0.1902807136529738, 0.14174247512065483, 0.15907611220153584, 0.13245427553101982, 0.18140407093490687, 0.2154085561856891, 0.21433662616920235, 0.22864789880701933, 0.260013730990161, 0.14429841467612922, 0.16478945323075359, 0.19087831865310811, 0.16528557134328584, 0.23636015859584095, 0.1155059544824217, 0.15947667713000238, 0.14951816718160152, 0.23254838636988895, 0.1128640926649112, 0.16854731181608998, 0.25397043497270505, 0.17224923162498304, 0.12656941688371962, 0.15347343437048808, 0.20583982143643362, 0.20716366464713984, 0.12242694893859442, 0.182030806519355, 0.13291640500654123, 0.13130932820312727, 0.17355086384197882, 0.15392062699130243, 0.16727129367388086, 0.183565355910293, 0.12836982581567272, 0.16728432180896743, 0.23352140900891397, 0.18501750691084787, 0.15906201258572078, 0.1885237374543065, 0.170005455429065, 0.17833903793956377, 0.17807760233196987, 0.22840121590468299, 0.17421232344195947, 0.08262729811825335, 0.2190293016007556, 0.1591571659344034, 0.1886710976570646, 0.17927614380006354, 0.1358825683653224, 0.13097776972697864, 0.22098188625989434, 0.19788355377428257, 0.2053475122672308, 0.0893910585563827, 0.17821156569486643, 0.15748831122454374, 0.21803967118955647, 0.16735816617951604, 0.22474553551619458, 0.25324567027844047, 0.2653669016207123, 0.22271380813097288, 0.16301370079547223, 0.1901261324037042, 0.19234360891605906, 0.2241304539831295, 0.20447663464829802, 0.1641098374275067, 0.09584768813705814, 0.11174449964003537, 0.19882704392186815, 0.15453650889654302, 0.22373675938997792, 0.23475663054238552, 0.198291418849073, 0.22104350778034873, 0.22479859803056315, 0.28427530339890034, 0.16865055739855836, 0.1467317224095133, 0.2062562878762312, 0.18039409464443407, 0.19235910645019907, 0.2098694288426826, 0.154318755254633, 0.11639788018151716, 0.12634398503800306, 0.14161132649693964, 0.12532877655799754, 0.1823881401645815, 0.14385555956816257, 0.18218392112083712, 0.20587618869325466, 0.18536225513683757, 0.058663358570013334, 0.16476820131060535], "avg_pos_deviation": 0.17426330365052234, "pos_deviation_std_dev": 0.04228465239844071, "sum_rot_deviation": 226.87275756344616,