{"sum_size_of_clusters": 791, "all_cluster_sizes": [3, 4, 3, 3, 3, 3, 4, 3, 3, 3, 3, 3, 3, 3, 3, 4, 4, 3, 3, 3, 3, 3, 3, 3, 3, 3, 3, 4, 3, 4, 3, 3, 3, 3, 3, 5, 3, 3, 3, 3, 4, 4, 5, 3, 3, 3, 4, 3, 3, 3, 3, 3, 3, 3, 3, 6, 3, 4, 3, 3, 3, 3, 3, 3, 3, 3, 3, 3, 3, 3, 3, 3, 3, 3, 4, 3, 4, 3, 3, 3, 3, 3, 5, 3, 3, 3, 3, 3, 3, 3, 3, 3, 3, 3, 3, 3, 3, 3, 4, 3, 3, 4, 3, 3, 3, 4, 3, 4, 3, 5, 3, 3, 3, 4, 3, 3, 4, 3, 5, 5, 3, 3, 3, 3, 3, 4, 4, 3, 3, 3, 3, 4, 4, 3, 3, 4, 3, 4, 3, 3, 3, 4, 3, 3, 3, 3, 3, 3, 3, 3, 3, 4, 3, 5, 3, 4, 3, 3, 3, 3, 5, 4, 3, 3, 3, 3, 3, 3, 3, 5, 4, 3, 3, 4, 3, 3, 3, 3, 3, 3, 3, 3, 3, 3, 3, 3, 3, 3, 3, 3, 4, 3, 3, 3, 3, 3, 3, 3, 6, 3, 3, 3, 4, 3, 3, 3, 5, 4, 3, 4, 3, 3, 3, 3, 5, 3, 3, 3, 3, 3, 3, 4, 4, 3, 3, 4, 3, 3, 3, 3, 3, 3, 3, 3, 3, 3, 3, 3, 3, 3, 3, 3], "cluster_size_std_dev": 0.5816749399303225, "avg_cluster_size": 3.268595041322314, "total_nr_of_clusters": 242, "sum_pos_deviation": 40.40714492690092, "all_pos_deviations": [0.16974361613429279, 0.12766840141345515, 0.12972184751174687, 0.0831850439741079, 0.1787516777437271, 0.15725498160610366, 0.10861706087335411, 0.17476844274826484, 0.14468724288849, 0.1338511470785572, 0.25125149691498677, 0.10805508685999886, 0.12406059763901568, 0.19572435182621498, 0.13673180262355453, 0.17434227180023334, 0.20122328824556548, 0.13051838229272122, 0.1737582889498898, 0.2040386016640643, 0.23884066324751219, 0.20785838113211905, 0.13142088586202258, 0.20945414175010177, 0.14137995233889453, 0.15045528554580984, 0.11898456249897754, 0.17206638124666715, 0.10365561008282993, 0.16387011280091365, 0.2323665589266457, 0.14315796483852553, 0.1470253817935739, 0.23689592496336986, 0.16220475923673208, 0.19674953146779303, 0.09888316229905038, 0.15134313438994326, 0.053975810883153084, 0.20506683465729467, 0.18329926097847257, 0.23703444671725918, 0.09749514930708554, 0.1676051362246551, 0.13573390007682698, 0.2012714995853194, 0.17796282432383584, 0.11443417535010508, 0.17024335005484514, 0.2243404210381782, 0.20193222200831126, 0.1797673627051232, 0.14418502173079203, 0.08302481050313748, 0.19548386644905788, 0.2715038239869428, 0.1125075659973853, 0.19091214292972739, 0.16632026828889276, 0.16458432593279995, 0.1686622706333443, 0.21286838801876964, 0.1142532897406184, 0.13847824836886055, 0.21243605868236207, 0.1797218061515692, 0.11518064833841056, 0.15286889825341957, 0.09778605179157714, 0.04802971002690357, 0.19760118987152253, 0.2008732084219765, 0.2105644383388696, 0.11484456174513613, 0.19889509394111196, 0.1751823593201897, 0.2359457394668243, 0.14003560543752466, 0.1973049944119969, 0.13445697026185802, 0.22204121867311563, 0.13721224689520403, 0.23281651214357782, 0.13814108079835674, 0.11352324444213535, 0.2057790208323099, 0.20108476678572076, 0.21999836674661755, 0.1621856958709753, 0.2087733689447672, 0.20540862769047438, 0.10485400228894336, 0.15089804467781623, 0.16978609992633573, 0.22310295085387324, 0.2457707532911064, 0.22830158549246835, 0.16838461016630937, 0.14715148601113195, 0.13957007918732203, 0.12872384151409652, 0.21662087195874039, 0.1538277757846693, 0.12781307743521464, 0.169601612562832, 0.14848981827301458, 0.16146225373033143, 0.16454841860027247, 0.1965040079568454, 0.18466583397001318, 0.17176331870765107, 0.23423606112771297, 0.1363306081399537, 0.2083390944812524, 0.20207626747632568, 0.1385591775856249, 0.18968703406764054, 0.1608834614486932, 0.22029871888803204, 0.17672206290723053, 0.11464332954026918, 0.13385806506189524, 0.1093501584355845, 0.20547249730517625, 0.15220075716166612, 0.11462097383548213, 0.29792954990617104, 0.16012613329791014, 0.1677437965880082, 0.08966839373932285, 0.17130906517827416, 0.2219156855783527, 0.22688720779421045, 0.1450044179249731, 0.14486037944229954, 0.14629121001559628, 0.23996187593990057, 0.13054086494815745, 0.15169006032232568, 0.19497231924525013, 0.18130104885897816, 0.22093154101745138, 0.16889217847113003, 0.22203055289975307, 0.15360310773814678, 0.12164236262372015, 0.11768365500628429, 0.13353391996754868, 0.22580940973119046, 0.18914150218302814, 0.1980337399723829, 0.19999668909279159, 0.181361872521378, 0.17905929104925067, 0.1815505031678506, 0.19977656631802906, 0.1673719668640291, 0.19996607759346216, 0.19018668407973807, 0.10596124153659274, 0.23431649253702808, 0.2608764306875243, 0.2156453792644704, 0.23482202218859802, 0.11512288897413103, 0.15355628020499437, 0.13158959448240248, 0.13800179990351494, 0.18075625286992433, 0.15226222431136208, 0.15828758794997913, 0.14186311550595948, 0.11266131208249465, 0.12347418908931294, 0.12233820552277985, 0.13580871681136636, 0.22150947106406604, 0.14012418818907732, 0.18315816429387488, 0.20532761671809766, 0.1480221902017922, 0.19805653283978317, 0.05984246478808786, 0.1470130006860145, 0.16576862119018784, 0.16689434608582143, 0.18817588901912038, 0.10275377883981551, 0.23504682621864292, 0.1586797958582377, 0.18949737033798617, 0.18491004677290032, 0.15465183216073497, 0.22099061563351916, 0.1602953827282759, 0.1740382198786938, 0.15118434138151332, 0.15129705234570975, 0.19581055201595746, 0.221376951530056, 0.17098801713679446, 0.13125876610564138, 0.1827287417984552, 0.13347611385137573, 0.060226584045160986, 0.16608367533424154, 0.24661333062492558, 0.12534494412607253, 0.22502724938145216, 0.12243462669384687, 0.11102097888096917, 0.15366559990698245, 0.19506291125919786, 0.1630915304849885, 0.20237270757138454, 0.1343946615123341, 0.14399882122123392, 0.11093560660722933, 0.16618812070129954, 0.1941186475255364, 0.19414998051281232, 0.17810960794352793, 0.06919452837172697, 0.16000047701899467, 0.1494294477030669, 0.2563855260873604, 0.18935037753748826, 0.14136096073245666, 0.22172247965659234, 0.16611324397084515, 0.18107031085020453, 0.09761346555321349, 0.13447151950439307, 0.1525833846894988, 0.15714829849236828, 0.1618772237696736, 0.17479091609602668, 0.1758269792867447, 0.08140121449653322, 0.20938082543940428, 0.05318790266212121, 0.21507937214280262], "avg_pos_deviation": 0.16697167325165668, "pos_deviation_std_dev": 0.04393653847120363, "sum_rot_deviation": 221.75405514921374,