{"sum_size_of_clusters": 555, "all_cluster_sizes": [4, 3, 3, 3, 3, 3, 3, 3, 3, 3, 3, 3, 3, 3, 3, 3, 3, 3, 3, 3, 3, 3, 3, 3, 3, 3, 3, 4, 3, 3, 3, 3, 3, 5, 3, 4, 3, 3, 3, 3, 3, 6, 3, 5, 3, 3, 3, 3, 4, 3, 3, 4, 3, 3, 3, 3, 4, 3, 3, 3, 3, 3, 3, 3, 3, 3, 3, 3, 3, 3, 3, 3, 4, 4, 3, 3, 4, 3, 3, 3, 3, 3, 3, 3, 3, 3, 3, 3, 3, 3, 3, 3, 3, 3, 3, 6, 3, 3, 4, 4, 3, 3, 3, 3, 4, 3, 3, 4, 4, 3, 3, 3, 3, 3, 3, 5, 3, 3, 3, 3, 3, 3, 4, 3, 3, 3, 4, 3, 3, 3, 3, 4, 3, 3, 3, 3, 3, 3, 3, 3, 3, 3, 3, 3, 3, 3, 4, 3, 3, 4, 3, 3, 3, 3, 3, 3, 4, 3, 3, 3, 3, 3, 3, 3, 4, 3, 3, 3, 3, 3, 3, 3, 3, 3], "cluster_size_std_dev": 0.5085476277156079, "avg_cluster_size": 3.189655172413793, "total_nr_of_clusters": 174, "sum_pos_deviation": 27.68867272755031, "all_pos_deviations": [0.2357253264053373, 0.16908242965284268, 0.20935220659393372, 0.12181992381287543, 0.22431764107493635, 0.19464827903558204, 0.18261843071506664, 0.16950064076502816, 0.20921017836990738, 0.2077056185834029, 0.19639462994502277, 0.04561090505494394, 0.058238883315257194, 0.15058666895475806, 0.14555604127633048, 0.19041118089085474, 0.11349263840881095, 0.19424857238608217, 0.13332053078056452, 0.10795269962379067, 0.0606708576932379, 0.18864560386499288, 0.13838875641535459, 0.21460719914038276, 0.11353892789887232, 0.14069084175150118, 0.13985741223999085, 0.13735761295352633, 0.16301443557593417, 0.089673592410055, 0.24309630423800366, 0.08517368971734014, 0.18830226611119164, 0.1615509138317292, 0.2034426731009066, 0.17683599865599833, 0.16649774357373257, 0.19665992943676391, 0.05843452828657645, 0.07325770790431035, 0.11844159813014161, 0.21281587627980156, 0.10878462617374307, 0.21802746190758998, 0.22599334231343557, 0.14822979773679823, 0.14535074778276327, 0.14544176031354397, 0.13656577928941552, 0.08462964180218811, 0.1669271219347861, 0.21442636892695907, 0.1673827187511744, 0.07800957014549603, 0.126111782277422, 0.22513820014974653, 0.17772072793911073, 0.09716930490280871, 0.2384111664229218, 0.1622917586504657, 0.15819760016003973, 0.187377915831624, 0.22145321042301316, 0.1744041732839721, 0.1897352685485061, 0.12514094952857457, 0.2501545771865937, 0.17528539733903759, 0.14396379939282877, 0.11403985590764754, 0.1495742722888929, 0.18708366205718538, 0.17813754576070182, 0.24240726471267585, 0.08438728216579705, 0.13966332246420085, 0.17075728909130825, 0.13593935316813743, 0.15497552121451805, 0.1882420618813403, 0.18199419469440783, 0.1532802899844512, 0.16677327662098126, 0.1381627252700889, 0.21532946333676137, 0.12569749531611044, 0.1290939593174485, 0.11562189249751231, 0.18656767862118376, 0.13122036123862243, 0.17806359793174095, 0.13652089681694937, 0.1652562274927466, 0.23022288902417987, 0.2108268063233437, 0.23543982156364712, 0.055438899403568276, 0.25907215400071987, 0.11189351452286934, 0.20822219740558257, 0.12921952178554916, 0.17368348383295873, 0.10807253365861452, 0.18592039848991723, 0.2497121749093484, 0.166323115921308, 0.16849341050729386, 0.20886444682217278, 0.13861401754064817, 0.1025980350577594, 0.10571776028595921, 0.14240975290587174, 0.13624120903998466, 0.1528730876585998, 0.14374764883394625, 0.2542056728285877, 0.1572805728913171, 0.12086957540214667, 0.15591981380765044, 0.12862259433323558, 0.2093877684898906, 0.1316111833662897, 0.1613908679324205, 0.11970284824296747, 0.0983827668600911, 0.1134704115693891, 0.18944393414165228, 0.17542504683187543, 0.1714270322820224, 0.21418662043729253, 0.18523065917075984, 0.1744602929307182, 0.22689867455976523, 0.22413684495109942, 0.1586635964638979, 0.17427196936399228, 0.10921035560004826, 0.21792823806933284, 0.1435107474062817, 0.18982884364302055, 0.16791454334983827, 0.15439309036360785, 0.1811914471126513, 0.17884076026953544, 0.14452839808019943, 0.10976759289127976, 0.16004702699073298, 0.07749719911541654, 0.22953051487647883, 0.17578256467447606, 0.13493108084449443, 0.1573387819829332, 0.1668372697533622, 0.1885896016613261, 0.16673036750166095, 0.15172022025427126, 0.10451765408664691, 0.20280478112760414, 0.1468107225801416, 0.13811166622637366, 0.12321918345980772, 0.12901108620256604, 0.1281437226368723, 0.1077467337505511, 0.2479254551602652, 0.19705540573063518, 0.17593955405655493, 0.12902209749239554, 0.1298724232536366, 0.12047192693647729, 0.1305706492819332, 0.07315171315627556, 0.12258570141832044, 0.11513582637975706], "avg_pos_deviation": 0.15913030303189832, "pos_deviation_std_dev": 0.045577170006440224, "sum_rot_deviation": 146.1970216498965, "all_rot_deviations": [0.38886118263811104, 1.3574985857346495, 1.0166614144759338, 0.6269695016351954, 1.01899274772409, 1.034317145235171, 0.7925488502058146, 0.16909720846782741, 1.3374123890895906, 0.8736520732417645, 0.7401420367336685, 1.2220221993094522, 0.24920050927533519, 0.4149940288612912, 0.5378256709061987, 1.0399598597417647, 0.9532106224862605, 1.0258216093503394, 0.655505280344954, 0.64356638453433, 0.21942428525572952, 0.6902333122028658, 1.0251407060164797, 1.014291833244698, 0.8956494669747644, 1.032730269094818, 0.36806867044311375, 1.4850339984143024, 0.7785024543678644, 0.6938605526545133, 0.6856072245857737, 0.7107933996451122, 0.1589325509177423, 1.2355454403721395, 0.17212746375972987, 0.4440294189379821, 1.096536591910569, 0.8200099307660956, 1.1912282741249576, 0.8386627527329954, 1.1734079077704131, 1.125366331850364, 1.1742440335314368, 0.8480644264206123, 0.7592402716550769, 0.9664843195046573, 0.7828132004006951, 0.5499176902659063, 0.7334738310801274, 0.34216900742723827, 1.3724183495575215, 1.036299462748589, 0.40834584785050304, 0.5921031710495509, 1.0248396917335902, 0.7041574355092495, 1.4316051383978667, 0.5813755040865011, 1.0574133118514257, 0.9269077391420112, 0.2847727386323336, 0.9295460599204345, 0.6307739036411634, 1.0168704057352107, 1.0700542911042854, 1.0176100661314942, 1.251059917866, 0.9314872406817659, 1.7020923652861564, 0.9907893837639036, 1.1809329245182285, 1.0249914208267292, 0.29802851250417883, 0.8626825302458272, 1.096597516618411, 0.5931701145660762, 0.43035352999301935, 0.39995066673696417, 0.6545388256298191, 0.869156511188334, 0.1774055143647991, 1.0464567533050302, 1.0014176918365727, 1.2316242921562814, 1.1224191032687294, 1.0821347394770475, 0.785349588996879, 0.3012663394904025, 0.9243565536911325, 0.5615482948114794, 1.047040290685447, 0.9674491034761831, 0.9916876238418914, 1.0468974992824567, 0.6594625169269731, 1.398688234864472, 1.0469159239343657, 0.43269592661561845, 0.8914714619276212, 0.9901355239161063, 1.1064345237401172, 0.24837075379390092, 0.9885650635793417, 0.820525247320469, 1.0867236289984485, 1.091241409501193, 0.44052860184960524, 0.7406778091239106, 1.1557986110614598, 1.2679782541902769, 0.9747425141456819, 0.9831420584064757, 0.5750722820994388, 0.5052212327142248, 1.3154885253197113, 0.7307317081363539, 0.9653371048586226, 1.0471089398139564, 1.1624183292144608, 0.40522002771816873, 0.7277735997417566, 1.0456010829210223, 0.7522408519488876, 0.7572903855823231, 1.008399086297098, 0.6639345781204979, 0.7791602026331905, 0.8020076672287222, 0.3584268903939732, 1.0267238351629027, 0.3696798808550305, 0.41500789363703694, 1.2652088095398868, 1.2973126805172626, 1.1216044166874921, 0.8652115979694578, 0.953400147801759, 0.81919416141243, 1.0247913673548392, 0.3325177324825647, 1.0303245774905727, 1.1616698398707312, 0.9514298973649634, 1.2677897490310723, 0.47308449948805453, 0.6206453092221551, 0.6887844158399554, 0.9984846474837216, 0.27710525843785133, 1.1405095391930964, 1.4115678656255204, 0.5212943664803996, 1.1936465221943224, 0.3355105219320504, 0.7901947055060529, 1.235983395289618, 1.4820866974494915, 1.2275209251636297, 1.0404744192489874, 0.1461400263733804, 0.7627309362279205, 0.6217822450959494, 0.6024551776213508, 0.15543086411394155, 1.160971846712646, 0.7708540934899252, 0.3601345061014694, 0.9596190719054972, 0.7034328484870307, 0.24212401731660846, 0.6417272020575892, 1.0008882112246713, 0.8630519060150396, 1.1735615802601682],