{"sum_size_of_clusters": 705, "all_cluster_sizes": [3, 3, 3, 3, 3, 3, 3, 3, 3, 3, 3, 3, 3, 3, 3, 3, 4, 3, 3, 3, 3, 3, 3, 3, 3, 3, 5, 3, 4, 3, 3, 3, 3, 3, 4, 3, 3, 3, 3, 3, 3, 3, 3, 3, 5, 3, 3, 3, 3, 3, 3, 3, 3, 3, 4, 3, 3, 3, 3, 3, 3, 3, 3, 3, 4, 3, 3, 3, 4, 3, 5, 4, 4, 4, 3, 3, 3, 3, 3, 3, 3, 4, 3, 3, 3, 3, 5, 3, 3, 3, 3, 6, 3, 3, 4, 3, 3, 3, 3, 3, 3, 4, 3, 3, 5, 3, 4, 5, 3, 3, 3, 3, 3, 3, 3, 3, 3, 3, 3, 3, 3, 3, 3, 3, 3, 3, 3, 3, 3, 3, 3, 3, 3, 3, 3, 3, 3, 3, 3, 3, 3, 4, 3, 3, 3, 6, 3, 3, 3, 3, 3, 3, 3, 3, 3, 3, 4, 3, 3, 3, 3, 3, 4, 3, 3, 3, 6, 3, 4, 4, 3, 3, 3, 3, 3, 3, 3, 3, 3, 3, 3, 3, 3, 3, 3, 3, 3, 3, 3, 3, 4, 3, 3, 3, 3, 3, 3, 3, 3, 4, 3, 3, 3, 5, 3, 3, 3, 3, 3, 3, 3, 3, 4, 3, 3, 4, 3, 3, 3, 3], "cluster_size_std_dev": 0.5563886102318082, "avg_cluster_size": 3.2045454545454546, "total_nr_of_clusters": 220, "sum_pos_deviation": 36.00279415217471, "all_pos_deviations": [0.13992212537273954, 0.19096659159602133, 0.1836215797700377, 0.19691319027344523, 0.1773162015818328, 0.16712067168655542, 0.1754195061073941, 0.192414654574483, 0.17647811145789993, 0.15402584716684226, 0.05666331285334047, 0.17802521809155536, 0.20420536931145547, 0.17683181631876355, 0.15673229289298415, 0.13826417274136246, 0.11454160085905114, 0.1356489774134987, 0.14410332613860677, 0.23937006634159172, 0.19833339342932996, 0.18957287822822333, 0.0686323162179439, 0.07221938590475585, 0.13552425596469694, 0.1139871773081667, 0.20509932774906536, 0.14910056374134817, 0.19377586116626833, 0.12353580874039433, 0.08231992592599857, 0.16975855984512375, 0.20202135096292173, 0.16956422719976805, 0.159649358036527, 0.1525609807657537, 0.10412667291535445, 0.14693732865326806, 0.1996481934867728, 0.15954401863727893, 0.15593737899443336, 0.11297590052889976, 0.12803420059778758, 0.13812667348805596, 0.298681678494482, 0.0941851615168335, 0.16309285504033405, 0.18115861973026579, 0.17385651828813467, 0.14541151329075333, 0.12021933421787205, 0.18550899196842396, 0.23849558895535616, 0.11135578881102104, 0.287399518375194, 0.04545559589470496, 0.2060329425959302, 0.11842406886640733, 0.23163467355586068, 0.14013068495720762, 0.18079853513909797, 0.16362217255399567, 0.16374790207953893, 0.20121386415044648, 0.146570719359758, 0.09671421852261884, 0.1914952043548266, 0.16962055692474431, 0.13955647380146038, 0.12909367714371245, 0.22113041732202182, 0.20973391907129135, 0.08567230374188262, 0.16532151657515307, 0.17048908551836542, 0.10699831267201186, 0.19500677881661724, 0.23014042795039055, 0.10986973929965499, 0.13473792330793818, 0.1717316348912923, 0.23348940994437975, 0.16551731475984463, 0.13795634640741294, 0.20010309204002916, 0.19285508555994435, 0.21486823945329406, 0.15884170689042368, 0.17161887439191262, 0.14812210592227001, 0.1704105459812004, 0.24224377649483653, 0.14496691859632063, 0.1926849635300664, 0.188691948599828, 0.17111602644997162, 0.15777252932178248, 0.08517162492356302, 0.08161489961216364, 0.17792231148531212, 0.1844275317621009, 0.20690785852701735, 0.09244383742837715, 0.11387348811412212, 0.2609530427459439, 0.14042666759822986, 0.19628442357768525, 0.21677367529185462, 0.14266874867549148, 0.18768116680397576, 0.17757070101417738, 0.16725566777149514, 0.16035594227857589, 0.21179210715603627, 0.14717462362851177, 0.1592359583417837, 0.15075763090223704, 0.1483283808451872, 0.2480630708850038, 0.148973336411303, 0.19852707301878167, 0.19235741217635668, 0.21796813400564116, 0.11916954621409447, 0.14915878041157868, 0.09059908665728916, 0.1912312656078877, 0.22194177301514698, 0.20145230513563683, 0.22134325620838421, 0.20212236390562788, 0.11359868709584876, 0.06318873529536086, 0.10354749004426024, 0.17108321668708612, 0.1667961407372465, 0.10213410720592785, 0.11752142863327648, 0.15143504897232354, 0.22923683052501684, 0.11180151680051552, 0.2822005640386585, 0.22785977929425108, 0.10790551669145636, 0.21674817868376198, 0.3134976204962369, 0.23105690585438352, 0.15291264478197233, 0.12645091123562643, 0.17139035997651886, 0.1429907068470684, 0.14183664253785225, 0.146353488979975, 0.036018203824457466, 0.11130070562706555, 0.23028939411100505, 0.22233822792139094, 0.15729133462713013, 0.22226294076026842, 0.125627026808409, 0.11914400455979064, 0.1263119125712478, 0.13685004351602553, 0.18668112654353766, 0.2357549321593119, 0.22979028252666933, 0.23876868973121576, 0.11530812470429153, 0.21303214017041863, 0.1696549835925897, 0.13469441742573537, 0.19763285883924922, 0.08891503479005924, 0.16549945464912708, 0.19443546833613048, 0.015167530182269412, 0.12091508338017116, 0.20890317248190163, 0.12914038351990478, 0.0951508466331467, 0.1780763294997266, 0.22053511728086153, 0.10811627495911774, 0.17916520340936268, 0.13355133069367423, 0.131362315706717, 0.14002942119499195, 0.1535833349891713, 0.1340466819420312, 0.1879433268361597, 0.12636628838696673, 0.13507778405283624, 0.18423821695101805, 0.22097806723005542, 0.1622110507224341, 0.10800173914166483, 0.134213840961743, 0.23372755107401133, 0.0676753081968314, 0.17253203285130417, 0.15642272876925942, 0.16487604205001108, 0.19268137551547249, 0.16350788899837995, 0.1017027599687958, 0.17364841407345646, 0.15711843216652088, 0.15341415296098734, 0.1480525953128264, 0.15531585618161428, 0.1394973147686389, 0.20146674021718095, 0.19911359072739268, 0.2022305678139568, 0.20962140851652436, 0.1901157687315104, 0.20782585628986172, 0.13942942646947745, 0.18170537366207976, 0.1775259322196705], "avg_pos_deviation": 0.16364906432806686, "pos_deviation_std_dev": 0.04775766891352914, "sum_rot_deviation": 198.07021781885757,