{"sum_size_of_clusters": 574, "all_cluster_sizes": [3, 3, 3, 3, 3, 5, 5, 3, 3, 3, 3, 3, 3, 3, 3, 4, 3, 3, 3, 3, 3, 3, 3, 4, 4, 3, 3, 4, 3, 3, 3, 3, 3, 3, 3, 4, 3, 3, 4, 3, 3, 3, 3, 3, 3, 3, 3, 3, 3, 5, 3, 3, 3, 3, 3, 3, 3, 3, 3, 3, 3, 3, 3, 4, 3, 3, 4, 3, 3, 3, 3, 3, 3, 3, 3, 3, 3, 4, 3, 3, 3, 3, 3, 3, 3, 3, 3, 3, 3, 3, 3, 3, 3, 3, 3, 3, 3, 3, 3, 3, 4, 4, 3, 3, 3, 4, 3, 3, 3, 3, 3, 3, 3, 3, 3, 3, 3, 3, 3, 4, 3, 3, 3, 3, 3, 3, 3, 3, 3, 4, 3, 3, 3, 3, 4, 3, 3, 3, 3, 3, 3, 3, 3, 3, 4, 3, 3, 3, 3, 3, 3, 3, 3, 3, 3, 3, 3, 3, 3, 3, 4, 3, 3, 4, 3, 3, 3, 3, 3, 3, 3, 3, 3, 4, 3, 3, 3, 3, 3, 3, 3, 3, 3], "cluster_size_std_dev": 0.3893125771302845, "avg_cluster_size": 3.1366120218579234, "total_nr_of_clusters": 183, "sum_pos_deviation": 30.390790337022423, "all_pos_deviations": [0.17736060144773683, 0.15950426669874443, 0.1862591512785625, 0.1608603728618605, 0.13086752876165725, 0.23668090437423267, 0.2061247079100242, 0.15032449840269987, 0.09355003404843655, 0.19781194139899805, 0.19492516186543274, 0.22273976190076775, 0.18790388902914668, 0.18714811602209094, 0.19885188022431058, 0.22123229270253164, 0.14402779890407286, 0.24639829835134644, 0.181932754755047, 0.17328381666600687, 0.1440358442007757, 0.15120721984642668, 0.1194820405543161, 0.18453462408789575, 0.1336214284376698, 0.21831125834318174, 0.20456131626742002, 0.2251485835657299, 0.12599048939988952, 0.18718607722113498, 0.21507961918698523, 0.1641854947477667, 0.08198601342441855, 0.17640628389849408, 0.19315647355907703, 0.19998360547813412, 0.1640867928544996, 0.12486799756983495, 0.1984550788983983, 0.14480111508216317, 0.09575152907854341, 0.1819280939101733, 0.13858288993003495, 0.12184293781231335, 0.1153267196282966, 0.23609085984092623, 0.19128597913865927, 0.1805227009455238, 0.0762219929425935, 0.18701724721721183, 0.22138986450383333, 0.18740965389074052, 0.2154787318044251, 0.1056049147823544, 0.19126250681402357, 0.13068471006311524, 0.13356266851542167, 0.2043806913226521, 0.19501924580663185, 0.13963513004760736, 0.11354647317377868, 0.21838364472358185, 0.14958273310253153, 0.1460551241662225, 0.21728736490557873, 0.09555271550616155, 0.15909504851354458, 0.2401253026802326, 0.1311385964345367, 0.1771175361056735, 0.19919915925078466, 0.15747498557208253, 0.11439698943317532, 0.13981311124411042, 0.10608285618321106, 0.07941226213548336, 0.20857235221561496, 0.22476721450408624, 0.15798594457853518, 0.14604662825209203, 0.16763096231830968, 0.17250063928857698, 0.16773019272171166, 0.04946217178255252, 0.13928308245488344, 0.1871507434824864, 0.21476944280889562, 0.16442809776167944, 0.2203078383398691, 0.20180283853320002, 0.17423684025887357, 0.12988986617770018, 0.1645271838992953, 0.2399277796934951, 0.1736101799302566, 0.18399969507610392, 0.18566863868145556, 0.18087081290004822, 0.10676115438713091, 0.11395994878384519, 0.18919354256248874, 0.15709522503014928, 0.15331519134119664, 0.18279799519684967, 0.17121787448165318, 0.2109502192750353, 0.16079236146122353, 0.15001538587348512, 0.2324474306959129, 0.17542234735869314, 0.12959157741441948, 0.12195799541738463, 0.19562376703915582, 0.1567955966099417, 0.10546957256080636, 0.1710483809255929, 0.17631483032237572, 0.19062633214006278, 0.11664825592984239, 0.2148671422248972, 0.18079470436693235, 0.21280575651629094, 0.17552765601287343, 0.19123114067933325, 0.1699533936783629, 0.11026709493556915, 0.19617499724902251, 0.189362086775044, 0.1352763632988123, 0.2121965526016711, 0.10934866170408697, 0.1642969710590221, 0.16597207452715895, 0.2010611955041052, 0.17568073082523747, 0.21330831675999698, 0.16773700103413866, 0.1491749343632652, 0.20892577939852386, 0.14540464408170364, 0.06640052843161007, 0.17357978776186642, 0.22681818203305262, 0.1795264914990904, 0.16646833524183144, 0.17053144002171064, 0.20209543953484901, 0.20969716654152049, 0.18437550117496596, 0.17185474858114935, 0.1458572998918295, 0.14919634021930459, 0.18216110511268335, 0.18315265990566246, 0.1728175238939862, 0.09308440650297505, 0.1908967053531974, 0.11426244000393256, 0.15355479004748088, 0.04695586522523529, 0.19691999712725342, 0.1709498836870149, 0.23424176831728452, 0.10229059906930203, 0.1117764680043174, 0.10405290467793137, 0.13413081114552297, 0.14476001862799945, 0.10362211041869977, 0.18395257758984904, 0.12238481607615066, 0.14576125967614953, 0.1948043667259732, 0.23849952793177087, 0.16988049352280132, 0.2203304507515288, 0.13914008159687594, 0.15665712404552176, 0.21374563833888327, 0.15236777965906706, 0.11424071554599106, 0.13606754774686786, 0.09620720634502582], "avg_pos_deviation": 0.1660698925520351, "pos_deviation_std_dev": 0.041013066348102846, "sum_rot_deviation": 137.33338946547138,