{"sum_size_of_clusters": 559, "all_cluster_sizes": [3, 3, 3, 3, 3, 4, 3, 3, 3, 5, 3, 3, 3, 3, 3, 3, 3, 3, 3, 3, 3, 3, 3, 3, 3, 3, 4, 4, 3, 3, 3, 4, 3, 5, 3, 4, 3, 3, 3, 3, 3, 3, 4, 4, 4, 3, 3, 4, 3, 3, 3, 3, 3, 3, 3, 3, 3, 3, 3, 4, 3, 3, 3, 3, 3, 3, 3, 3, 3, 3, 3, 3, 3, 3, 3, 3, 3, 3, 3, 3, 3, 3, 3, 4, 4, 3, 3, 3, 3, 3, 3, 4, 3, 3, 3, 3, 3, 3, 3, 3, 3, 3, 3, 3, 3, 3, 3, 3, 3, 3, 3, 3, 3, 3, 3, 3, 3, 3, 3, 4, 3, 3, 3, 3, 3, 3, 3, 3, 3, 5, 3, 3, 3, 4, 3, 3, 3, 3, 3, 3, 3, 3, 3, 3, 3, 3, 4, 3, 3, 3, 3, 3, 3, 3, 3, 3, 3, 3, 3, 3, 3, 3, 3, 3, 3, 3, 3, 3, 3, 3, 3, 3, 3, 3, 3, 3, 3, 3, 3], "cluster_size_std_dev": 0.3769785958329079, "avg_cluster_size": 3.122905027932961, "total_nr_of_clusters": 179, "sum_pos_deviation": 29.196268826036672, "all_pos_deviations": [0.1424515598799154, 0.191686230608612, 0.18443589634611665, 0.18674282568312686, 0.17926441576762955, 0.212329263125566, 0.12168803389162323, 0.06161532621386063, 0.1769899437987861, 0.33557768921286507, 0.1785832897092974, 0.1488937605931311, 0.21628218299451266, 0.12701589879511027, 0.16392193783814019, 0.21968543699162335, 0.16323994590791843, 0.12207256746896117, 0.19823257928241003, 0.1724519665665456, 0.20306169395662746, 0.2320051065503557, 0.1847476185447989, 0.09550477291687672, 0.20677279690176517, 0.15067702154677384, 0.15297393948341556, 0.23206213411293244, 0.1791543271394684, 0.1550869513918689, 0.21625215061477598, 0.15811598216935288, 0.19362622710519437, 0.24605986252512163, 0.19047328004825922, 0.18184276552681647, 0.13239908987359478, 0.12623801345556132, 0.217928809667169, 0.18039685016656457, 0.11352062721457466, 0.05871085935387774, 0.23449810569761878, 0.1727783308863727, 0.10045691630086295, 0.17073301397481866, 0.1826225723800472, 0.17491941034672973, 0.09193286736406653, 0.14290800558519767, 0.09576594395756399, 0.06638907867127067, 0.18242379500312003, 0.1431089841783945, 0.09670833278357875, 0.20204250273968324, 0.16893208425845166, 0.14570600863048241, 0.15678615594121129, 0.1681771012578829, 0.13595790674794261, 0.12595417059141242, 0.12910163514706074, 0.14370833568667388, 0.15991466343024233, 0.1533485865938831, 0.1732589255290402, 0.1803179120575752, 0.12949101231277535, 0.16177771051168674, 0.13488166180127167, 0.09912910561821962, 0.21588940619152872, 0.11867833632100959, 0.22457750584300504, 0.13959076023463832, 0.19452187670794796, 0.174364512879195, 0.20665474582656584, 0.08268628074682052, 0.16903754349496034, 0.18672368196120426, 0.06412382419229092, 0.1804127536729803, 0.20766993380991913, 0.17401973172601826, 0.12168687042253166, 0.1413629917709638, 0.19679183381467016, 0.09633156676326537, 0.1586952828048724, 0.17962368279727814, 0.11819399396939967, 0.11951910121143801, 0.22347933511542764, 0.15711821595709424, 0.1501860361600328, 0.18293623336306206, 0.1577419371661642, 0.1569721451705197, 0.22765892045885117, 0.1507053812252178, 0.17464237696020815, 0.23989819775500265, 0.18689700103469578, 0.22897718995158625, 0.046942965833842165, 0.12633777062184123, 0.17921620873290192, 0.18495304767946683, 0.15287076017144782, 0.15950727067977613, 0.19497968173484412, 0.19611664746051852, 0.2044782575338737, 0.16830981081262905, 0.09434143115637093, 0.15984982438061543, 0.15250309578548882, 0.2497416568180603, 0.14589843618631776, 0.11621619167655922, 0.18904673409050468, 0.1785497335248589, 0.20455870234732224, 0.14724483619900738, 0.1719868563149699, 0.1771709174359916, 0.14494774269643515, 0.2795304927237616, 0.2366120282362768, 0.22770716460497117, 0.182365371005036, 0.21819948809057454, 0.151141858209213, 0.20188840492160107, 0.07309636560397947, 0.11082922638716214, 0.06345625863780176, 0.09503923896804604, 0.19919762755554146, 0.0974640857720796, 0.1400169560320642, 0.16438437341641626, 0.20097178170181226, 0.15719495595706157, 0.1157019894713618, 0.1901770373728731, 0.1850635383090152, 0.13822333435949738, 0.0761111033203472, 0.11254363761828946, 0.1586371073386773, 0.11837200997637513, 0.10922543573013806, 0.14631427241980285, 0.1338928312689858, 0.14634265267353425, 0.1526136497220472, 0.1510029124636921, 0.1559229070045162, 0.20739980461593951, 0.20427773493797743, 0.21983860758311488, 0.14213021758531344, 0.13911754667137058, 0.227158747367179, 0.2342361968906268, 0.21598875032721424, 0.18444794321898883, 0.10695601535093581, 0.13832947552160765, 0.14102801855089317, 0.20289841350064122, 0.19050558642967488, 0.12244437297849615, 0.16861146715160122, 0.13477580292427058, 0.13824379327762373], "avg_pos_deviation": 0.16310764707283057, "pos_deviation_std_dev": 0.04535805960666668, "sum_rot_deviation": 153.65790799598943,