{"sum_size_of_clusters": 923, "all_cluster_sizes": [3, 3, 3, 3, 3, 4, 3, 3, 4, 5, 3, 5, 4, 3, 3, 3, 4, 3, 3, 3, 3, 3, 3, 3, 3, 3, 3, 4, 3, 3, 3, 3, 4, 3, 3, 3, 4, 4, 3, 3, 3, 3, 3, 3, 3, 3, 3, 3, 3, 4, 3, 3, 3, 3, 3, 3, 3, 3, 3, 3, 4, 3, 3, 3, 3, 4, 4, 3, 3, 3, 3, 3, 3, 4, 5, 3, 3, 3, 3, 3, 3, 3, 3, 3, 4, 3, 3, 3, 4, 3, 3, 3, 3, 3, 3, 3, 3, 3, 5, 4, 3, 3, 3, 3, 3, 3, 3, 3, 3, 3, 3, 3, 4, 3, 3, 3, 4, 4, 3, 3, 3, 4, 3, 3, 3, 3, 3, 3, 4, 3, 4, 3, 3, 3, 3, 3, 3, 3, 4, 3, 3, 3, 4, 3, 3, 3, 3, 3, 3, 3, 3, 3, 3, 3, 3, 4, 3, 5, 4, 3, 3, 3, 3, 3, 3, 3, 3, 3, 3, 3, 3, 3, 4, 3, 3, 3, 3, 3, 3, 3, 3, 3, 3, 3, 3, 3, 3, 3, 4, 4, 5, 3, 3, 3, 3, 4, 4, 3, 3, 3, 3, 4, 3, 3, 3, 4, 3, 4, 3, 3, 3, 3, 3, 3, 3, 4, 3, 3, 3, 4, 3, 3, 3, 3, 4, 4, 4, 3, 3, 3, 3, 3, 4, 4, 3, 3, 3, 3, 3, 4, 3, 4, 3, 3, 3, 4, 3, 3, 3, 4, 3, 3, 3, 3, 3, 3, 4, 3, 4, 3, 3, 3, 3, 5, 3, 3, 3, 3, 4, 4, 3, 4, 4, 3, 3, 3, 3, 3, 4, 4, 4, 4, 4, 4], "cluster_size_std_dev": 0.4874756494779224, "avg_cluster_size": 3.25, "total_nr_of_clusters": 284, "sum_pos_deviation": 48.5685565911221, "all_pos_deviations": [0.10049362016587611, 0.16846982610771774, 0.1438297423973165, 0.14042356932770841, 0.23365296629092058, 0.19935748985798218, 0.1960816919529519, 0.16529926942971687, 0.22293465037733443, 0.2381483091068523, 0.14329766622091697, 0.2821308903310789, 0.18109372200255136, 0.15873571697643318, 0.15107382930593655, 0.13977353288187644, 0.1829753106816089, 0.17401179472863257, 0.11920545593583391, 0.1340674232142912, 0.17533800152244117, 0.22374191334556878, 0.16019280555452528, 0.1415393066563421, 0.22149534716498112, 0.12081479005449396, 0.19161977651517262, 0.139804041333584, 0.14362456422150507, 0.11872621240350804, 0.12099537991465432, 0.11411665420071553, 0.22245514792438925, 0.1777615795853014, 0.16361681937021966, 0.18526338930447173, 0.22573850366771295, 0.22300806140081117, 0.19276206240068947, 0.17775528854474965, 0.1353330117604398, 0.10095449665522722, 0.10095449665522722, 0.10095449665522722, 0.1506958128275312, 0.10297336251959105, 0.06324970593176182, 0.17457154197275668, 0.10387666493537258, 0.13519853922159192, 0.1825107335630595, 0.1801962630479352, 0.18801694216868772, 0.20820675962159038, 0.18607141467974317, 0.25713539899764315, 0.16613340222533057, 0.1661334022253308, 0.2445438012287877, 0.14404682279868034, 0.24362274396205366, 0.11011694486491636, 0.15143629013556073, 0.18981694086024523, 0.209930328498956, 0.1412740655971841, 0.19221757190984287, 0.17544977737192777, 0.12612081904228287, 0.16692156011879575, 0.1747309083981522, 0.2085694006573944, 0.058456281916901394, 0.24271996673451282, 0.1688517980045699, 0.22177356252479852, 0.18391865341427568, 0.15844199717849156, 0.23517620884141902, 0.1478380997627468, 0.16848675324892912, 0.22457896474937825, 0.18015472059135193, 0.1794273532088657, 0.18960561197507805, 0.2140799233797609, 0.15678422658565735, 0.16323310400623411, 0.1586950417963141, 0.17242466403568305, 0.1844622604936176, 0.1351160567154825, 0.21914756296640348, 0.18100464629620372, 0.1466305877036426, 0.15591366234848417, 0.1502519446405027, 0.18561880742008507, 0.22452323098267057, 0.1724563370724497, 0.1843086063836802, 0.18739375298352626, 0.14753012579969318, 0.15037975075334634, 0.18060681890601812, 0.14645562703585946, 0.21467057162073744, 0.18811294269210663, 0.18222303223553912, 0.14396269958303706, 0.14396269958303706, 0.17068692746908576, 0.17176803788620043, 0.16607522462848456, 0.21311498738528464, 0.24062886699213407, 0.22308358903651934, 0.1865996936816469, 0.19427334601965973, 0.1437945077526657, 0.15432855618134433, 0.2025441612682961, 0.18960238340457267, 0.08309172871207858, 0.13249322920472237, 0.14303051659546143, 0.12605442261682262, 0.17839549068362517, 0.18271940654927057, 0.07586742245802722, 0.19038585625750018, 0.1821817979187187, 0.15009242682533272, 0.16186506980288673, 0.19914275332347028, 0.11116088850759233, 0.23827555487056432, 0.24495245581749395, 0.1786414427038504, 0.11933838836264433, 0.1631814195332479, 0.11969939380281096, 0.19572651469718927, 0.20172858228600202, 0.19706944410383162, 0.18521055218908697, 0.1641119892997558, 0.16905032783263105, 0.12764271516692224, 0.15957699043262574, 0.16921346948010296, 0.20305292634129454, 0.20138437862716133, 0.14026012396538418, 0.15233432965280772, 0.16651219256348726, 0.19968644050723647, 0.24102255091412075, 0.2213903416514833, 0.12596625238292664, 0.1924708098920228, 0.15428615895699782, 0.1707686363627785, 0.21103885148096188, 0.0979857025726305, 0.20803597220287126, 0.19591202513235073, 0.037658841536664496, 0.1607111726250904, 0.1607111726250904, 0.16181593447855455, 0.15203746692410022, 0.1793733764638132, 0.10199283544032049, 0.20254653506622758, 0.1452151887251113, 0.13241746307830912, 0.1021587183047648, 0.20576601480108747, 0.16553651653532053, 0.20296646180658895, 0.18045832532363615, 0.1807507157755943, 0.13536315557860998, 0.20051286747377572, 0.23475149257892003, 0.21504520138885344, 0.08496710580802531, 0.1264399720730721, 0.11498334995931753, 0.20773410765870542, 0.08373399085038509, 0.08373399085038509, 0.15560201873924903, 0.07511320986828195, 0.23725092278460672, 0.20189223365861142, 0.2327103912274683, 0.16533640272506364, 0.09465748558087306, 0.23386119636953298, 0.21514143640544747, 0.13225533473567663, 0.18478987273096284, 0.119191095382158, 0.21716047039877784, 0.20432819230397117, 0.18521769791365952, 0.10768223340440523, 0.2191826636824088, 0.1694574810792396, 0.15276495152755767, 0.1578640433426306, 0.15786404334262846, 0.13122542328411876, 0.22653628497678255, 0.06547144034631107, 0.12467518019714431, 0.18083567490680108, 0.12485477148857226, 0.13129576795809264, 0.2136962331089082, 0.13329039298286396, 0.1836441630273403, 0.218656744209993, 0.16552503270286947, 0.14664245407078, 0.12386446998817145, 0.16420280992426406, 0.17701549875926129, 0.19627477839933108, 0.22045852502172913, 0.20883464095718676, 0.20975282836767925, 0.2234715595503541, 0.16247087770741495, 0.14318290456743898, 0.11276112374566964, 0.18387965910370482, 0.1797661053486945, 0.07936012184657294, 0.25061600008475104, 0.1541259348197133, 0.20386074045467784, 0.21134516415376972, 0.23048402208482144, 0.1625116268460405, 0.21326833323579028, 0.10288178655164375, 0.2364261167630134, 0.19176974758441265, 0.21281242423177482, 0.18477536044447793, 0.2076383967809234, 0.12996835951153637, 0.13075913761747948, 0.24429414568594407, 0.07643816017069693, 0.24640145377092681, 0.1299989918516183, 0.16047087000186044, 0.14915899539099378, 0.20045821767199046, 0.24332953513791927, 0.23954047735291786, 0.19705523338207112, 0.17523745129724663, 0.20687102179076233, 0.21450939270381816, 0.22587555345021174, 0.10386558657201099, 0.18726951813714846, 0.2296171851009702, 0.23116776472859735, 0.13176153297220056, 0.1256375171193355, 0.1568505624371284, 0.13225592439714226, 0.1806029564683064, 0.18786440718506403, 0.1958177355478852, 0.1654262557422487, 0.20316041064373327, 0.1587483411590125], "avg_pos_deviation": 0.17101604433493697, "pos_deviation_std_dev": 0.0429666569045977, "sum_rot_deviation": 262.8160299233963,